filename,label
conv_15228_label0.mp3,0
conv_08367_label1.mp3,1
conv_08318_label1.mp3,1
conv_18720_label1.mp3,1
conv_02139_label1.mp3,1
conv_19875_label1.mp3,1
conv_11363_label0.mp3,0
conv_18308_label1.mp3,1
conv_14467_label0.mp3,0
conv_06066_label1.mp3,1
conv_12298_label0.mp3,0
conv_05829_label1.mp3,1
conv_01663_label0.mp3,0
conv_08291_label0.mp3,0
conv_13631_label1.mp3,1
conv_02938_label0.mp3,0
conv_05517_label0.mp3,0
conv_08447_label1.mp3,1
conv_17509_label1.mp3,1
conv_17784_label1.mp3,1
conv_00268_label1.mp3,1
conv_11356_label1.mp3,1
conv_17387_label0.mp3,0
conv_00368_label1.mp3,1
conv_17390_label1.mp3,1
conv_02543_label1.mp3,1
conv_16002_label0.mp3,0
conv_17212_label0.mp3,0
conv_11960_label0.mp3,0
conv_02241_label0.mp3,0
conv_16209_label0.mp3,0
conv_19780_label0.mp3,0
conv_06065_label0.mp3,0
conv_12521_label0.mp3,0
conv_04367_label0.mp3,0
conv_02601_label0.mp3,0
conv_11397_label0.mp3,0
conv_00086_label0.mp3,0
conv_06912_label1.mp3,1
conv_05193_label1.mp3,1
conv_08387_label0.mp3,0
conv_03406_label1.mp3,1
conv_06247_label1.mp3,1
conv_00131_label1.mp3,1
conv_00470_label0.mp3,0
conv_06234_label0.mp3,0
conv_17812_label0.mp3,0
conv_11060_label1.mp3,1
conv_10733_label0.mp3,0
conv_05408_label1.mp3,1
conv_15681_label1.mp3,1
conv_10786_label1.mp3,1
conv_03245_label0.mp3,0
conv_11693_label0.mp3,0
conv_06120_label0.mp3,0
conv_09997_label1.mp3,1
conv_13769_label1.mp3,1
conv_10249_label0.mp3,0
conv_17970_label0.mp3,0
conv_08535_label1.mp3,1
conv_17109_label1.mp3,1
conv_12105_label0.mp3,0
conv_16807_label0.mp3,0
conv_01236_label1.mp3,1
conv_01203_label1.mp3,1
conv_02534_label1.mp3,1
conv_17993_label1.mp3,1
conv_17185_label0.mp3,0
conv_06361_label0.mp3,0
conv_14526_label1.mp3,1
conv_20668_label0.mp3,0
conv_16736_label1.mp3,1
conv_12381_label0.mp3,0
conv_17328_label1.mp3,1
conv_09556_label0.mp3,0
conv_08234_label0.mp3,0
conv_14446_label0.mp3,0
conv_20213_label1.mp3,1
conv_08347_label0.mp3,0
conv_08898_label1.mp3,1
conv_07594_label1.mp3,1
conv_15269_label0.mp3,0
conv_13099_label1.mp3,1
conv_16562_label1.mp3,1
conv_12429_label0.mp3,0
conv_08568_label0.mp3,0
conv_16538_label1.mp3,1
conv_18768_label1.mp3,1
conv_02981_label1.mp3,1
conv_19029_label0.mp3,0
conv_13747_label1.mp3,1
conv_04027_label0.mp3,0
conv_03096_label0.mp3,0
conv_00935_label0.mp3,0
conv_12610_label0.mp3,0
conv_05216_label0.mp3,0
conv_15635_label1.mp3,1
conv_08693_label0.mp3,0
conv_05131_label1.mp3,1
conv_00604_label0.mp3,0
conv_00065_label0.mp3,0
conv_10044_label0.mp3,0
conv_17523_label1.mp3,1
conv_10612_label1.mp3,1
conv_16806_label1.mp3,1
conv_01374_label1.mp3,1
conv_10483_label1.mp3,1
conv_05429_label0.mp3,0
conv_15973_label1.mp3,1
conv_18623_label0.mp3,0
conv_19025_label1.mp3,1
conv_04738_label1.mp3,1
conv_20134_label0.mp3,0
conv_09662_label1.mp3,1
conv_16116_label1.mp3,1
conv_20835_label0.mp3,0
conv_10704_label1.mp3,1
conv_09940_label1.mp3,1
conv_14584_label1.mp3,1
conv_04168_label1.mp3,1
conv_02113_label1.mp3,1
conv_06720_label0.mp3,0
conv_06932_label1.mp3,1
conv_07482_label0.mp3,0
conv_04667_label1.mp3,1
conv_18295_label0.mp3,0
conv_20735_label1.mp3,1
conv_09294_label1.mp3,1
conv_12227_label0.mp3,0
conv_09102_label1.mp3,1
conv_19164_label1.mp3,1
conv_01128_label0.mp3,0
conv_02014_label1.mp3,1
conv_06683_label0.mp3,0
conv_05684_label1.mp3,1
conv_04037_label0.mp3,0
conv_07955_label0.mp3,0
conv_04154_label0.mp3,0
conv_10049_label1.mp3,1
conv_11298_label0.mp3,0
conv_06142_label0.mp3,0
conv_11605_label1.mp3,1
conv_21189_label0.mp3,0
conv_05841_label1.mp3,1
conv_12203_label0.mp3,0
conv_15899_label0.mp3,0
conv_10040_label0.mp3,0
conv_07775_label1.mp3,1
conv_06000_label0.mp3,0
conv_11983_label1.mp3,1
conv_03104_label1.mp3,1
conv_15200_label0.mp3,0
conv_15080_label1.mp3,1
conv_02291_label0.mp3,0
conv_07316_label1.mp3,1
conv_12491_label0.mp3,0
conv_14535_label0.mp3,0
conv_06168_label0.mp3,0
conv_01089_label1.mp3,1
conv_20446_label0.mp3,0
conv_15483_label1.mp3,1
conv_17020_label0.mp3,0
conv_00541_label1.mp3,1
conv_12726_label1.mp3,1
conv_19641_label0.mp3,0
conv_16029_label1.mp3,1
conv_10810_label1.mp3,1
conv_10434_label0.mp3,0
conv_06971_label1.mp3,1
conv_02916_label1.mp3,1
conv_03923_label1.mp3,1
conv_18769_label1.mp3,1
conv_01362_label0.mp3,0
conv_01904_label0.mp3,0
conv_06311_label1.mp3,1
conv_06716_label1.mp3,1
conv_11205_label0.mp3,0
conv_02976_label1.mp3,1
conv_01962_label1.mp3,1
conv_00742_label1.mp3,1
conv_16837_label0.mp3,0
conv_08358_label1.mp3,1
conv_02956_label0.mp3,0
conv_15458_label1.mp3,1
conv_20586_label1.mp3,1
conv_18770_label0.mp3,0
conv_18777_label1.mp3,1
conv_06008_label1.mp3,1
conv_11982_label0.mp3,0
conv_12915_label0.mp3,0
conv_08240_label1.mp3,1
conv_18549_label1.mp3,1
conv_02961_label0.mp3,0
conv_20091_label0.mp3,0
conv_01265_label1.mp3,1
conv_05053_label1.mp3,1
conv_00809_label0.mp3,0
conv_03506_label1.mp3,1
conv_12430_label1.mp3,1
conv_18075_label1.mp3,1
conv_01646_label1.mp3,1
conv_06691_label0.mp3,0
conv_07449_label1.mp3,1
conv_19295_label1.mp3,1
conv_08350_label1.mp3,1
conv_10252_label1.mp3,1
conv_05757_label0.mp3,0
conv_16086_label0.mp3,0
conv_02986_label0.mp3,0
conv_11855_label1.mp3,1
conv_13822_label1.mp3,1
conv_12212_label1.mp3,1
conv_02769_label0.mp3,0
conv_18079_label1.mp3,1
conv_20009_label1.mp3,1
conv_07218_label1.mp3,1
conv_03929_label1.mp3,1
conv_08301_label0.mp3,0
conv_04278_label1.mp3,1
conv_01901_label1.mp3,1
conv_06181_label0.mp3,0
conv_10994_label1.mp3,1
conv_17852_label0.mp3,0
conv_01069_label1.mp3,1
conv_19176_label1.mp3,1
conv_11108_label1.mp3,1
conv_17017_label1.mp3,1
conv_13738_label1.mp3,1
conv_17874_label0.mp3,0
conv_00404_label0.mp3,0
conv_01659_label1.mp3,1
conv_00152_label0.mp3,0
conv_05397_label1.mp3,1
conv_06524_label1.mp3,1
conv_20077_label1.mp3,1
conv_11022_label1.mp3,1
conv_07294_label1.mp3,1
conv_05086_label0.mp3,0
conv_18788_label1.mp3,1
conv_16825_label1.mp3,1
conv_07472_label0.mp3,0
conv_05171_label1.mp3,1
conv_16901_label1.mp3,1
conv_13092_label0.mp3,0
conv_05459_label0.mp3,0
conv_05578_label1.mp3,1
conv_14518_label0.mp3,0
conv_08743_label0.mp3,0
conv_16150_label0.mp3,0
conv_05127_label0.mp3,0
conv_08055_label1.mp3,1
conv_17665_label0.mp3,0
conv_19518_label1.mp3,1
conv_04469_label0.mp3,0
conv_03850_label1.mp3,1
conv_04831_label1.mp3,1
conv_08409_label0.mp3,0
conv_04915_label1.mp3,1
conv_10488_label1.mp3,1
conv_11797_label0.mp3,0
conv_01965_label0.mp3,0
conv_02417_label0.mp3,0
conv_02838_label1.mp3,1
conv_08396_label0.mp3,0
conv_12447_label1.mp3,1
conv_05779_label0.mp3,0
conv_20779_label0.mp3,0
conv_16943_label0.mp3,0
conv_03457_label0.mp3,0
conv_17682_label1.mp3,1
conv_01472_label1.mp3,1
conv_10428_label0.mp3,0
conv_17733_label1.mp3,1
conv_20244_label0.mp3,0
conv_05215_label1.mp3,1
conv_07558_label0.mp3,0
conv_16570_label0.mp3,0
conv_10530_label1.mp3,1
conv_00835_label0.mp3,0
conv_02269_label0.mp3,0
conv_15347_label1.mp3,1
conv_11117_label1.mp3,1
conv_11789_label0.mp3,0
conv_18773_label1.mp3,1
conv_15514_label0.mp3,0
conv_06931_label0.mp3,0
conv_12946_label1.mp3,1
conv_14087_label1.mp3,1
conv_10981_label0.mp3,0
conv_14166_label1.mp3,1
conv_15313_label1.mp3,1
conv_07833_label1.mp3,1
conv_17438_label1.mp3,1
conv_13993_label0.mp3,0
conv_07187_label0.mp3,0
conv_06252_label1.mp3,1
conv_03666_label1.mp3,1
conv_15532_label0.mp3,0
conv_16296_label1.mp3,1
conv_03771_label0.mp3,0
conv_17466_label0.mp3,0
conv_04502_label1.mp3,1
conv_00521_label0.mp3,0
conv_09443_label1.mp3,1
conv_01458_label0.mp3,0
conv_12939_label1.mp3,1
conv_20785_label1.mp3,1
conv_06018_label0.mp3,0
conv_08838_label1.mp3,1
conv_02532_label1.mp3,1
conv_19527_label1.mp3,1
conv_12742_label1.mp3,1
conv_17162_label1.mp3,1
conv_21349_label0.mp3,0
conv_12124_label1.mp3,1
conv_01004_label0.mp3,0
conv_05975_label0.mp3,0
conv_09979_label0.mp3,0
conv_12593_label1.mp3,1
conv_10845_label1.mp3,1
conv_09567_label1.mp3,1
conv_04710_label0.mp3,0
conv_19063_label1.mp3,1
conv_20049_label1.mp3,1
conv_02539_label0.mp3,0
conv_14444_label0.mp3,0
conv_05421_label1.mp3,1
conv_17164_label0.mp3,0
conv_09920_label1.mp3,1
conv_08537_label1.mp3,1
conv_06058_label0.mp3,0
conv_11109_label1.mp3,1
conv_05098_label0.mp3,0
conv_14990_label1.mp3,1
conv_15345_label1.mp3,1
conv_16181_label1.mp3,1
conv_01318_label1.mp3,1
conv_19732_label0.mp3,0
conv_16976_label1.mp3,1
conv_05144_label0.mp3,0
conv_10795_label0.mp3,0
conv_02556_label1.mp3,1
conv_10572_label1.mp3,1
conv_17658_label0.mp3,0
conv_19826_label0.mp3,0
conv_05126_label1.mp3,1
conv_12595_label1.mp3,1
conv_15879_label1.mp3,1
conv_12743_label0.mp3,0
conv_06386_label0.mp3,0
conv_08752_label1.mp3,1
conv_16788_label1.mp3,1
conv_10070_label1.mp3,1
conv_08490_label0.mp3,0
conv_07802_label0.mp3,0
conv_00973_label0.mp3,0
conv_05063_label1.mp3,1
conv_16006_label1.mp3,1
conv_07134_label1.mp3,1
conv_19909_label0.mp3,0
conv_14076_label0.mp3,0
conv_10711_label0.mp3,0
conv_18228_label0.mp3,0
conv_00098_label0.mp3,0
conv_04775_label1.mp3,1
conv_15196_label1.mp3,1
conv_07588_label0.mp3,0
conv_01392_label0.mp3,0
conv_03259_label1.mp3,1
conv_02114_label1.mp3,1
conv_13722_label1.mp3,1
conv_13222_label0.mp3,0
conv_09691_label1.mp3,1
conv_19613_label1.mp3,1
conv_19551_label0.mp3,0
conv_14260_label0.mp3,0
conv_15204_label1.mp3,1
conv_15705_label0.mp3,0
conv_17854_label0.mp3,0
conv_11730_label0.mp3,0
conv_10852_label1.mp3,1
conv_20788_label1.mp3,1
conv_13464_label0.mp3,0
conv_12422_label1.mp3,1
conv_18123_label1.mp3,1
conv_13131_label1.mp3,1
conv_14133_label1.mp3,1
conv_07910_label0.mp3,0
conv_12102_label1.mp3,1
conv_09533_label0.mp3,0
conv_14530_label0.mp3,0
conv_00221_label0.mp3,0
conv_03943_label0.mp3,0
conv_13549_label1.mp3,1
conv_14334_label0.mp3,0
conv_10147_label0.mp3,0
conv_20470_label1.mp3,1
conv_20703_label1.mp3,1
conv_03902_label1.mp3,1
conv_20733_label1.mp3,1
conv_12045_label0.mp3,0
conv_12134_label1.mp3,1
conv_02458_label0.mp3,0
conv_18323_label0.mp3,0
conv_02655_label0.mp3,0
conv_00841_label1.mp3,1
conv_12746_label1.mp3,1
conv_20413_label1.mp3,1
conv_05579_label0.mp3,0
conv_01719_label0.mp3,0
conv_01005_label0.mp3,0
conv_05710_label1.mp3,1
conv_07883_label1.mp3,1
conv_07372_label0.mp3,0
conv_12297_label1.mp3,1
conv_19638_label1.mp3,1
conv_07645_label1.mp3,1
conv_08849_label0.mp3,0
conv_08287_label1.mp3,1
conv_06136_label0.mp3,0
conv_12446_label1.mp3,1
conv_14192_label0.mp3,0
conv_03260_label1.mp3,1
conv_01327_label0.mp3,0
conv_07793_label0.mp3,0
conv_11881_label0.mp3,0
conv_11183_label0.mp3,0
conv_04555_label1.mp3,1
conv_15645_label1.mp3,1
conv_11951_label0.mp3,0
conv_12637_label0.mp3,0
conv_00176_label0.mp3,0
conv_17929_label1.mp3,1
conv_08715_label0.mp3,0
conv_20303_label1.mp3,1
conv_08248_label0.mp3,0
conv_19175_label1.mp3,1
conv_19591_label1.mp3,1
conv_05520_label0.mp3,0
conv_07648_label1.mp3,1
conv_02972_label1.mp3,1
conv_20382_label1.mp3,1
conv_10880_label1.mp3,1
conv_08400_label1.mp3,1
conv_09201_label1.mp3,1
conv_01441_label0.mp3,0
conv_20480_label1.mp3,1
conv_16031_label0.mp3,0
conv_20916_label1.mp3,1
conv_01191_label0.mp3,0
conv_03176_label0.mp3,0
conv_09577_label1.mp3,1
conv_01992_label1.mp3,1
conv_08722_label1.mp3,1
conv_01245_label0.mp3,0
conv_13911_label1.mp3,1
conv_18639_label0.mp3,0
conv_02002_label0.mp3,0
conv_04145_label0.mp3,0
conv_19324_label1.mp3,1
conv_05356_label1.mp3,1
conv_09930_label1.mp3,1
conv_09401_label0.mp3,0
conv_18078_label1.mp3,1
conv_20451_label0.mp3,0
conv_10396_label0.mp3,0
conv_13353_label0.mp3,0
conv_18739_label1.mp3,1
conv_10083_label1.mp3,1
conv_19766_label0.mp3,0
conv_02378_label0.mp3,0
conv_07913_label1.mp3,1
conv_15994_label1.mp3,1
conv_07917_label0.mp3,0
conv_01363_label1.mp3,1
conv_20614_label1.mp3,1
conv_16206_label1.mp3,1
conv_04876_label0.mp3,0
conv_14322_label0.mp3,0
conv_05235_label0.mp3,0
conv_17138_label0.mp3,0
conv_00256_label0.mp3,0
conv_00489_label1.mp3,1
conv_11815_label1.mp3,1
conv_02329_label0.mp3,0
conv_03416_label0.mp3,0
conv_16599_label1.mp3,1
conv_10099_label0.mp3,0
conv_19057_label0.mp3,0
conv_08386_label0.mp3,0
conv_15141_label0.mp3,0
conv_05780_label1.mp3,1
conv_20920_label0.mp3,0
conv_03828_label1.mp3,1
conv_08916_label1.mp3,1
conv_09380_label1.mp3,1
conv_20249_label1.mp3,1
conv_15684_label1.mp3,1
conv_07117_label0.mp3,0
conv_09120_label0.mp3,0
conv_16371_label1.mp3,1
conv_02673_label0.mp3,0
conv_20839_label1.mp3,1
conv_04813_label0.mp3,0
conv_07421_label0.mp3,0
conv_09651_label1.mp3,1
conv_03888_label0.mp3,0
conv_19866_label0.mp3,0
conv_11218_label0.mp3,0
conv_08513_label1.mp3,1
conv_20051_label1.mp3,1
conv_09433_label1.mp3,1
conv_12108_label1.mp3,1
conv_15926_label1.mp3,1
conv_07995_label1.mp3,1
conv_20884_label1.mp3,1
conv_19545_label1.mp3,1
conv_06806_label0.mp3,0
conv_09538_label0.mp3,0
conv_20114_label1.mp3,1
conv_10784_label1.mp3,1
conv_03912_label0.mp3,0
conv_15758_label0.mp3,0
conv_05452_label1.mp3,1
conv_05043_label0.mp3,0
conv_14093_label1.mp3,1
conv_15056_label0.mp3,0
conv_06654_label1.mp3,1
conv_09916_label0.mp3,0
conv_03852_label0.mp3,0
conv_12000_label0.mp3,0
conv_17504_label1.mp3,1
conv_00275_label0.mp3,0
conv_05739_label1.mp3,1
conv_11355_label0.mp3,0
conv_19210_label1.mp3,1
conv_00018_label1.mp3,1
conv_16868_label0.mp3,0
conv_15992_label0.mp3,0
conv_07163_label0.mp3,0
conv_13621_label0.mp3,0
conv_12880_label0.mp3,0
conv_07018_label1.mp3,1
conv_12307_label0.mp3,0
conv_07301_label0.mp3,0
conv_12912_label0.mp3,0
conv_07021_label1.mp3,1
conv_08007_label0.mp3,0
conv_05899_label1.mp3,1
conv_05376_label0.mp3,0
conv_08799_label1.mp3,1
conv_06649_label0.mp3,0
conv_13264_label0.mp3,0
conv_10023_label0.mp3,0
conv_14372_label1.mp3,1
conv_15515_label1.mp3,1
conv_21264_label1.mp3,1
conv_17243_label1.mp3,1
conv_09836_label0.mp3,0
conv_19438_label0.mp3,0
conv_01333_label1.mp3,1
conv_18941_label1.mp3,1
conv_13166_label1.mp3,1
conv_13164_label1.mp3,1
conv_17474_label1.mp3,1
conv_07340_label0.mp3,0
conv_00558_label0.mp3,0
conv_04157_label0.mp3,0
conv_20356_label1.mp3,1
conv_07585_label0.mp3,0
conv_18404_label1.mp3,1
conv_14287_label0.mp3,0
conv_00382_label1.mp3,1
conv_01012_label1.mp3,1
conv_16839_label1.mp3,1
conv_08960_label1.mp3,1
conv_08498_label0.mp3,0
conv_15946_label1.mp3,1
conv_11965_label0.mp3,0
conv_05184_label0.mp3,0
conv_20714_label0.mp3,0
conv_06005_label0.mp3,0
conv_05288_label0.mp3,0
conv_05320_label0.mp3,0
conv_08159_label0.mp3,0
conv_00881_label1.mp3,1
conv_00842_label0.mp3,0
conv_10347_label0.mp3,0
conv_09897_label0.mp3,0
conv_09891_label0.mp3,0
conv_02111_label1.mp3,1
conv_14173_label1.mp3,1
conv_07000_label1.mp3,1
conv_17163_label0.mp3,0
conv_03677_label0.mp3,0
conv_02663_label1.mp3,1
conv_04981_label1.mp3,1
conv_12288_label1.mp3,1
conv_01857_label1.mp3,1
conv_06041_label1.mp3,1
conv_02240_label0.mp3,0
conv_06165_label1.mp3,1
conv_07904_label0.mp3,0
conv_11123_label0.mp3,0
conv_07781_label1.mp3,1
conv_08676_label0.mp3,0
conv_04140_label0.mp3,0
conv_10906_label1.mp3,1
conv_16397_label1.mp3,1
conv_21261_label0.mp3,0
conv_17748_label1.mp3,1
conv_18020_label1.mp3,1
conv_03661_label0.mp3,0
conv_04857_label1.mp3,1
conv_00545_label1.mp3,1
conv_04281_label0.mp3,0
conv_18089_label0.mp3,0
conv_11607_label0.mp3,0
conv_18743_label0.mp3,0
conv_09742_label0.mp3,0
conv_04448_label1.mp3,1
conv_14414_label1.mp3,1
conv_11313_label0.mp3,0
conv_05101_label0.mp3,0
conv_01531_label1.mp3,1
conv_13665_label0.mp3,0
conv_13380_label1.mp3,1
conv_11462_label0.mp3,0
conv_03700_label1.mp3,1
conv_04624_label1.mp3,1
conv_06633_label1.mp3,1
conv_21122_label0.mp3,0
conv_10451_label0.mp3,0
conv_07969_label0.mp3,0
conv_06054_label1.mp3,1
conv_04383_label1.mp3,1
conv_09069_label1.mp3,1
conv_11445_label0.mp3,0
conv_14692_label1.mp3,1
conv_05700_label1.mp3,1
conv_01029_label0.mp3,0
conv_03425_label0.mp3,0
conv_13144_label0.mp3,0
conv_01410_label0.mp3,0
conv_14698_label1.mp3,1
conv_08651_label0.mp3,0
conv_02453_label1.mp3,1
conv_17495_label1.mp3,1
conv_18817_label0.mp3,0
conv_20281_label0.mp3,0
conv_05891_label1.mp3,1
conv_10187_label1.mp3,1
conv_05668_label1.mp3,1
conv_20505_label0.mp3,0
conv_16715_label0.mp3,0
conv_00240_label1.mp3,1
conv_15832_label1.mp3,1
conv_06035_label0.mp3,0
conv_15177_label1.mp3,1
conv_18709_label1.mp3,1
conv_17769_label0.mp3,0
conv_07248_label1.mp3,1
conv_02802_label0.mp3,0
conv_06082_label0.mp3,0
conv_05260_label0.mp3,0
conv_04133_label1.mp3,1
conv_13998_label0.mp3,0
conv_19508_label0.mp3,0
conv_14815_label0.mp3,0
conv_10301_label1.mp3,1
conv_19482_label1.mp3,1
conv_08582_label0.mp3,0
conv_03229_label0.mp3,0
conv_09011_label1.mp3,1
conv_19070_label1.mp3,1
conv_16088_label0.mp3,0
conv_18181_label1.mp3,1
conv_02752_label1.mp3,1
conv_18857_label1.mp3,1
conv_12136_label1.mp3,1
conv_00845_label1.mp3,1
conv_09271_label1.mp3,1
conv_08679_label0.mp3,0
conv_20289_label1.mp3,1
conv_06733_label1.mp3,1
conv_00051_label0.mp3,0
conv_09719_label1.mp3,1
conv_14932_label0.mp3,0
conv_01470_label0.mp3,0
conv_17526_label1.mp3,1
conv_08369_label1.mp3,1
conv_12057_label0.mp3,0
conv_10062_label0.mp3,0
conv_03935_label0.mp3,0
conv_00315_label1.mp3,1
conv_14001_label1.mp3,1
conv_00043_label1.mp3,1
conv_08384_label1.mp3,1
conv_15759_label1.mp3,1
conv_18797_label0.mp3,0
conv_12119_label1.mp3,1
conv_01929_label0.mp3,0
conv_11099_label0.mp3,0
conv_14141_label1.mp3,1
conv_13244_label0.mp3,0
conv_04428_label0.mp3,0
conv_17124_label0.mp3,0
conv_09242_label0.mp3,0
conv_02343_label0.mp3,0
conv_01852_label0.mp3,0
conv_12722_label0.mp3,0
conv_19421_label1.mp3,1
conv_11243_label0.mp3,0
conv_20781_label0.mp3,0
conv_11641_label0.mp3,0
conv_19240_label1.mp3,1
conv_17757_label1.mp3,1
conv_11946_label0.mp3,0
conv_19374_label0.mp3,0
conv_06148_label1.mp3,1
conv_10577_label1.mp3,1
conv_18763_label1.mp3,1
conv_19132_label0.mp3,0
conv_07681_label0.mp3,0
conv_07006_label0.mp3,0
conv_08231_label0.mp3,0
conv_11699_label0.mp3,0
conv_08551_label0.mp3,0
conv_09358_label0.mp3,0
conv_08886_label0.mp3,0
conv_19631_label0.mp3,0
conv_06643_label0.mp3,0
conv_06974_label0.mp3,0
conv_21083_label0.mp3,0
conv_15548_label1.mp3,1
conv_12321_label1.mp3,1
conv_10901_label1.mp3,1
conv_12543_label0.mp3,0
conv_18569_label0.mp3,0
conv_18618_label1.mp3,1
conv_20909_label0.mp3,0
conv_11614_label1.mp3,1
conv_09881_label1.mp3,1
conv_19331_label1.mp3,1
conv_14832_label0.mp3,0
conv_04116_label0.mp3,0
conv_00848_label1.mp3,1
conv_10980_label0.mp3,0
conv_08638_label1.mp3,1
conv_14896_label0.mp3,0
conv_11869_label1.mp3,1
conv_20328_label1.mp3,1
conv_18875_label0.mp3,0
conv_07435_label1.mp3,1
conv_13019_label0.mp3,0
conv_10029_label0.mp3,0
conv_09321_label1.mp3,1
conv_11791_label0.mp3,0
conv_01578_label0.mp3,0
conv_10527_label0.mp3,0
conv_01295_label1.mp3,1
conv_15480_label0.mp3,0
conv_20591_label1.mp3,1
conv_08732_label0.mp3,0
conv_02648_label0.mp3,0
conv_09272_label0.mp3,0
conv_20459_label0.mp3,0
conv_13973_label0.mp3,0
conv_04581_label0.mp3,0
conv_08209_label0.mp3,0
conv_14453_label1.mp3,1
conv_18745_label0.mp3,0
conv_11941_label1.mp3,1
conv_00174_label1.mp3,1
conv_07659_label1.mp3,1
conv_07254_label0.mp3,0
conv_05147_label1.mp3,1
conv_17824_label1.mp3,1
conv_07751_label0.mp3,0
conv_06952_label0.mp3,0
conv_01368_label0.mp3,0
conv_02192_label0.mp3,0
conv_10918_label1.mp3,1
conv_14172_label0.mp3,0
conv_06887_label1.mp3,1
conv_00540_label0.mp3,0
conv_13320_label1.mp3,1
conv_19044_label0.mp3,0
conv_10842_label1.mp3,1
conv_03284_label1.mp3,1
conv_14474_label0.mp3,0
conv_10936_label1.mp3,1
conv_00775_label1.mp3,1
conv_04881_label0.mp3,0
conv_02237_label1.mp3,1
conv_07971_label0.mp3,0
conv_20182_label0.mp3,0
conv_19059_label0.mp3,0
conv_17966_label0.mp3,0
conv_11342_label1.mp3,1
conv_09361_label0.mp3,0
conv_09526_label1.mp3,1
conv_09215_label1.mp3,1
conv_17912_label1.mp3,1
conv_09981_label0.mp3,0
conv_10116_label1.mp3,1
conv_13748_label0.mp3,0
conv_16138_label1.mp3,1
conv_13683_label1.mp3,1
conv_10107_label0.mp3,0
conv_08706_label0.mp3,0
conv_00598_label1.mp3,1
conv_02157_label0.mp3,0
conv_12876_label0.mp3,0
conv_04681_label1.mp3,1
conv_08044_label1.mp3,1
conv_13289_label0.mp3,0
conv_08293_label1.mp3,1
conv_18489_label1.mp3,1
conv_03293_label0.mp3,0
conv_15018_label0.mp3,0
conv_09823_label0.mp3,0
conv_14039_label1.mp3,1
conv_11760_label0.mp3,0
conv_18671_label1.mp3,1
conv_05113_label0.mp3,0
conv_17141_label1.mp3,1
conv_00196_label1.mp3,1
conv_09181_label0.mp3,0
conv_04869_label0.mp3,0
conv_15913_label1.mp3,1
conv_20394_label1.mp3,1
conv_10356_label0.mp3,0
conv_18534_label1.mp3,1
conv_19742_label1.mp3,1
conv_01743_label0.mp3,0
conv_18512_label0.mp3,0
conv_06371_label0.mp3,0
conv_18459_label1.mp3,1
conv_03000_label1.mp3,1
conv_18163_label1.mp3,1
conv_14077_label0.mp3,0
conv_10525_label1.mp3,1
conv_09549_label1.mp3,1
conv_12969_label1.mp3,1
conv_02795_label0.mp3,0
conv_08524_label0.mp3,0
conv_06463_label1.mp3,1
conv_16230_label1.mp3,1
conv_16048_label0.mp3,0
conv_15150_label1.mp3,1
conv_02841_label0.mp3,0
conv_17482_label0.mp3,0
conv_12064_label1.mp3,1
conv_05372_label0.mp3,0
conv_00823_label1.mp3,1
conv_16385_label0.mp3,0
conv_09003_label1.mp3,1
conv_18235_label1.mp3,1
conv_12729_label1.mp3,1
conv_12071_label1.mp3,1
conv_19884_label1.mp3,1
conv_13834_label1.mp3,1
conv_13734_label1.mp3,1
conv_01789_label1.mp3,1
conv_05823_label1.mp3,1
conv_11102_label1.mp3,1
conv_19729_label0.mp3,0
conv_08982_label1.mp3,1
conv_05738_label1.mp3,1
conv_09393_label1.mp3,1
conv_14886_label1.mp3,1
conv_14532_label1.mp3,1
conv_20815_label0.mp3,0
conv_06227_label0.mp3,0
conv_10812_label0.mp3,0
conv_09588_label1.mp3,1
conv_06075_label0.mp3,0
conv_18161_label1.mp3,1
conv_00282_label1.mp3,1
conv_05775_label1.mp3,1
conv_03412_label1.mp3,1
conv_12687_label1.mp3,1
conv_08547_label0.mp3,0
conv_18278_label1.mp3,1
conv_18806_label1.mp3,1
conv_06882_label1.mp3,1
conv_11714_label1.mp3,1
conv_04167_label0.mp3,0
conv_13370_label1.mp3,1
conv_01498_label0.mp3,0
conv_18067_label0.mp3,0
conv_18109_label1.mp3,1
conv_01822_label1.mp3,1
conv_04908_label0.mp3,0
conv_00890_label1.mp3,1
conv_21260_label0.mp3,0
conv_13528_label0.mp3,0
conv_08050_label1.mp3,1
conv_03484_label1.mp3,1
conv_10085_label0.mp3,0
conv_04746_label0.mp3,0
conv_14716_label1.mp3,1
conv_00360_label1.mp3,1
conv_14717_label1.mp3,1
conv_01573_label0.mp3,0
conv_03977_label1.mp3,1
conv_02978_label1.mp3,1
conv_18320_label1.mp3,1
conv_17050_label0.mp3,0
conv_16014_label1.mp3,1
conv_06827_label0.mp3,0
conv_06802_label0.mp3,0
conv_08275_label1.mp3,1
conv_15884_label0.mp3,0
conv_17383_label0.mp3,0
conv_06379_label1.mp3,1
conv_06032_label1.mp3,1
conv_14608_label0.mp3,0
conv_05621_label0.mp3,0
conv_21117_label0.mp3,0
conv_04044_label1.mp3,1
conv_01887_label0.mp3,0
conv_11152_label1.mp3,1
conv_12874_label0.mp3,0
conv_10313_label0.mp3,0
conv_08504_label0.mp3,0
conv_05675_label1.mp3,1
conv_16642_label0.mp3,0
conv_02016_label1.mp3,1
conv_20020_label0.mp3,0
conv_18681_label1.mp3,1
conv_10802_label1.mp3,1
conv_12823_label1.mp3,1
conv_10719_label0.mp3,0
conv_05523_label1.mp3,1
conv_01420_label0.mp3,0
conv_15267_label1.mp3,1
conv_01047_label0.mp3,0
conv_04163_label1.mp3,1
conv_09950_label0.mp3,0
conv_14072_label1.mp3,1
conv_01136_label0.mp3,0
conv_13232_label0.mp3,0
conv_09249_label0.mp3,0
conv_19950_label0.mp3,0
conv_08452_label0.mp3,0
conv_13011_label1.mp3,1
conv_19517_label0.mp3,0
conv_03312_label1.mp3,1
conv_18845_label1.mp3,1
conv_19619_label0.mp3,0
conv_01923_label0.mp3,0
conv_07710_label0.mp3,0
conv_08953_label0.mp3,0
conv_17033_label1.mp3,1
conv_18648_label1.mp3,1
conv_05265_label1.mp3,1
conv_11383_label1.mp3,1
conv_20584_label0.mp3,0
conv_03146_label0.mp3,0
conv_13944_label1.mp3,1
conv_11924_label0.mp3,0
conv_12475_label1.mp3,1
conv_03145_label1.mp3,1
conv_08076_label1.mp3,1
conv_03032_label1.mp3,1
conv_18292_label0.mp3,0
conv_06171_label0.mp3,0
conv_20458_label0.mp3,0
conv_00658_label1.mp3,1
conv_20977_label1.mp3,1
conv_00243_label0.mp3,0
conv_10865_label1.mp3,1
conv_12797_label0.mp3,0
conv_14317_label1.mp3,1
conv_14340_label1.mp3,1
conv_04481_label1.mp3,1
conv_08987_label0.mp3,0
conv_05742_label0.mp3,0
conv_14126_label0.mp3,0
conv_06385_label0.mp3,0
conv_05449_label1.mp3,1
conv_00668_label0.mp3,0
conv_18545_label1.mp3,1
conv_04639_label0.mp3,0
conv_12027_label1.mp3,1
conv_12479_label1.mp3,1
conv_04452_label1.mp3,1
conv_03162_label1.mp3,1
conv_07668_label1.mp3,1
conv_02549_label1.mp3,1
conv_10154_label0.mp3,0
conv_15779_label1.mp3,1
conv_10218_label0.mp3,0
conv_10799_label1.mp3,1
conv_11878_label1.mp3,1
conv_02910_label0.mp3,0
conv_09212_label1.mp3,1
conv_11995_label0.mp3,0
conv_20535_label1.mp3,1
conv_14482_label0.mp3,0
conv_20663_label0.mp3,0
conv_07549_label0.mp3,0
conv_10109_label0.mp3,0
conv_02702_label1.mp3,1
conv_20440_label0.mp3,0
conv_05707_label1.mp3,1
conv_08876_label1.mp3,1
conv_00998_label0.mp3,0
conv_14826_label0.mp3,0
conv_08745_label1.mp3,1
conv_03689_label1.mp3,1
conv_07223_label1.mp3,1
conv_07817_label1.mp3,1
conv_10453_label1.mp3,1
conv_05005_label1.mp3,1
conv_18862_label0.mp3,0
conv_16779_label0.mp3,0
conv_19279_label1.mp3,1
conv_01549_label0.mp3,0
conv_02275_label1.mp3,1
conv_02058_label1.mp3,1
conv_16866_label1.mp3,1
conv_16302_label1.mp3,1
conv_01153_label0.mp3,0
conv_03793_label0.mp3,0
conv_01296_label1.mp3,1
conv_10080_label1.mp3,1
conv_09547_label0.mp3,0
conv_05880_label0.mp3,0
conv_14512_label0.mp3,0
conv_13775_label1.mp3,1
conv_01633_label1.mp3,1
conv_05188_label0.mp3,0
conv_10885_label1.mp3,1
conv_12930_label0.mp3,0
conv_16146_label0.mp3,0
conv_14012_label0.mp3,0
conv_20651_label1.mp3,1
conv_15511_label0.mp3,0
conv_02806_label0.mp3,0
conv_11873_label0.mp3,0
conv_17759_label1.mp3,1
conv_08018_label1.mp3,1
conv_13825_label1.mp3,1
conv_02985_label0.mp3,0
conv_04914_label1.mp3,1
conv_13526_label1.mp3,1
conv_09185_label0.mp3,0
conv_09551_label0.mp3,0
conv_02835_label1.mp3,1
conv_09580_label1.mp3,1
conv_17253_label1.mp3,1
conv_00155_label1.mp3,1
conv_02315_label1.mp3,1
conv_07388_label0.mp3,0
conv_20502_label0.mp3,0
conv_07667_label0.mp3,0
conv_01898_label0.mp3,0
conv_08884_label1.mp3,1
conv_09595_label0.mp3,0
conv_04150_label1.mp3,1
conv_14705_label0.mp3,0
conv_12034_label0.mp3,0
conv_16098_label0.mp3,0
conv_14176_label1.mp3,1
conv_02222_label1.mp3,1
conv_01304_label0.mp3,0
conv_10871_label0.mp3,0
conv_18931_label0.mp3,0
conv_11745_label0.mp3,0
conv_13451_label0.mp3,0
conv_00292_label1.mp3,1
conv_02793_label1.mp3,1
conv_13440_label0.mp3,0
conv_06012_label0.mp3,0
conv_08622_label0.mp3,0
conv_02026_label1.mp3,1
conv_16231_label0.mp3,0
conv_13816_label0.mp3,0
conv_03281_label0.mp3,0
conv_05896_label1.mp3,1
conv_07447_label1.mp3,1
conv_14795_label1.mp3,1
conv_11825_label1.mp3,1
conv_12026_label0.mp3,0
conv_18402_label0.mp3,0
conv_16829_label1.mp3,1
conv_14250_label1.mp3,1
conv_03327_label1.mp3,1
conv_04437_label0.mp3,0
conv_19570_label1.mp3,1
conv_00396_label0.mp3,0
conv_10130_label1.mp3,1
conv_15111_label0.mp3,0
conv_16583_label1.mp3,1
conv_00357_label0.mp3,0
conv_07829_label0.mp3,0
conv_05669_label0.mp3,0
conv_20842_label1.mp3,1
conv_20802_label0.mp3,0
conv_08569_label0.mp3,0
conv_05507_label1.mp3,1
conv_20499_label0.mp3,0
conv_21105_label1.mp3,1
conv_15067_label1.mp3,1
conv_03577_label0.mp3,0
conv_08699_label1.mp3,1
conv_18082_label1.mp3,1
conv_12206_label0.mp3,0
conv_09603_label0.mp3,0
conv_10694_label0.mp3,0
conv_08923_label0.mp3,0
conv_20716_label0.mp3,0
conv_20911_label0.mp3,0
conv_00422_label1.mp3,1
conv_14174_label0.mp3,0
conv_07239_label1.mp3,1
conv_20880_label0.mp3,0
conv_00090_label0.mp3,0
conv_20998_label1.mp3,1
conv_10175_label1.mp3,1
conv_05979_label1.mp3,1
conv_02943_label1.mp3,1
conv_09530_label1.mp3,1
conv_09276_label1.mp3,1
conv_21176_label0.mp3,0
conv_10277_label1.mp3,1
conv_01998_label1.mp3,1
conv_01752_label0.mp3,0
conv_12473_label0.mp3,0
conv_11979_label1.mp3,1
conv_01674_label1.mp3,1
conv_13324_label0.mp3,0
conv_01226_label0.mp3,0
conv_03424_label1.mp3,1
conv_15985_label0.mp3,0
conv_00339_label1.mp3,1
conv_08519_label0.mp3,0
conv_05633_label1.mp3,1
conv_07332_label1.mp3,1
conv_12507_label0.mp3,0
conv_04356_label1.mp3,1
conv_13583_label1.mp3,1
conv_07896_label0.mp3,0
conv_07958_label0.mp3,0
conv_05942_label0.mp3,0
conv_11872_label1.mp3,1
conv_21182_label0.mp3,0
conv_16186_label1.mp3,1
conv_02300_label1.mp3,1
conv_10278_label1.mp3,1
conv_15777_label1.mp3,1
conv_16660_label0.mp3,0
conv_09121_label0.mp3,0
conv_21232_label0.mp3,0
conv_03057_label1.mp3,1
conv_13276_label0.mp3,0
conv_18491_label1.mp3,1
conv_03634_label0.mp3,0
conv_07225_label1.mp3,1
conv_17957_label0.mp3,0
conv_02335_label1.mp3,1
conv_10956_label1.mp3,1
conv_15278_label1.mp3,1
conv_19531_label1.mp3,1
conv_05977_label1.mp3,1
conv_19652_label1.mp3,1
conv_16291_label0.mp3,0
conv_09879_label1.mp3,1
conv_07304_label0.mp3,0
conv_00479_label1.mp3,1
conv_11611_label1.mp3,1
conv_04656_label1.mp3,1
conv_21184_label0.mp3,0
conv_14484_label1.mp3,1
conv_13452_label0.mp3,0
conv_15394_label1.mp3,1
conv_04816_label1.mp3,1
conv_17601_label0.mp3,0
conv_12117_label0.mp3,0
conv_18268_label1.mp3,1
conv_17426_label0.mp3,0
conv_01993_label1.mp3,1
conv_12001_label0.mp3,0
conv_11757_label0.mp3,0
conv_14713_label0.mp3,0
conv_18351_label0.mp3,0
conv_10844_label1.mp3,1
conv_20731_label1.mp3,1
conv_10283_label0.mp3,0
conv_07437_label0.mp3,0
conv_12386_label1.mp3,1
conv_06050_label0.mp3,0
conv_16523_label1.mp3,1
conv_08068_label0.mp3,0
conv_09248_label0.mp3,0
conv_16223_label1.mp3,1
conv_13080_label1.mp3,1
conv_08739_label0.mp3,0
conv_16742_label0.mp3,0
conv_13678_label0.mp3,0
conv_05136_label0.mp3,0
conv_07023_label0.mp3,0
conv_04927_label1.mp3,1
conv_04019_label1.mp3,1
conv_17290_label1.mp3,1
conv_06347_label1.mp3,1
conv_19286_label0.mp3,0
conv_10663_label1.mp3,1
conv_02514_label0.mp3,0
conv_19798_label0.mp3,0
conv_11413_label0.mp3,0
conv_06737_label1.mp3,1
conv_03233_label1.mp3,1
conv_02407_label0.mp3,0
conv_10373_label0.mp3,0
conv_03023_label1.mp3,1
conv_01905_label0.mp3,0
conv_19380_label1.mp3,1
conv_18497_label1.mp3,1
conv_20137_label1.mp3,1
conv_09174_label0.mp3,0
conv_17616_label1.mp3,1
conv_04306_label0.mp3,0
conv_04911_label1.mp3,1
conv_19082_label1.mp3,1
conv_15878_label1.mp3,1
conv_08090_label0.mp3,0
conv_01594_label1.mp3,1
conv_21153_label0.mp3,0
conv_03508_label0.mp3,0
conv_06293_label1.mp3,1
conv_09156_label1.mp3,1
conv_08746_label1.mp3,1
conv_10632_label1.mp3,1
conv_02390_label0.mp3,0
conv_07274_label0.mp3,0
conv_08766_label0.mp3,0
conv_17271_label0.mp3,0
conv_10605_label1.mp3,1
conv_15864_label0.mp3,0
conv_08935_label0.mp3,0
conv_05842_label0.mp3,0
conv_04295_label1.mp3,1
conv_06015_label1.mp3,1
conv_04960_label0.mp3,0
conv_09066_label0.mp3,0
conv_05461_label0.mp3,0
conv_19420_label1.mp3,1
conv_17344_label1.mp3,1
conv_18551_label0.mp3,0
conv_18902_label0.mp3,0
conv_20040_label0.mp3,0
conv_09363_label1.mp3,1
conv_01960_label0.mp3,0
conv_12574_label1.mp3,1
conv_05937_label0.mp3,0
conv_07943_label0.mp3,0
conv_19535_label0.mp3,0
conv_06761_label1.mp3,1
conv_08349_label0.mp3,0
conv_17685_label1.mp3,1
conv_00212_label1.mp3,1
conv_04799_label1.mp3,1
conv_10172_label1.mp3,1
conv_07754_label0.mp3,0
conv_01144_label0.mp3,0
conv_04444_label0.mp3,0
conv_10600_label1.mp3,1
conv_18059_label0.mp3,0
conv_05016_label1.mp3,1
conv_10638_label0.mp3,0
conv_15208_label0.mp3,0
conv_12459_label1.mp3,1
conv_16341_label0.mp3,0
conv_08944_label1.mp3,1
conv_00853_label1.mp3,1
conv_10272_label1.mp3,1
conv_00740_label0.mp3,0
conv_20043_label1.mp3,1
conv_03274_label0.mp3,0
conv_13392_label0.mp3,0
conv_06111_label0.mp3,0
conv_20984_label1.mp3,1
conv_14240_label1.mp3,1
conv_10155_label0.mp3,0
conv_02037_label1.mp3,1
conv_09191_label1.mp3,1
conv_17646_label0.mp3,0
conv_15391_label1.mp3,1
conv_14983_label0.mp3,0
conv_12476_label1.mp3,1
conv_19615_label0.mp3,0
conv_01385_label1.mp3,1
conv_20436_label0.mp3,0
conv_15440_label0.mp3,0
conv_15186_label1.mp3,1
conv_19718_label1.mp3,1
conv_09084_label1.mp3,1
conv_13721_label0.mp3,0
conv_01324_label1.mp3,1
conv_20119_label0.mp3,0
conv_18114_label0.mp3,0
conv_21120_label1.mp3,1
conv_01837_label0.mp3,0
conv_02729_label0.mp3,0
conv_18066_label1.mp3,1
conv_01909_label0.mp3,0
conv_15323_label1.mp3,1
conv_05885_label1.mp3,1
conv_19924_label0.mp3,0
conv_19833_label0.mp3,0
conv_00130_label1.mp3,1
conv_04701_label1.mp3,1
conv_15793_label0.mp3,0
conv_08039_label0.mp3,0
conv_12035_label1.mp3,1
conv_17662_label1.mp3,1
conv_16889_label0.mp3,0
conv_17357_label1.mp3,1
conv_12625_label0.mp3,0
conv_06553_label0.mp3,0
conv_12913_label1.mp3,1
conv_05609_label1.mp3,1
conv_19394_label0.mp3,0
conv_03648_label0.mp3,0
conv_17394_label0.mp3,0
conv_07405_label1.mp3,1
conv_00361_label0.mp3,0
conv_17573_label1.mp3,1
conv_12829_label0.mp3,0
conv_13622_label1.mp3,1
conv_12162_label1.mp3,1
conv_11135_label0.mp3,0
conv_05094_label1.mp3,1
conv_20930_label1.mp3,1
conv_01025_label1.mp3,1
conv_14953_label1.mp3,1
conv_19242_label0.mp3,0
conv_11121_label0.mp3,0
conv_12311_label0.mp3,0
conv_05626_label1.mp3,1
conv_10819_label1.mp3,1
conv_12604_label0.mp3,0
conv_20989_label0.mp3,0
conv_17203_label0.mp3,0
conv_18725_label1.mp3,1
conv_19022_label0.mp3,0
conv_17419_label1.mp3,1
conv_14844_label1.mp3,1
conv_16963_label0.mp3,0
conv_19226_label1.mp3,1
conv_19534_label1.mp3,1
conv_08793_label1.mp3,1
conv_20321_label0.mp3,0
conv_01717_label0.mp3,0
conv_05148_label0.mp3,0
conv_06884_label0.mp3,0
conv_07028_label1.mp3,1
conv_11802_label1.mp3,1
conv_15543_label1.mp3,1
conv_06810_label0.mp3,0
conv_00385_label0.mp3,0
conv_11639_label1.mp3,1
conv_09252_label1.mp3,1
conv_15205_label0.mp3,0
conv_08779_label0.mp3,0
conv_12380_label0.mp3,0
conv_18318_label1.mp3,1
conv_17008_label0.mp3,0
conv_19230_label1.mp3,1
conv_02215_label1.mp3,1
conv_19647_label0.mp3,0
conv_02400_label0.mp3,0
conv_08341_label0.mp3,0
conv_20856_label1.mp3,1
conv_14290_label0.mp3,0
conv_04611_label0.mp3,0
conv_13920_label1.mp3,1
conv_13652_label1.mp3,1
conv_09676_label1.mp3,1
conv_15964_label0.mp3,0
conv_17499_label1.mp3,1
conv_07222_label1.mp3,1
conv_18906_label1.mp3,1
conv_00379_label1.mp3,1
conv_10027_label0.mp3,0
conv_00308_label0.mp3,0
conv_13925_label0.mp3,0
conv_06968_label0.mp3,0
conv_08851_label0.mp3,0
conv_18230_label1.mp3,1
conv_20453_label0.mp3,0
conv_16812_label1.mp3,1
conv_09840_label0.mp3,0
conv_12333_label0.mp3,0
conv_15197_label1.mp3,1
conv_21073_label0.mp3,0
conv_18592_label1.mp3,1
conv_07258_label1.mp3,1
conv_15739_label0.mp3,0
conv_17901_label1.mp3,1
conv_15671_label1.mp3,1
conv_03006_label0.mp3,0
conv_15600_label1.mp3,1
conv_16527_label0.mp3,0
conv_21327_label0.mp3,0
conv_05693_label1.mp3,1
conv_10332_label0.mp3,0
conv_07865_label0.mp3,0
conv_11939_label0.mp3,0
conv_19810_label1.mp3,1
conv_05853_label0.mp3,0
conv_21022_label0.mp3,0
conv_07925_label0.mp3,0
conv_08028_label0.mp3,0
conv_17409_label0.mp3,0
conv_02265_label0.mp3,0
conv_10982_label0.mp3,0
conv_09280_label0.mp3,0
conv_08360_label0.mp3,0
conv_10688_label1.mp3,1
conv_18171_label0.mp3,0
conv_09594_label0.mp3,0
conv_19290_label1.mp3,1
conv_00468_label0.mp3,0
conv_01306_label1.mp3,1
conv_12231_label1.mp3,1
conv_06668_label0.mp3,0
conv_16034_label0.mp3,0
conv_02728_label0.mp3,0
conv_03193_label1.mp3,1
conv_02175_label0.mp3,0
conv_10545_label0.mp3,0
conv_18812_label1.mp3,1
conv_05358_label0.mp3,0
conv_03013_label0.mp3,0
conv_13093_label1.mp3,1
conv_00895_label1.mp3,1
conv_12867_label1.mp3,1
conv_07211_label1.mp3,1
conv_13413_label1.mp3,1
conv_00683_label1.mp3,1
conv_02965_label1.mp3,1
conv_02340_label1.mp3,1
conv_20521_label0.mp3,0
conv_08496_label1.mp3,1
conv_09535_label0.mp3,0
conv_01044_label1.mp3,1
conv_15232_label1.mp3,1
conv_14051_label0.mp3,0
conv_11566_label1.mp3,1
conv_09036_label0.mp3,0
conv_08078_label1.mp3,1
conv_13023_label1.mp3,1
conv_05946_label0.mp3,0
conv_12291_label1.mp3,1
conv_05054_label1.mp3,1
conv_04955_label0.mp3,0
conv_05702_label0.mp3,0
conv_10235_label0.mp3,0
conv_04766_label1.mp3,1
conv_00220_label0.mp3,0
conv_12385_label1.mp3,1
conv_16097_label0.mp3,0
conv_08723_label1.mp3,1
conv_18579_label0.mp3,0
conv_16297_label0.mp3,0
conv_16990_label0.mp3,0
conv_13107_label1.mp3,1
conv_15788_label0.mp3,0
conv_13227_label0.mp3,0
conv_03279_label0.mp3,0
conv_18461_label1.mp3,1
conv_08750_label1.mp3,1
conv_00496_label0.mp3,0
conv_20659_label1.mp3,1
conv_05797_label0.mp3,0
conv_01978_label1.mp3,1
conv_02944_label1.mp3,1
conv_14802_label1.mp3,1
conv_07038_label1.mp3,1
conv_02637_label0.mp3,0
conv_17407_label1.mp3,1
conv_10914_label0.mp3,0
conv_03139_label1.mp3,1
conv_17415_label1.mp3,1
conv_00725_label0.mp3,0
conv_02260_label1.mp3,1
conv_10793_label0.mp3,0
conv_05655_label0.mp3,0
conv_06204_label1.mp3,1
conv_02426_label1.mp3,1
conv_13529_label1.mp3,1
conv_02994_label1.mp3,1
conv_04455_label1.mp3,1
conv_19297_label1.mp3,1
conv_13470_label1.mp3,1
conv_17497_label1.mp3,1
conv_17701_label0.mp3,0
conv_15326_label0.mp3,0
conv_09077_label1.mp3,1
conv_19750_label0.mp3,0
conv_13687_label1.mp3,1
conv_13116_label0.mp3,0
conv_09468_label0.mp3,0
conv_17010_label1.mp3,1
conv_14595_label1.mp3,1
conv_06205_label0.mp3,0
conv_16319_label1.mp3,1
conv_14973_label1.mp3,1
conv_15193_label1.mp3,1
conv_10402_label1.mp3,1
conv_13818_label1.mp3,1
conv_18938_label0.mp3,0
conv_01253_label0.mp3,0
conv_03478_label1.mp3,1
conv_14002_label0.mp3,0
conv_13648_label0.mp3,0
conv_16374_label1.mp3,1
conv_10749_label1.mp3,1
conv_06060_label1.mp3,1
conv_18969_label1.mp3,1
conv_04242_label0.mp3,0
conv_03938_label0.mp3,0
conv_09732_label0.mp3,0
conv_08788_label0.mp3,0
conv_16012_label1.mp3,1
conv_02316_label1.mp3,1
conv_10257_label1.mp3,1
conv_05333_label1.mp3,1
conv_19362_label0.mp3,0
conv_12204_label0.mp3,0
conv_03947_label0.mp3,0
conv_08639_label0.mp3,0
conv_10634_label1.mp3,1
conv_00299_label0.mp3,0
conv_04052_label1.mp3,1
conv_03352_label0.mp3,0
conv_01150_label0.mp3,0
conv_20765_label0.mp3,0
conv_02946_label0.mp3,0
conv_19694_label0.mp3,0
conv_03713_label1.mp3,1
conv_09736_label0.mp3,0
conv_04743_label1.mp3,1
conv_04885_label0.mp3,0
conv_09300_label1.mp3,1
conv_16589_label1.mp3,1
conv_12919_label0.mp3,0
conv_02555_label1.mp3,1
conv_13129_label1.mp3,1
conv_17145_label0.mp3,0
conv_19913_label1.mp3,1
conv_00030_label1.mp3,1
conv_02642_label1.mp3,1
conv_15929_label1.mp3,1
conv_20893_label0.mp3,0
conv_17312_label1.mp3,1
conv_08656_label1.mp3,1
conv_01103_label0.mp3,0
conv_02134_label0.mp3,0
conv_00783_label0.mp3,0
conv_10501_label0.mp3,0
conv_17511_label1.mp3,1
conv_16577_label0.mp3,0
conv_15895_label1.mp3,1
conv_12970_label0.mp3,0
conv_18729_label1.mp3,1
conv_02844_label1.mp3,1
conv_01610_label1.mp3,1
conv_04526_label1.mp3,1
conv_19537_label0.mp3,0
conv_20662_label1.mp3,1
conv_10656_label0.mp3,0
conv_13704_label0.mp3,0
conv_19542_label0.mp3,0
conv_08592_label1.mp3,1
conv_03346_label1.mp3,1
conv_12583_label1.mp3,1
conv_18732_label0.mp3,0
conv_14735_label0.mp3,0
conv_12487_label1.mp3,1
conv_01588_label0.mp3,0
conv_14627_label1.mp3,1
conv_16984_label0.mp3,0
conv_14939_label1.mp3,1
conv_20683_label1.mp3,1
conv_16438_label1.mp3,1
conv_15663_label1.mp3,1
conv_05155_label0.mp3,0
conv_15331_label0.mp3,0
conv_16073_label1.mp3,1
conv_06871_label1.mp3,1
conv_10215_label1.mp3,1
conv_01721_label0.mp3,0
conv_00288_label1.mp3,1
conv_03247_label1.mp3,1
conv_01802_label0.mp3,0
conv_14235_label1.mp3,1
conv_11752_label1.mp3,1
conv_08994_label1.mp3,1
conv_10416_label1.mp3,1
conv_07582_label1.mp3,1
conv_18306_label1.mp3,1
conv_08701_label0.mp3,0
conv_02531_label1.mp3,1
conv_10230_label1.mp3,1
conv_01737_label0.mp3,0
conv_09904_label1.mp3,1
conv_16299_label1.mp3,1
conv_04447_label0.mp3,0
conv_15199_label1.mp3,1
conv_12248_label0.mp3,0
conv_04285_label1.mp3,1
conv_05905_label1.mp3,1
conv_00044_label1.mp3,1
conv_08450_label0.mp3,0
conv_00143_label0.mp3,0
conv_04731_label0.mp3,0
conv_12641_label1.mp3,1
conv_12573_label0.mp3,0
conv_08160_label0.mp3,0
conv_00060_label0.mp3,0
conv_16021_label1.mp3,1
conv_19569_label1.mp3,1
conv_08517_label0.mp3,0
conv_13455_label1.mp3,1
conv_01466_label1.mp3,1
conv_16234_label1.mp3,1
conv_00369_label0.mp3,0
conv_11581_label1.mp3,1
conv_00448_label0.mp3,0
conv_01239_label0.mp3,0
conv_06468_label0.mp3,0
conv_19187_label0.mp3,0
conv_18849_label1.mp3,1
conv_13844_label0.mp3,0
conv_06957_label1.mp3,1
conv_16077_label0.mp3,0
conv_08410_label0.mp3,0
conv_16750_label0.mp3,0
conv_15815_label1.mp3,1
conv_08456_label1.mp3,1
conv_19811_label0.mp3,0
conv_09941_label0.mp3,0
conv_08413_label1.mp3,1
conv_17186_label0.mp3,0
conv_01886_label1.mp3,1
conv_00428_label0.mp3,0
conv_11529_label1.mp3,1
conv_04933_label1.mp3,1
conv_07285_label1.mp3,1
conv_00539_label0.mp3,0
conv_17116_label0.mp3,0
conv_14610_label0.mp3,0
conv_06043_label0.mp3,0
conv_12019_label0.mp3,0
conv_03671_label0.mp3,0
conv_16038_label1.mp3,1
conv_07811_label1.mp3,1
conv_15268_label0.mp3,0
conv_17318_label1.mp3,1
conv_14741_label0.mp3,0
conv_20914_label0.mp3,0
conv_06329_label1.mp3,1
conv_20936_label0.mp3,0
conv_17113_label0.mp3,0
conv_17056_label1.mp3,1
conv_10750_label1.mp3,1
conv_06397_label1.mp3,1
conv_07328_label1.mp3,1
conv_15519_label0.mp3,0
conv_09389_label0.mp3,0
conv_20956_label1.mp3,1
conv_18103_label1.mp3,1
conv_17221_label1.mp3,1
conv_04392_label0.mp3,0
conv_07208_label0.mp3,0
conv_11207_label1.mp3,1
conv_04678_label1.mp3,1
conv_19252_label1.mp3,1
conv_02346_label1.mp3,1
conv_17877_label0.mp3,0
conv_05849_label0.mp3,0
conv_11410_label1.mp3,1
conv_07517_label1.mp3,1
conv_09615_label0.mp3,0
conv_20076_label1.mp3,1
conv_02150_label1.mp3,1
conv_16845_label0.mp3,0
conv_07257_label1.mp3,1
conv_03232_label0.mp3,0
conv_20314_label0.mp3,0
conv_18881_label1.mp3,1
conv_03231_label1.mp3,1
conv_09403_label0.mp3,0
conv_06077_label1.mp3,1
conv_21171_label0.mp3,0
conv_18522_label0.mp3,0
conv_09459_label0.mp3,0
conv_02213_label1.mp3,1
conv_05857_label0.mp3,0
conv_17987_label0.mp3,0
conv_11820_label0.mp3,0
conv_06864_label0.mp3,0
conv_14431_label0.mp3,0
conv_05753_label1.mp3,1
conv_08730_label0.mp3,0
conv_06586_label1.mp3,1
conv_11851_label0.mp3,0
conv_15020_label1.mp3,1
conv_09013_label1.mp3,1
conv_21162_label0.mp3,0
conv_17721_label1.mp3,1
conv_12663_label1.mp3,1
conv_01051_label1.mp3,1
conv_20819_label0.mp3,0
conv_09685_label1.mp3,1
conv_03255_label0.mp3,0
conv_07586_label1.mp3,1
conv_21310_label1.mp3,1
conv_16220_label0.mp3,0
conv_14402_label0.mp3,0
conv_14956_label1.mp3,1
conv_13454_label0.mp3,0
conv_03926_label0.mp3,0
conv_14463_label1.mp3,1
conv_06901_label0.mp3,0
conv_20711_label0.mp3,0
conv_03097_label1.mp3,1
conv_07489_label1.mp3,1
conv_15835_label0.mp3,0
conv_05047_label1.mp3,1
conv_16293_label0.mp3,0
conv_20561_label1.mp3,1
conv_03173_label1.mp3,1
conv_17563_label0.mp3,0
conv_20323_label0.mp3,0
conv_05242_label0.mp3,0
conv_06499_label0.mp3,0
conv_15158_label0.mp3,0
conv_11254_label1.mp3,1
conv_11771_label1.mp3,1
conv_16008_label0.mp3,0
conv_09347_label0.mp3,0
conv_07580_label0.mp3,0
conv_15874_label1.mp3,1
conv_06282_label1.mp3,1
conv_05897_label0.mp3,0
conv_04948_label0.mp3,0
conv_08764_label0.mp3,0
conv_19478_label0.mp3,0
conv_09661_label0.mp3,0
conv_13220_label0.mp3,0
conv_10808_label1.mp3,1
conv_12587_label1.mp3,1
conv_10292_label0.mp3,0
conv_04875_label1.mp3,1
conv_04793_label0.mp3,0
conv_20740_label0.mp3,0
conv_01866_label1.mp3,1
conv_09712_label0.mp3,0
conv_20748_label0.mp3,0
conv_18179_label0.mp3,0
conv_04737_label0.mp3,0
conv_18233_label1.mp3,1
conv_18934_label0.mp3,0
conv_08095_label0.mp3,0
conv_06547_label0.mp3,0
conv_10395_label0.mp3,0
conv_17825_label0.mp3,0
conv_11666_label0.mp3,0
conv_01976_label0.mp3,0
conv_07369_label0.mp3,0
conv_06203_label0.mp3,0
conv_00187_label0.mp3,0
conv_15032_label1.mp3,1
conv_19581_label1.mp3,1
conv_08599_label1.mp3,1
conv_16255_label0.mp3,0
conv_20479_label1.mp3,1
conv_18037_label1.mp3,1
conv_10889_label1.mp3,1
conv_07845_label0.mp3,0
conv_11787_label1.mp3,1
conv_03575_label1.mp3,1
conv_09438_label1.mp3,1
conv_06625_label0.mp3,0
conv_17298_label1.mp3,1
conv_01111_label1.mp3,1
conv_19419_label0.mp3,0
conv_12343_label1.mp3,1
conv_08801_label1.mp3,1
conv_06749_label1.mp3,1
conv_04234_label0.mp3,0
conv_12152_label0.mp3,0
conv_02690_label0.mp3,0
conv_10870_label1.mp3,1
conv_02708_label0.mp3,0
conv_19212_label1.mp3,1
conv_03300_label1.mp3,1
conv_19417_label0.mp3,0
conv_17617_label0.mp3,0
conv_17909_label0.mp3,0
conv_12680_label0.mp3,0
conv_17903_label1.mp3,1
conv_02911_label0.mp3,0
conv_09228_label0.mp3,0
conv_04252_label1.mp3,1
conv_12661_label1.mp3,1
conv_10354_label0.mp3,0
conv_14427_label0.mp3,0
conv_08963_label0.mp3,0
conv_10790_label1.mp3,1
conv_17304_label1.mp3,1
conv_08635_label1.mp3,1
conv_10989_label1.mp3,1
conv_10954_label1.mp3,1
conv_05677_label1.mp3,1
conv_06268_label1.mp3,1
conv_17590_label1.mp3,1
conv_19992_label0.mp3,0
conv_08267_label0.mp3,0
conv_04142_label0.mp3,0
conv_19868_label1.mp3,1
conv_11841_label0.mp3,0
conv_02517_label1.mp3,1
conv_12530_label1.mp3,1
conv_06404_label0.mp3,0
conv_07249_label1.mp3,1
conv_07818_label0.mp3,0
conv_04082_label1.mp3,1
conv_11672_label0.mp3,0
conv_12022_label1.mp3,1
conv_18476_label1.mp3,1
conv_20243_label0.mp3,0
conv_13706_label1.mp3,1
conv_17984_label0.mp3,0
conv_19194_label0.mp3,0
conv_10955_label0.mp3,0
conv_01067_label0.mp3,0
conv_00009_label1.mp3,1
conv_07877_label1.mp3,1
conv_14256_label0.mp3,0
conv_03593_label1.mp3,1
conv_15951_label0.mp3,0
conv_18151_label1.mp3,1
conv_00563_label0.mp3,0
conv_07284_label0.mp3,0
conv_00812_label1.mp3,1
conv_07010_label0.mp3,0
conv_05485_label0.mp3,0
conv_04931_label1.mp3,1
conv_14480_label1.mp3,1
conv_03234_label1.mp3,1
conv_00713_label0.mp3,0
conv_17684_label1.mp3,1
conv_20913_label1.mp3,1
conv_16551_label1.mp3,1
conv_07526_label1.mp3,1
conv_11065_label1.mp3,1
conv_04598_label1.mp3,1
conv_02598_label1.mp3,1
conv_15076_label1.mp3,1
conv_10270_label1.mp3,1
conv_08397_label0.mp3,0
conv_03795_label0.mp3,0
conv_11830_label0.mp3,0
conv_05716_label0.mp3,0
conv_06315_label1.mp3,1
conv_06401_label1.mp3,1
conv_18232_label1.mp3,1
conv_15101_label1.mp3,1
conv_00298_label0.mp3,0
conv_15100_label1.mp3,1
conv_03497_label1.mp3,1
conv_06666_label0.mp3,0
conv_02332_label1.mp3,1
conv_01341_label1.mp3,1
conv_06933_label0.mp3,0
conv_00394_label0.mp3,0
conv_18700_label1.mp3,1
conv_12638_label1.mp3,1
conv_08338_label0.mp3,0
conv_17645_label0.mp3,0
conv_08897_label1.mp3,1
conv_14915_label0.mp3,0
conv_08208_label0.mp3,0
conv_02008_label0.mp3,0
conv_15513_label1.mp3,1
conv_16754_label0.mp3,0
conv_02126_label0.mp3,0
conv_00456_label1.mp3,1
conv_13929_label1.mp3,1
conv_12412_label0.mp3,0
conv_06212_label1.mp3,1
conv_12871_label0.mp3,0
conv_00481_label1.mp3,1
conv_17106_label1.mp3,1
conv_16257_label1.mp3,1
conv_10729_label0.mp3,0
conv_12693_label0.mp3,0
conv_05463_label0.mp3,0
conv_09118_label0.mp3,0
conv_00208_label1.mp3,1
conv_00797_label0.mp3,0
conv_11112_label0.mp3,0
conv_06783_label0.mp3,0
conv_02750_label1.mp3,1
conv_10466_label1.mp3,1
conv_00780_label1.mp3,1
conv_02884_label0.mp3,0
conv_06472_label1.mp3,1
conv_00611_label0.mp3,0
conv_12839_label1.mp3,1
conv_17433_label0.mp3,0
conv_00672_label0.mp3,0
conv_04757_label0.mp3,0
conv_11098_label1.mp3,1
conv_06948_label0.mp3,0
conv_09773_label1.mp3,1
conv_10274_label1.mp3,1
conv_20508_label1.mp3,1
conv_02920_label1.mp3,1
conv_07852_label1.mp3,1
conv_08585_label0.mp3,0
conv_16199_label1.mp3,1
conv_14386_label0.mp3,0
conv_12241_label0.mp3,0
conv_05300_label1.mp3,1
conv_02062_label1.mp3,1
conv_00839_label0.mp3,0
conv_09766_label0.mp3,0
conv_20865_label1.mp3,1
conv_14605_label0.mp3,0
conv_06681_label1.mp3,1
conv_20528_label0.mp3,0
conv_07262_label1.mp3,1
conv_08298_label0.mp3,0
conv_06815_label1.mp3,1
conv_12519_label1.mp3,1
conv_10390_label0.mp3,0
conv_02900_label0.mp3,0
conv_09786_label1.mp3,1
conv_18015_label1.mp3,1
conv_08891_label1.mp3,1
conv_15119_label0.mp3,0
conv_06145_label1.mp3,1
conv_01394_label0.mp3,0
conv_16492_label1.mp3,1
conv_02607_label0.mp3,0
conv_02573_label0.mp3,0
conv_17920_label0.mp3,0
conv_13499_label1.mp3,1
conv_07962_label1.mp3,1
conv_13342_label0.mp3,0
conv_13560_label0.mp3,0
conv_06021_label0.mp3,0
conv_16893_label0.mp3,0
conv_07777_label1.mp3,1
conv_11376_label0.mp3,0
conv_14308_label1.mp3,1
conv_11513_label1.mp3,1
conv_01048_label0.mp3,0
conv_14761_label0.mp3,0
conv_09910_label0.mp3,0
conv_12184_label0.mp3,0
conv_07326_label1.mp3,1
conv_08690_label1.mp3,1
conv_19618_label1.mp3,1
conv_04537_label0.mp3,0
conv_05929_label1.mp3,1
conv_01183_label0.mp3,0
conv_11582_label1.mp3,1
conv_04602_label1.mp3,1
conv_04691_label1.mp3,1
conv_12816_label0.mp3,0
conv_20229_label0.mp3,0
conv_07634_label0.mp3,0
conv_09900_label0.mp3,0
conv_07715_label0.mp3,0
conv_11370_label1.mp3,1
conv_14132_label0.mp3,0
conv_15544_label0.mp3,0
conv_18134_label0.mp3,0
conv_18596_label0.mp3,0
conv_13580_label0.mp3,0
conv_17908_label0.mp3,0
conv_11790_label0.mp3,0
conv_05292_label1.mp3,1
conv_02413_label0.mp3,0
conv_08098_label0.mp3,0
conv_05582_label1.mp3,1
conv_16028_label1.mp3,1
conv_05191_label1.mp3,1
conv_03645_label0.mp3,0
conv_14185_label0.mp3,0
conv_21065_label0.mp3,0
conv_02197_label0.mp3,0
conv_12571_label1.mp3,1
conv_02506_label0.mp3,0
conv_03288_label1.mp3,1
conv_04901_label1.mp3,1
conv_20962_label1.mp3,1
conv_19253_label0.mp3,0
conv_12208_label0.mp3,0
conv_13236_label1.mp3,1
conv_08945_label1.mp3,1
conv_06064_label1.mp3,1
conv_08380_label1.mp3,1
conv_05405_label0.mp3,0
conv_12730_label0.mp3,0
conv_04350_label0.mp3,0
conv_10268_label0.mp3,0
conv_07459_label1.mp3,1
conv_19892_label1.mp3,1
conv_09684_label1.mp3,1
conv_20245_label1.mp3,1
conv_10939_label0.mp3,0
conv_11918_label1.mp3,1
conv_18860_label0.mp3,0
conv_21293_label1.mp3,1
conv_21047_label1.mp3,1
conv_16822_label1.mp3,1
conv_01710_label1.mp3,1
conv_04657_label0.mp3,0
conv_02876_label1.mp3,1
conv_16517_label0.mp3,0
conv_17455_label1.mp3,1
conv_00423_label1.mp3,1
conv_18474_label1.mp3,1
conv_14155_label1.mp3,1
conv_20371_label0.mp3,0
conv_16667_label1.mp3,1
conv_17226_label1.mp3,1
conv_13376_label1.mp3,1
conv_11976_label0.mp3,0
conv_10554_label1.mp3,1
conv_04487_label0.mp3,0
conv_00910_label1.mp3,1
conv_02885_label1.mp3,1
conv_13767_label1.mp3,1
conv_02665_label0.mp3,0
conv_02709_label0.mp3,0
conv_17833_label0.mp3,0
conv_17551_label0.mp3,0
conv_16855_label0.mp3,0
conv_19989_label1.mp3,1
conv_08697_label1.mp3,1
conv_01782_label0.mp3,0
conv_13697_label0.mp3,0
conv_20654_label0.mp3,0
conv_00657_label0.mp3,0
conv_12623_label1.mp3,1
conv_20811_label0.mp3,0
conv_16118_label0.mp3,0
conv_20814_label0.mp3,0
conv_16205_label1.mp3,1
conv_13274_label0.mp3,0
conv_02429_label0.mp3,0
conv_19648_label1.mp3,1
conv_05061_label1.mp3,1
conv_11250_label1.mp3,1
conv_17098_label1.mp3,1
conv_14914_label1.mp3,1
conv_14697_label0.mp3,0
conv_07494_label0.mp3,0
conv_02764_label0.mp3,0
conv_19095_label1.mp3,1
conv_07704_label0.mp3,0
conv_10591_label0.mp3,0
conv_17896_label0.mp3,0
conv_01943_label0.mp3,0
conv_14611_label1.mp3,1
conv_16001_label1.mp3,1
conv_08296_label1.mp3,1
conv_08327_label0.mp3,0
conv_20237_label1.mp3,1
conv_09568_label0.mp3,0
conv_10846_label1.mp3,1
conv_17766_label1.mp3,1
conv_18661_label0.mp3,0
conv_17424_label0.mp3,0
conv_02362_label1.mp3,1
conv_08027_label1.mp3,1
conv_17484_label1.mp3,1
conv_16242_label1.mp3,1
conv_16516_label1.mp3,1
conv_13884_label1.mp3,1
conv_05347_label1.mp3,1
conv_09394_label0.mp3,0
conv_13491_label1.mp3,1
conv_17396_label0.mp3,0
conv_13239_label0.mp3,0
conv_17104_label1.mp3,1
conv_14857_label0.mp3,0
conv_17211_label1.mp3,1
conv_18554_label0.mp3,0
conv_08436_label0.mp3,0
conv_05305_label1.mp3,1
conv_17990_label1.mp3,1
conv_18863_label0.mp3,0
conv_15270_label0.mp3,0
conv_04808_label1.mp3,1
conv_18395_label0.mp3,0
conv_13068_label1.mp3,1
conv_03637_label1.mp3,1
conv_04051_label0.mp3,0
conv_10379_label1.mp3,1
conv_02993_label1.mp3,1
conv_15303_label1.mp3,1
conv_09865_label1.mp3,1
conv_20725_label0.mp3,0
conv_18677_label1.mp3,1
conv_17875_label0.mp3,0
conv_05555_label0.mp3,0
conv_21178_label1.mp3,1
conv_08171_label1.mp3,1
conv_15223_label0.mp3,0
conv_01961_label0.mp3,0
conv_14397_label1.mp3,1
conv_15979_label1.mp3,1
conv_06837_label0.mp3,0
conv_09959_label0.mp3,0
conv_05564_label1.mp3,1
conv_14742_label1.mp3,1
conv_10011_label1.mp3,1
conv_17339_label0.mp3,0
conv_04117_label1.mp3,1
conv_03447_label0.mp3,0
conv_14232_label1.mp3,1
conv_05335_label1.mp3,1
conv_14020_label1.mp3,1
conv_15734_label1.mp3,1
conv_19485_label1.mp3,1
conv_15473_label1.mp3,1
conv_04464_label1.mp3,1
conv_13381_label1.mp3,1
conv_01021_label1.mp3,1
conv_14882_label0.mp3,0
conv_21144_label1.mp3,1
conv_10389_label1.mp3,1
conv_00272_label0.mp3,0
conv_06417_label0.mp3,0
conv_16650_label0.mp3,0
conv_14171_label1.mp3,1
conv_14298_label0.mp3,0
conv_04165_label0.mp3,0
conv_03815_label0.mp3,0
conv_07033_label0.mp3,0
conv_06422_label1.mp3,1
conv_06944_label0.mp3,0
conv_15104_label0.mp3,0
conv_11493_label1.mp3,1
conv_11181_label1.mp3,1
conv_08264_label0.mp3,0
conv_12483_label0.mp3,0
conv_09972_label0.mp3,0
conv_05763_label0.mp3,0
conv_16015_label1.mp3,1
conv_13532_label0.mp3,0
conv_20104_label0.mp3,0
conv_12733_label0.mp3,0
conv_01377_label1.mp3,1
conv_05413_label0.mp3,0
conv_09482_label0.mp3,0
conv_18477_label1.mp3,1
conv_09033_label0.mp3,0
conv_09312_label0.mp3,0
conv_15766_label1.mp3,1
conv_00063_label0.mp3,0
conv_09080_label1.mp3,1
conv_16236_label1.mp3,1
conv_07079_label0.mp3,0
conv_00601_label1.mp3,1
conv_12846_label1.mp3,1
conv_01955_label0.mp3,0
conv_02521_label1.mp3,1
conv_18334_label1.mp3,1
conv_18442_label1.mp3,1
conv_15562_label1.mp3,1
conv_18787_label0.mp3,0
conv_01572_label0.mp3,0
conv_09751_label0.mp3,0
conv_16157_label0.mp3,0
conv_00067_label1.mp3,1
conv_04274_label1.mp3,1
conv_04093_label1.mp3,1
conv_09471_label1.mp3,1
conv_03623_label0.mp3,0
conv_16063_label0.mp3,0
conv_19128_label0.mp3,0
conv_06859_label0.mp3,0
conv_18989_label1.mp3,1
conv_08657_label0.mp3,0
conv_10615_label1.mp3,1
conv_11720_label1.mp3,1
conv_11272_label1.mp3,1
conv_13254_label1.mp3,1
conv_13567_label0.mp3,0
conv_08092_label0.mp3,0
conv_10419_label0.mp3,0
conv_05474_label1.mp3,1
conv_13230_label1.mp3,1
conv_09494_label0.mp3,0
conv_00685_label1.mp3,1
conv_12315_label1.mp3,1
conv_07499_label0.mp3,0
conv_12037_label0.mp3,0
conv_02636_label0.mp3,0
conv_05212_label0.mp3,0
conv_20282_label1.mp3,1
conv_01027_label0.mp3,0
conv_09738_label1.mp3,1
conv_13974_label0.mp3,0
conv_02311_label0.mp3,0
conv_08721_label0.mp3,0
conv_17898_label1.mp3,1
conv_21070_label0.mp3,0
conv_08232_label0.mp3,0
conv_01429_label0.mp3,0
conv_06358_label1.mp3,1
conv_00747_label1.mp3,1
conv_16716_label1.mp3,1
conv_20177_label0.mp3,0
conv_13161_label1.mp3,1
conv_20824_label1.mp3,1
conv_19627_label0.mp3,0
conv_04180_label0.mp3,0
conv_03379_label1.mp3,1
conv_02600_label1.mp3,1
conv_20692_label0.mp3,0
conv_15021_label0.mp3,0
conv_07128_label1.mp3,1
conv_15246_label1.mp3,1
conv_04652_label1.mp3,1
conv_08572_label0.mp3,0
conv_05357_label0.mp3,0
conv_01754_label0.mp3,0
conv_18247_label1.mp3,1
conv_14831_label1.mp3,1
conv_07654_label1.mp3,1
conv_18798_label0.mp3,0
conv_13340_label0.mp3,0
conv_06295_label1.mp3,1
conv_06062_label0.mp3,0
conv_09643_label1.mp3,1
conv_03038_label1.mp3,1
conv_17534_label0.mp3,0
conv_02201_label0.mp3,0
conv_12510_label1.mp3,1
conv_03651_label0.mp3,0
conv_15017_label1.mp3,1
conv_00173_label0.mp3,0
conv_09190_label0.mp3,0
conv_18836_label1.mp3,1
conv_06284_label0.mp3,0
conv_16049_label1.mp3,1
conv_20003_label0.mp3,0
conv_11451_label1.mp3,1
conv_17137_label0.mp3,0
conv_10882_label0.mp3,0
conv_06870_label0.mp3,0
conv_06896_label1.mp3,1
conv_11288_label1.mp3,1
conv_14733_label1.mp3,1
conv_19624_label1.mp3,1
conv_19370_label0.mp3,0
conv_08729_label0.mp3,0
conv_15283_label1.mp3,1
conv_21148_label0.mp3,0
conv_16133_label1.mp3,1
conv_03925_label0.mp3,0
conv_07429_label1.mp3,1
conv_01000_label1.mp3,1
conv_15755_label0.mp3,0
conv_18226_label0.mp3,0
conv_11178_label1.mp3,1
conv_02815_label1.mp3,1
conv_11606_label1.mp3,1
conv_02411_label1.mp3,1
conv_17548_label0.mp3,0
conv_05060_label0.mp3,0
conv_13792_label1.mp3,1
conv_20519_label1.mp3,1
conv_01455_label1.mp3,1
conv_21186_label1.mp3,1
conv_03414_label0.mp3,0
conv_18882_label1.mp3,1
conv_07074_label0.mp3,0
conv_18302_label1.mp3,1
conv_14118_label0.mp3,0
conv_03670_label1.mp3,1
conv_18121_label1.mp3,1
conv_09929_label0.mp3,0
conv_06727_label1.mp3,1
conv_21006_label1.mp3,1
conv_16748_label0.mp3,0
conv_00224_label1.mp3,1
conv_03948_label1.mp3,1
conv_16967_label0.mp3,0
conv_02879_label0.mp3,0
conv_01465_label0.mp3,0
conv_12415_label1.mp3,1
conv_01110_label1.mp3,1
conv_16079_label1.mp3,1
conv_02907_label1.mp3,1
conv_08465_label0.mp3,0
conv_01269_label1.mp3,1
conv_01755_label1.mp3,1
conv_18621_label0.mp3,0
conv_20722_label0.mp3,0
conv_09213_label1.mp3,1
conv_18944_label0.mp3,0
conv_04945_label1.mp3,1
conv_17587_label1.mp3,1
conv_19412_label1.mp3,1
conv_10610_label0.mp3,0
conv_04480_label1.mp3,1
conv_02519_label1.mp3,1
conv_17959_label1.mp3,1
conv_13987_label0.mp3,0
conv_09210_label1.mp3,1
conv_20971_label0.mp3,0
conv_20541_label1.mp3,1
conv_07400_label1.mp3,1
conv_10771_label1.mp3,1
conv_15485_label1.mp3,1
conv_04101_label0.mp3,0
conv_04293_label0.mp3,0
conv_08571_label0.mp3,0
conv_07486_label1.mp3,1
conv_13016_label0.mp3,0
conv_11444_label1.mp3,1
conv_17884_label0.mp3,0
conv_13303_label1.mp3,1
conv_08704_label0.mp3,0
conv_16068_label0.mp3,0
conv_13270_label0.mp3,0
conv_15009_label0.mp3,0
conv_04513_label1.mp3,1
conv_20030_label1.mp3,1
conv_03246_label0.mp3,0
conv_18646_label0.mp3,0
conv_01877_label1.mp3,1
conv_01844_label0.mp3,0
conv_04782_label1.mp3,1
conv_08760_label0.mp3,0
conv_16091_label1.mp3,1
conv_15991_label1.mp3,1
conv_01251_label0.mp3,0
conv_02803_label1.mp3,1
conv_04064_label0.mp3,0
conv_17595_label1.mp3,1
conv_01669_label1.mp3,1
conv_13559_label1.mp3,1
conv_00430_label0.mp3,0
conv_10892_label1.mp3,1
conv_00844_label0.mp3,0
conv_15036_label1.mp3,1
conv_07385_label0.mp3,0
conv_12760_label0.mp3,0
conv_09679_label0.mp3,0
conv_13251_label1.mp3,1
conv_06173_label1.mp3,1
conv_14675_label1.mp3,1
conv_00027_label1.mp3,1
conv_20369_label0.mp3,0
conv_18617_label1.mp3,1
conv_04588_label0.mp3,0
conv_17143_label1.mp3,1
conv_00891_label0.mp3,0
conv_06598_label0.mp3,0
conv_04517_label1.mp3,1
conv_18369_label1.mp3,1
conv_13669_label0.mp3,0
conv_17172_label0.mp3,0
conv_12278_label1.mp3,1
conv_16221_label1.mp3,1
conv_06393_label1.mp3,1
conv_13181_label0.mp3,0
conv_04661_label0.mp3,0
conv_12287_label0.mp3,0
conv_17354_label0.mp3,0
conv_06159_label1.mp3,1
conv_12433_label0.mp3,0
conv_16797_label1.mp3,1
conv_15840_label0.mp3,0
conv_16275_label1.mp3,1
conv_19445_label1.mp3,1
conv_19962_label0.mp3,0
conv_15315_label1.mp3,1
conv_11633_label0.mp3,0
conv_15079_label1.mp3,1
conv_07670_label0.mp3,0
conv_20603_label1.mp3,1
conv_20697_label0.mp3,0
conv_18606_label1.mp3,1
conv_07599_label0.mp3,0
conv_17630_label1.mp3,1
conv_11859_label1.mp3,1
conv_05004_label1.mp3,1
conv_05388_label0.mp3,0
conv_16208_label1.mp3,1
conv_20272_label0.mp3,0
conv_10058_label1.mp3,1
conv_07202_label0.mp3,0
conv_19713_label1.mp3,1
conv_14224_label0.mp3,0
conv_02778_label1.mp3,1
conv_20454_label0.mp3,0
conv_12276_label1.mp3,1
conv_07573_label0.mp3,0
conv_10699_label1.mp3,1
conv_08600_label0.mp3,0
conv_20094_label1.mp3,1
conv_09155_label1.mp3,1
conv_09232_label1.mp3,1
conv_11375_label1.mp3,1
conv_12628_label0.mp3,0
conv_00966_label0.mp3,0
conv_05151_label0.mp3,0
conv_09690_label0.mp3,0
conv_16692_label1.mp3,1
conv_03282_label0.mp3,0
conv_10138_label0.mp3,0
conv_18237_label0.mp3,0
conv_02321_label0.mp3,0
conv_17130_label0.mp3,0
conv_05506_label0.mp3,0
conv_10421_label0.mp3,0
conv_09968_label1.mp3,1
conv_07012_label0.mp3,0
conv_06084_label0.mp3,0
conv_09038_label0.mp3,0
conv_01973_label1.mp3,1
conv_19836_label0.mp3,0
conv_00949_label0.mp3,0
conv_13992_label0.mp3,0
conv_15702_label0.mp3,0
conv_12990_label1.mp3,1
conv_00997_label0.mp3,0
conv_18999_label0.mp3,0
conv_06102_label0.mp3,0
conv_08442_label1.mp3,1
conv_15462_label1.mp3,1
conv_16568_label1.mp3,1
conv_20081_label0.mp3,0
conv_08091_label1.mp3,1
conv_10933_label0.mp3,0
conv_01171_label0.mp3,0
conv_18062_label0.mp3,0
conv_12182_label1.mp3,1
conv_12002_label1.mp3,1
conv_03272_label0.mp3,0
conv_13795_label1.mp3,1
conv_16935_label1.mp3,1
conv_07982_label1.mp3,1
conv_09701_label1.mp3,1
conv_03687_label0.mp3,0
conv_15914_label1.mp3,1
conv_15941_label1.mp3,1
conv_06011_label1.mp3,1
conv_12405_label0.mp3,0
conv_00066_label1.mp3,1
conv_21028_label1.mp3,1
conv_13545_label0.mp3,0
conv_20575_label0.mp3,0
conv_20351_label0.mp3,0
conv_00892_label1.mp3,1
conv_19592_label0.mp3,0
conv_14816_label1.mp3,1
conv_14455_label0.mp3,0
conv_08002_label1.mp3,1
conv_07643_label1.mp3,1
conv_03691_label1.mp3,1
conv_19258_label1.mp3,1
conv_17597_label1.mp3,1
conv_06764_label1.mp3,1
conv_00506_label0.mp3,0
conv_10937_label0.mp3,0
conv_03248_label0.mp3,0
conv_17374_label1.mp3,1
conv_07043_label0.mp3,0
conv_19838_label1.mp3,1
conv_06949_label1.mp3,1
conv_03286_label0.mp3,0
conv_18203_label0.mp3,0
conv_10875_label1.mp3,1
conv_14186_label1.mp3,1
conv_15496_label1.mp3,1
conv_01797_label0.mp3,0
conv_12633_label0.mp3,0
conv_19616_label0.mp3,0
conv_21249_label1.mp3,1
conv_14587_label0.mp3,0
conv_19257_label1.mp3,1
conv_19002_label1.mp3,1
conv_01113_label1.mp3,1
conv_06947_label1.mp3,1
conv_06153_label1.mp3,1
conv_06549_label1.mp3,1
conv_16760_label0.mp3,0
conv_09001_label1.mp3,1
conv_07853_label1.mp3,1
conv_08361_label0.mp3,0
conv_20764_label0.mp3,0
conv_03372_label1.mp3,1
conv_02104_label0.mp3,0
conv_05486_label0.mp3,0
conv_19521_label1.mp3,1
conv_06852_label0.mp3,0
conv_10465_label1.mp3,1
conv_08776_label1.mp3,1
conv_21132_label0.mp3,0
conv_16459_label0.mp3,0
conv_13484_label1.mp3,1
conv_18174_label0.mp3,0
conv_20033_label0.mp3,0
conv_14116_label0.mp3,0
conv_14187_label1.mp3,1
conv_15274_label1.mp3,1
conv_06894_label0.mp3,0
conv_13953_label0.mp3,0
conv_14643_label1.mp3,1
conv_14432_label0.mp3,0
conv_16780_label0.mp3,0
conv_20324_label1.mp3,1
conv_19466_label0.mp3,0
conv_17066_label1.mp3,1
conv_19759_label0.mp3,0
conv_11184_label1.mp3,1
conv_05297_label0.mp3,0
conv_12165_label1.mp3,1
conv_07487_label1.mp3,1
conv_09114_label0.mp3,0
conv_16708_label1.mp3,1
conv_15524_label1.mp3,1
conv_01365_label0.mp3,0
conv_03022_label1.mp3,1
conv_20204_label1.mp3,1
conv_07433_label1.mp3,1
conv_08289_label0.mp3,0
conv_18792_label1.mp3,1
conv_16859_label1.mp3,1
conv_06842_label1.mp3,1
conv_20415_label0.mp3,0
conv_03503_label1.mp3,1
conv_03592_label1.mp3,1
conv_16864_label1.mp3,1
conv_07048_label0.mp3,0
conv_13119_label1.mp3,1
conv_10606_label0.mp3,0
conv_06580_label1.mp3,1
conv_14641_label1.mp3,1
conv_18002_label0.mp3,0
conv_05692_label0.mp3,0
conv_09408_label0.mp3,0
conv_02537_label1.mp3,1
conv_09305_label1.mp3,1
conv_19247_label1.mp3,1
conv_11729_label1.mp3,1
conv_04638_label1.mp3,1
conv_18202_label1.mp3,1
conv_05803_label1.mp3,1
conv_09290_label0.mp3,0
conv_19572_label0.mp3,0
conv_00451_label0.mp3,0
conv_21008_label1.mp3,1
conv_14438_label1.mp3,1
conv_11195_label1.mp3,1
conv_17943_label1.mp3,1
conv_10658_label1.mp3,1
conv_12094_label1.mp3,1
conv_04716_label1.mp3,1
conv_03431_label1.mp3,1
conv_15846_label1.mp3,1
conv_20198_label0.mp3,0
conv_09307_label1.mp3,1
conv_20718_label1.mp3,1
conv_15025_label0.mp3,0
conv_17815_label0.mp3,0
conv_04496_label1.mp3,1
conv_02032_label1.mp3,1
conv_09336_label1.mp3,1
conv_12652_label0.mp3,0
conv_17405_label1.mp3,1
conv_19845_label0.mp3,0
conv_13260_label0.mp3,0
conv_10837_label0.mp3,0
conv_18547_label1.mp3,1
conv_13672_label0.mp3,0
conv_07291_label0.mp3,0
conv_14112_label1.mp3,1
conv_00188_label0.mp3,0
conv_17201_label1.mp3,1
conv_03548_label0.mp3,0
conv_12335_label1.mp3,1
conv_17841_label0.mp3,0
conv_11136_label1.mp3,1
conv_20028_label1.mp3,1
conv_17046_label0.mp3,0
conv_04865_label1.mp3,1
conv_08775_label1.mp3,1
conv_06561_label1.mp3,1
conv_14900_label1.mp3,1
conv_04941_label0.mp3,0
conv_08393_label1.mp3,1
conv_16266_label0.mp3,0
conv_14323_label1.mp3,1
conv_12512_label1.mp3,1
conv_07516_label1.mp3,1
conv_15604_label1.mp3,1
conv_12861_label1.mp3,1
conv_11417_label0.mp3,0
conv_11300_label0.mp3,0
conv_05440_label0.mp3,0
conv_02516_label0.mp3,0
conv_21304_label1.mp3,1
conv_14075_label1.mp3,1
conv_10081_label0.mp3,0
conv_18726_label1.mp3,1
conv_11766_label1.mp3,1
conv_02268_label1.mp3,1
conv_08439_label0.mp3,0
conv_14751_label1.mp3,1
conv_18400_label0.mp3,0
conv_10228_label1.mp3,1
conv_10868_label0.mp3,0
conv_21245_label0.mp3,0
conv_17629_label0.mp3,0
conv_15055_label1.mp3,1
conv_17706_label0.mp3,0
conv_16973_label1.mp3,1
conv_16525_label0.mp3,0
conv_03662_label1.mp3,1
conv_17591_label0.mp3,0
conv_20809_label1.mp3,1
conv_09373_label0.mp3,0
conv_09677_label1.mp3,1
conv_05543_label1.mp3,1
conv_09131_label1.mp3,1
conv_21093_label1.mp3,1
conv_15397_label1.mp3,1
conv_11933_label0.mp3,0
conv_14070_label0.mp3,0
conv_06345_label0.mp3,0
conv_03419_label0.mp3,0
conv_10550_label0.mp3,0
conv_08708_label1.mp3,1
conv_17435_label0.mp3,0
conv_09135_label0.mp3,0
conv_08607_label0.mp3,0
conv_14614_label1.mp3,1
conv_11944_label0.mp3,0
conv_07407_label0.mp3,0
conv_14350_label0.mp3,0
conv_13923_label1.mp3,1
conv_17790_label1.mp3,1
conv_15903_label1.mp3,1
conv_18884_label0.mp3,0
conv_03207_label1.mp3,1
conv_01641_label0.mp3,0
conv_18464_label0.mp3,0
conv_19695_label0.mp3,0
conv_13586_label0.mp3,0
conv_07442_label0.mp3,0
conv_02427_label0.mp3,0
conv_13105_label0.mp3,0
conv_17360_label0.mp3,0
conv_10009_label0.mp3,0
conv_13901_label0.mp3,0
conv_20729_label0.mp3,0
conv_10565_label0.mp3,0
conv_16162_label1.mp3,1
conv_05023_label0.mp3,0
conv_07608_label1.mp3,1
conv_05585_label1.mp3,1
conv_04593_label0.mp3,0
conv_11694_label1.mp3,1
conv_15877_label0.mp3,0
conv_04421_label0.mp3,0
conv_08201_label1.mp3,1
conv_11318_label0.mp3,0
conv_15720_label1.mp3,1
conv_15459_label1.mp3,1
conv_06348_label1.mp3,1
conv_03515_label0.mp3,0
conv_18319_label1.mp3,1
conv_08664_label0.mp3,0
conv_10672_label0.mp3,0
conv_16110_label1.mp3,1
conv_21276_label1.mp3,1
conv_19443_label1.mp3,1
conv_02891_label1.mp3,1
conv_01602_label1.mp3,1
conv_20223_label1.mp3,1
conv_10788_label1.mp3,1
conv_08419_label0.mp3,0
conv_07627_label1.mp3,1
conv_11282_label0.mp3,0
conv_17716_label1.mp3,1
conv_20898_label1.mp3,1
conv_07501_label0.mp3,0
conv_04617_label1.mp3,1
conv_03991_label1.mp3,1
conv_16823_label0.mp3,0
conv_14031_label1.mp3,1
conv_07964_label1.mp3,1
conv_18948_label1.mp3,1
conv_18728_label1.mp3,1
conv_14520_label1.mp3,1
conv_14344_label1.mp3,1
conv_13471_label0.mp3,0
conv_12601_label1.mp3,1
conv_00391_label1.mp3,1
conv_01801_label1.mp3,1
conv_05789_label1.mp3,1
conv_02497_label0.mp3,0
conv_05673_label1.mp3,1
conv_05034_label1.mp3,1
conv_05605_label0.mp3,0
conv_09334_label0.mp3,0
conv_14906_label0.mp3,0
conv_04594_label0.mp3,0
conv_11561_label1.mp3,1
conv_12840_label0.mp3,0
conv_04203_label0.mp3,0
conv_05433_label1.mp3,1
conv_15888_label1.mp3,1
conv_14807_label1.mp3,1
conv_16790_label0.mp3,0
conv_13487_label1.mp3,1
conv_07206_label0.mp3,0
conv_13512_label0.mp3,0
conv_20408_label1.mp3,1
conv_00097_label1.mp3,1
conv_04066_label1.mp3,1
conv_08166_label1.mp3,1
conv_17996_label0.mp3,0
conv_15010_label0.mp3,0
conv_02540_label1.mp3,1
conv_00335_label0.mp3,0
conv_20737_label1.mp3,1
conv_05002_label0.mp3,0
conv_04683_label0.mp3,0
conv_11696_label1.mp3,1
conv_13122_label1.mp3,1
conv_13052_label0.mp3,0
conv_16160_label1.mp3,1
conv_16831_label0.mp3,0
conv_19278_label1.mp3,1
conv_04219_label1.mp3,1
conv_16978_label1.mp3,1
conv_12187_label0.mp3,0
conv_11504_label0.mp3,0
conv_19509_label1.mp3,1
conv_20484_label1.mp3,1
conv_01119_label0.mp3,0
conv_15302_label1.mp3,1
conv_02258_label0.mp3,0
conv_18984_label0.mp3,0
conv_06631_label1.mp3,1
conv_03610_label0.mp3,0
conv_10664_label1.mp3,1
conv_04420_label1.mp3,1
conv_13627_label1.mp3,1
conv_21241_label1.mp3,1
conv_05072_label0.mp3,0
conv_09655_label0.mp3,0
conv_13090_label0.mp3,0
conv_20120_label1.mp3,1
conv_02333_label0.mp3,0
conv_00909_label0.mp3,0
conv_15405_label1.mp3,1
conv_20537_label0.mp3,0
conv_17564_label1.mp3,1
conv_03082_label1.mp3,1
conv_12049_label0.mp3,0
conv_11212_label0.mp3,0
conv_14148_label1.mp3,1
conv_11685_label0.mp3,0
conv_08783_label0.mp3,0
conv_17262_label0.mp3,0
conv_04860_label1.mp3,1
conv_17252_label0.mp3,0
conv_06997_label0.mp3,0
conv_05130_label1.mp3,1
conv_04986_label1.mp3,1
conv_12900_label1.mp3,1
conv_18686_label0.mp3,0
conv_15703_label1.mp3,1
conv_01354_label1.mp3,1
conv_19061_label0.mp3,0
conv_15966_label0.mp3,0
conv_06890_label0.mp3,0
conv_01077_label0.mp3,0
conv_02006_label1.mp3,1
conv_11603_label1.mp3,1
conv_10412_label1.mp3,1
conv_13385_label1.mp3,1
conv_00542_label0.mp3,0
conv_04122_label1.mp3,1
conv_15904_label0.mp3,0
conv_07136_label0.mp3,0
conv_20299_label1.mp3,1
conv_17720_label0.mp3,0
conv_07122_label0.mp3,0
conv_20855_label1.mp3,1
conv_18282_label0.mp3,0
conv_20745_label0.mp3,0
conv_13223_label1.mp3,1
conv_21031_label1.mp3,1
conv_17421_label1.mp3,1
conv_01105_label1.mp3,1
conv_08268_label1.mp3,1
conv_04416_label0.mp3,0
conv_03863_label0.mp3,0
conv_11223_label1.mp3,1
conv_00135_label0.mp3,0
conv_10344_label1.mp3,1
conv_14885_label0.mp3,0
conv_19813_label1.mp3,1
conv_12268_label1.mp3,1
conv_16587_label0.mp3,0
conv_02448_label1.mp3,1
conv_07338_label0.mp3,0
conv_01439_label0.mp3,0
conv_18019_label1.mp3,1
conv_01889_label1.mp3,1
conv_12662_label1.mp3,1
conv_05572_label0.mp3,0
conv_06554_label1.mp3,1
conv_17892_label1.mp3,1
conv_18101_label1.mp3,1
conv_10302_label1.mp3,1
conv_14908_label0.mp3,0
conv_19565_label0.mp3,0
conv_10306_label0.mp3,0
conv_08147_label1.mp3,1
conv_02701_label0.mp3,0
conv_02410_label0.mp3,0
conv_19098_label1.mp3,1
conv_16304_label0.mp3,0
conv_02851_label1.mp3,1
conv_16879_label1.mp3,1
conv_17325_label0.mp3,0
conv_01553_label0.mp3,0
conv_02042_label1.mp3,1
conv_12650_label0.mp3,0
conv_20466_label0.mp3,0
conv_14025_label1.mp3,1
conv_04216_label1.mp3,1
conv_13096_label1.mp3,1
conv_12943_label0.mp3,0
conv_15565_label0.mp3,0
conv_19206_label0.mp3,0
conv_13058_label0.mp3,0
conv_08819_label0.mp3,0
conv_20981_label0.mp3,0
conv_07559_label1.mp3,1
conv_13202_label0.mp3,0
conv_09862_label0.mp3,0
conv_10734_label0.mp3,0
conv_10533_label1.mp3,1
conv_13024_label1.mp3,1
conv_12658_label0.mp3,0
conv_05420_label1.mp3,1
conv_20319_label1.mp3,1
conv_05479_label0.mp3,0
conv_14168_label0.mp3,0
conv_03730_label1.mp3,1
conv_20596_label0.mp3,0
conv_19085_label0.mp3,0
conv_17198_label1.mp3,1
conv_08976_label1.mp3,1
conv_11950_label1.mp3,1
conv_13893_label0.mp3,0
conv_16132_label1.mp3,1
conv_11303_label1.mp3,1
conv_13812_label0.mp3,0
conv_01951_label0.mp3,0
conv_06342_label1.mp3,1
conv_07837_label1.mp3,1
conv_09378_label0.mp3,0
conv_12810_label1.mp3,1
conv_03428_label1.mp3,1
conv_07613_label1.mp3,1
conv_06597_label0.mp3,0
conv_17709_label0.mp3,0
conv_09824_label0.mp3,0
conv_02513_label0.mp3,0
conv_07808_label0.mp3,0
conv_12267_label1.mp3,1
conv_16004_label1.mp3,1
conv_20681_label0.mp3,0
conv_04459_label1.mp3,1
conv_20205_label1.mp3,1
conv_17501_label1.mp3,1
conv_04601_label0.mp3,0
conv_00770_label1.mp3,1
conv_01376_label1.mp3,1
conv_04902_label0.mp3,0
conv_15652_label0.mp3,0
conv_08046_label0.mp3,0
conv_15730_label1.mp3,1
conv_04088_label1.mp3,1
conv_20549_label1.mp3,1
conv_17330_label0.mp3,0
conv_19260_label0.mp3,0
conv_20093_label0.mp3,0
conv_13196_label1.mp3,1
conv_04159_label0.mp3,0
conv_02181_label1.mp3,1
conv_21258_label0.mp3,0
conv_15155_label1.mp3,1
conv_05616_label0.mp3,0
conv_03665_label1.mp3,1
conv_03557_label1.mp3,1
conv_13493_label1.mp3,1
conv_21222_label0.mp3,0
conv_03148_label0.mp3,0
conv_01845_label0.mp3,0
conv_08857_label1.mp3,1
conv_19377_label0.mp3,0
conv_01477_label0.mp3,0
conv_13616_label1.mp3,1
conv_18722_label0.mp3,0
conv_00410_label0.mp3,0
conv_07771_label0.mp3,0
conv_14848_label0.mp3,0
conv_07275_label1.mp3,1
conv_04531_label1.mp3,1
conv_19270_label1.mp3,1
conv_05496_label1.mp3,1
conv_01167_label1.mp3,1
conv_11687_label0.mp3,0
conv_07470_label1.mp3,1
conv_17248_label1.mp3,1
conv_07138_label1.mp3,1
conv_17035_label0.mp3,0
conv_08024_label0.mp3,0
conv_10026_label0.mp3,0
conv_07835_label0.mp3,0
conv_05150_label1.mp3,1
conv_18087_label1.mp3,1
conv_05261_label0.mp3,0
conv_17307_label1.mp3,1
conv_13645_label0.mp3,0
conv_18651_label0.mp3,0
conv_14470_label0.mp3,0
conv_05772_label1.mp3,1
conv_04385_label1.mp3,1
conv_05379_label1.mp3,1
conv_13437_label1.mp3,1
conv_12478_label0.mp3,0
conv_05592_label1.mp3,1
conv_04232_label1.mp3,1
conv_20877_label0.mp3,0
conv_16167_label0.mp3,0
conv_20031_label1.mp3,1
conv_20851_label0.mp3,0
conv_17105_label1.mp3,1
conv_21329_label0.mp3,0
conv_17174_label0.mp3,0
conv_20609_label0.mp3,0
conv_03454_label1.mp3,1
conv_03774_label0.mp3,0
conv_02106_label0.mp3,0
conv_08199_label1.mp3,1
conv_14436_label1.mp3,1
conv_03712_label0.mp3,0
conv_14941_label1.mp3,1
conv_20353_label0.mp3,0
conv_15852_label1.mp3,1
conv_05670_label1.mp3,1
conv_11598_label1.mp3,1
conv_12047_label0.mp3,0
conv_20514_label0.mp3,0
conv_03467_label0.mp3,0
conv_07456_label1.mp3,1
conv_02371_label1.mp3,1
conv_12224_label1.mp3,1
conv_09812_label0.mp3,0
conv_10227_label0.mp3,0
conv_06074_label1.mp3,1
conv_20527_label0.mp3,0
conv_06351_label1.mp3,1
conv_21296_label0.mp3,0
conv_20211_label1.mp3,1
conv_05228_label0.mp3,0
conv_18084_label0.mp3,0
conv_19367_label1.mp3,1
conv_04704_label0.mp3,0
conv_12851_label0.mp3,0
conv_13863_label1.mp3,1
conv_11500_label0.mp3,0
conv_00475_label1.mp3,1
conv_13229_label1.mp3,1
conv_05563_label1.mp3,1
conv_00990_label0.mp3,0
conv_04479_label1.mp3,1
conv_17462_label1.mp3,1
conv_09759_label0.mp3,0
conv_01220_label0.mp3,0
conv_01118_label1.mp3,1
conv_16528_label0.mp3,0
conv_07219_label0.mp3,0
conv_00029_label0.mp3,0
conv_08176_label0.mp3,0
conv_19158_label1.mp3,1
conv_09225_label0.mp3,0
conv_01317_label1.mp3,1
conv_12374_label1.mp3,1
conv_10578_label0.mp3,0
conv_13312_label1.mp3,1
conv_19567_label1.mp3,1
conv_14018_label0.mp3,0
conv_07568_label1.mp3,1
conv_00926_label1.mp3,1
conv_08929_label0.mp3,0
conv_14434_label0.mp3,0
conv_07956_label1.mp3,1
conv_12262_label0.mp3,0
conv_11735_label1.mp3,1
conv_12303_label0.mp3,0
conv_00363_label1.mp3,1
conv_00080_label1.mp3,1
conv_11647_label1.mp3,1
conv_10046_label1.mp3,1
conv_21299_label0.mp3,0
conv_06572_label1.mp3,1
conv_12411_label1.mp3,1
conv_08105_label1.mp3,1
conv_04230_label0.mp3,0
conv_07453_label1.mp3,1
conv_17359_label1.mp3,1
conv_04482_label1.mp3,1
conv_14435_label0.mp3,0
conv_13692_label0.mp3,0
conv_08983_label0.mp3,0
conv_14080_label0.mp3,0
conv_17165_label0.mp3,0
conv_04389_label1.mp3,1
conv_12313_label0.mp3,0
conv_16885_label1.mp3,1
conv_11228_label0.mp3,0
conv_10150_label1.mp3,1
conv_08781_label0.mp3,0
conv_18192_label0.mp3,0
conv_12506_label1.mp3,1
conv_03679_label0.mp3,0
conv_21016_label1.mp3,1
conv_05533_label0.mp3,0
conv_00634_label0.mp3,0
conv_05168_label1.mp3,1
conv_05699_label1.mp3,1
conv_10546_label1.mp3,1
conv_17200_label1.mp3,1
conv_13070_label1.mp3,1
conv_17110_label0.mp3,0
conv_18493_label1.mp3,1
conv_11632_label0.mp3,0
conv_05900_label0.mp3,0
conv_02865_label0.mp3,0
conv_19292_label0.mp3,0
conv_18723_label1.mp3,1
conv_13591_label1.mp3,1
conv_16852_label0.mp3,0
conv_00559_label0.mp3,0
conv_03652_label1.mp3,1
conv_06022_label1.mp3,1
conv_15388_label1.mp3,1
conv_16709_label0.mp3,0
conv_11140_label0.mp3,0
conv_20214_label0.mp3,0
conv_06039_label0.mp3,0
conv_02670_label1.mp3,1
conv_08867_label0.mp3,0
conv_07295_label0.mp3,0
conv_04551_label0.mp3,0
conv_12820_label1.mp3,1
conv_17895_label1.mp3,1
conv_13772_label1.mp3,1
conv_21344_label0.mp3,0
conv_11984_label1.mp3,1
conv_10764_label1.mp3,1
conv_13374_label1.mp3,1
conv_14870_label0.mp3,0
conv_04984_label1.mp3,1
conv_05515_label1.mp3,1
conv_10780_label0.mp3,0
conv_21125_label1.mp3,1
conv_01424_label0.mp3,0
conv_05391_label1.mp3,1
conv_17782_label1.mp3,1
conv_01566_label1.mp3,1
conv_16949_label0.mp3,0
conv_06360_label0.mp3,0
conv_10680_label1.mp3,1
conv_21307_label1.mp3,1
conv_14579_label0.mp3,0
conv_04811_label0.mp3,0
conv_00787_label0.mp3,0
conv_02548_label1.mp3,1
conv_04017_label1.mp3,1
conv_14818_label1.mp3,1
conv_15427_label1.mp3,1
conv_08700_label0.mp3,0
conv_12161_label1.mp3,1
conv_16526_label1.mp3,1
conv_21155_label1.mp3,1
conv_12710_label1.mp3,1
conv_13776_label1.mp3,1
conv_20730_label0.mp3,0
conv_09750_label0.mp3,0
conv_05460_label0.mp3,0
conv_08998_label1.mp3,1
conv_06667_label0.mp3,0
conv_16606_label1.mp3,1
conv_03257_label0.mp3,0
conv_04302_label0.mp3,0
conv_04851_label0.mp3,0
conv_17460_label1.mp3,1
conv_06507_label0.mp3,0
conv_10655_label0.mp3,0
conv_17311_label0.mp3,0
conv_07250_label0.mp3,0
conv_08836_label0.mp3,0
conv_11000_label0.mp3,0
conv_03197_label1.mp3,1
conv_17085_label1.mp3,1
conv_13409_label0.mp3,0
conv_16269_label1.mp3,1
conv_19118_label1.mp3,1
conv_08855_label1.mp3,1
conv_20224_label1.mp3,1
conv_20965_label1.mp3,1
conv_02599_label0.mp3,0
conv_04887_label0.mp3,0
conv_17300_label1.mp3,1
conv_07192_label0.mp3,0
conv_00005_label0.mp3,0
conv_14302_label0.mp3,0
conv_04002_label0.mp3,0
conv_00767_label1.mp3,1
conv_01389_label1.mp3,1
conv_16429_label1.mp3,1
conv_03186_label1.mp3,1
conv_15136_label0.mp3,0
conv_06476_label0.mp3,0
conv_04109_label1.mp3,1
conv_03922_label0.mp3,0
conv_10985_label1.mp3,1
conv_19077_label0.mp3,0
conv_01786_label1.mp3,1
conv_08213_label1.mp3,1
conv_07107_label1.mp3,1
conv_09301_label1.mp3,1
conv_09793_label0.mp3,0
conv_15997_label1.mp3,1
conv_09878_label1.mp3,1
conv_20139_label0.mp3,0
conv_13030_label0.mp3,0
conv_20247_label0.mp3,0
conv_02356_label1.mp3,1
conv_13600_label0.mp3,0
conv_07037_label1.mp3,1
conv_14134_label1.mp3,1
conv_20374_label0.mp3,0
conv_05587_label1.mp3,1
conv_10896_label0.mp3,0
conv_13198_label1.mp3,1
conv_11917_label0.mp3,0
conv_02408_label0.mp3,0
conv_09649_label1.mp3,1
conv_03955_label0.mp3,0
conv_18415_label0.mp3,0
conv_12552_label0.mp3,0
conv_09525_label1.mp3,1
conv_11762_label0.mp3,0
conv_06040_label1.mp3,1
conv_01883_label1.mp3,1
conv_00661_label1.mp3,1
conv_08834_label1.mp3,1
conv_06728_label0.mp3,0
conv_04717_label1.mp3,1
conv_16937_label1.mp3,1
conv_01072_label1.mp3,1
conv_02022_label1.mp3,1
conv_03001_label0.mp3,0
conv_21018_label0.mp3,0
conv_16622_label0.mp3,0
conv_19506_label1.mp3,1
conv_00676_label1.mp3,1
conv_17324_label0.mp3,0
conv_21256_label0.mp3,0
conv_11317_label1.mp3,1
conv_15240_label0.mp3,0
conv_19223_label0.mp3,0
conv_19886_label1.mp3,1
conv_03829_label1.mp3,1
conv_15505_label0.mp3,0
conv_13979_label0.mp3,0
conv_12500_label1.mp3,1
conv_07518_label1.mp3,1
conv_16546_label0.mp3,0
conv_21159_label0.mp3,0
conv_07872_label1.mp3,1
conv_10092_label1.mp3,1
conv_01532_label1.mp3,1
conv_17871_label0.mp3,0
conv_00226_label1.mp3,1
conv_13497_label1.mp3,1
conv_17560_label1.mp3,1
conv_17036_label0.mp3,0
conv_17171_label1.mp3,1
conv_14135_label1.mp3,1
conv_18676_label1.mp3,1
conv_04619_label1.mp3,1
conv_01342_label1.mp3,1
conv_12107_label0.mp3,0
conv_09675_label0.mp3,0
conv_12207_label1.mp3,1
conv_19398_label1.mp3,1
conv_14096_label0.mp3,0
conv_07341_label0.mp3,0
conv_09455_label0.mp3,0
conv_12620_label1.mp3,1
conv_03180_label0.mp3,0
conv_05786_label0.mp3,0
conv_00381_label0.mp3,0
conv_04759_label0.mp3,0
conv_07280_label1.mp3,1
conv_04658_label0.mp3,0
conv_20623_label1.mp3,1
conv_16635_label0.mp3,0
conv_09134_label1.mp3,1
conv_04091_label1.mp3,1
conv_11489_label0.mp3,0
conv_19667_label0.mp3,0
conv_10752_label0.mp3,0
conv_21133_label0.mp3,0
conv_19684_label0.mp3,0
conv_01741_label0.mp3,0
conv_14888_label0.mp3,0
conv_09452_label1.mp3,1
conv_01349_label0.mp3,0
conv_15192_label0.mp3,0
conv_14061_label0.mp3,0
conv_18907_label1.mp3,1
conv_20925_label1.mp3,1
conv_15800_label0.mp3,0
conv_04115_label1.mp3,1
conv_11391_label1.mp3,1
conv_09035_label0.mp3,0
conv_20710_label0.mp3,0
conv_14491_label0.mp3,0
conv_11242_label1.mp3,1
conv_17411_label1.mp3,1
conv_20065_label1.mp3,1
conv_01600_label1.mp3,1
conv_13640_label0.mp3,0
conv_19251_label1.mp3,1
conv_17400_label1.mp3,1
conv_04305_label1.mp3,1
conv_08198_label0.mp3,0
conv_01326_label0.mp3,0
conv_08538_label0.mp3,0
conv_10006_label1.mp3,1
conv_04819_label0.mp3,0
conv_06721_label1.mp3,1
conv_10512_label0.mp3,0
conv_01449_label1.mp3,1
conv_03422_label1.mp3,1
conv_14561_label0.mp3,0
conv_10705_label0.mp3,0
conv_15057_label0.mp3,0
conv_10834_label1.mp3,1
conv_13978_label0.mp3,0
conv_04291_label1.mp3,1
conv_16357_label0.mp3,0
conv_01367_label1.mp3,1
conv_13290_label0.mp3,0
conv_07851_label1.mp3,1
conv_14626_label1.mp3,1
conv_08556_label0.mp3,0
conv_06346_label1.mp3,1
conv_07009_label0.mp3,0
conv_09945_label0.mp3,0
conv_18991_label1.mp3,1
conv_20013_label0.mp3,0
conv_17592_label0.mp3,0
conv_08990_label1.mp3,1
conv_00778_label0.mp3,0
conv_03919_label1.mp3,1
conv_18851_label0.mp3,0
conv_04810_label1.mp3,1
conv_09974_label0.mp3,0
conv_02980_label1.mp3,1
conv_00167_label0.mp3,0
conv_02682_label1.mp3,1
conv_04660_label0.mp3,0
conv_00142_label1.mp3,1
conv_08463_label0.mp3,0
conv_04141_label0.mp3,0
conv_07057_label1.mp3,1
conv_20970_label1.mp3,1
conv_15770_label1.mp3,1
conv_04873_label1.mp3,1
conv_00868_label0.mp3,0
conv_14073_label1.mp3,1
conv_03378_label0.mp3,0
conv_16588_label0.mp3,0
conv_07629_label1.mp3,1
conv_19231_label0.mp3,0
conv_09095_label0.mp3,0
conv_07671_label1.mp3,1
conv_17771_label0.mp3,0
conv_01991_label0.mp3,0
conv_09626_label0.mp3,0
conv_18432_label0.mp3,0
conv_16321_label0.mp3,0
conv_05138_label1.mp3,1
conv_02635_label1.mp3,1
conv_08278_label1.mp3,1
conv_07451_label1.mp3,1
conv_09934_label0.mp3,0
conv_11295_label1.mp3,1
conv_15593_label1.mp3,1
conv_20627_label1.mp3,1
conv_19314_label0.mp3,0
conv_16938_label0.mp3,0
conv_08596_label1.mp3,1
conv_02183_label0.mp3,0
conv_08461_label0.mp3,0
conv_11904_label0.mp3,0
conv_00950_label0.mp3,0
conv_11372_label1.mp3,1
conv_12926_label1.mp3,1
conv_11072_label0.mp3,0
conv_06114_label1.mp3,1
conv_18654_label0.mp3,0
conv_20111_label0.mp3,0
conv_05410_label0.mp3,0
conv_12882_label1.mp3,1
conv_12597_label1.mp3,1
conv_19302_label0.mp3,0
conv_13831_label1.mp3,1
conv_14671_label1.mp3,1
conv_09819_label1.mp3,1
conv_19161_label0.mp3,0
conv_20431_label0.mp3,0
conv_00493_label1.mp3,1
conv_07564_label0.mp3,0
conv_07544_label0.mp3,0
conv_17518_label1.mp3,1
conv_19644_label0.mp3,0
conv_16994_label1.mp3,1
conv_03499_label1.mp3,1
conv_08553_label1.mp3,1
conv_08059_label0.mp3,0
conv_06410_label1.mp3,1
conv_01015_label0.mp3,0
conv_01682_label0.mp3,0
conv_08872_label1.mp3,1
conv_00016_label1.mp3,1
conv_14222_label1.mp3,1
conv_21167_label0.mp3,0
conv_00832_label1.mp3,1
conv_15928_label0.mp3,0
conv_12120_label0.mp3,0
conv_02562_label1.mp3,1
conv_04936_label1.mp3,1
conv_09911_label0.mp3,0
conv_00902_label0.mp3,0
conv_11202_label0.mp3,0
conv_09260_label1.mp3,1
conv_21007_label1.mp3,1
conv_17781_label1.mp3,1
conv_05986_label0.mp3,0
conv_18152_label0.mp3,0
conv_09493_label0.mp3,0
conv_01881_label1.mp3,1
conv_03830_label0.mp3,0
conv_11517_label0.mp3,0
conv_09529_label0.mp3,0
conv_12205_label1.mp3,1
conv_02324_label1.mp3,1
conv_21208_label0.mp3,0
conv_02544_label0.mp3,0
conv_13077_label0.mp3,0
conv_02903_label0.mp3,0
conv_17941_label0.mp3,0
conv_17445_label0.mp3,0
conv_00723_label1.mp3,1
conv_18105_label0.mp3,0
conv_14905_label0.mp3,0
conv_05108_label0.mp3,0
conv_04554_label1.mp3,1
conv_17472_label1.mp3,1
conv_03436_label1.mp3,1
conv_17750_label0.mp3,0
conv_03062_label0.mp3,0
conv_10614_label1.mp3,1
conv_13674_label0.mp3,0
conv_05784_label1.mp3,1
conv_17108_label0.mp3,0
conv_10493_label0.mp3,0
conv_08102_label0.mp3,0
conv_13924_label1.mp3,1
conv_11540_label0.mp3,0
conv_06305_label1.mp3,1
conv_01813_label1.mp3,1
conv_15143_label0.mp3,0
conv_13112_label1.mp3,1
conv_00765_label0.mp3,0
conv_09835_label1.mp3,1
conv_18702_label0.mp3,0
conv_14006_label0.mp3,0
conv_01222_label0.mp3,0
conv_00994_label1.mp3,1
conv_15742_label0.mp3,0
conv_01824_label1.mp3,1
conv_01437_label1.mp3,1
conv_14632_label1.mp3,1
conv_17688_label0.mp3,0
conv_16259_label1.mp3,1
conv_18207_label1.mp3,1
conv_18672_label0.mp3,0
conv_15124_label1.mp3,1
conv_17157_label0.mp3,0
conv_02373_label1.mp3,1
conv_06113_label1.mp3,1
conv_04748_label0.mp3,0
conv_20441_label1.mp3,1
conv_21169_label1.mp3,1
conv_21198_label0.mp3,0
conv_07183_label0.mp3,0
conv_13140_label1.mp3,1
conv_00377_label1.mp3,1
conv_03674_label0.mp3,0
conv_12584_label1.mp3,1
conv_10134_label0.mp3,0
conv_20475_label1.mp3,1
conv_00888_label0.mp3,0
conv_12975_label1.mp3,1
conv_13958_label1.mp3,1
conv_02103_label0.mp3,0
conv_05725_label1.mp3,1
conv_11162_label0.mp3,0
conv_17299_label0.mp3,0
conv_13798_label0.mp3,0
conv_04375_label1.mp3,1
conv_18713_label0.mp3,0
conv_03598_label0.mp3,0
conv_20749_label0.mp3,0
conv_07776_label0.mp3,0
conv_16550_label1.mp3,1
conv_02185_label1.mp3,1
conv_13828_label0.mp3,0
conv_16177_label1.mp3,1
conv_20263_label0.mp3,0
conv_07533_label0.mp3,0
conv_10095_label1.mp3,1
conv_17132_label0.mp3,0
conv_18455_label1.mp3,1
conv_14241_label1.mp3,1
conv_21315_label0.mp3,0
conv_15880_label1.mp3,1
conv_06759_label1.mp3,1
conv_15522_label1.mp3,1
conv_16009_label1.mp3,1
conv_19983_label0.mp3,0
conv_08207_label0.mp3,0
conv_19463_label0.mp3,0
conv_16471_label1.mp3,1
conv_13359_label0.mp3,0
conv_09113_label0.mp3,0
conv_13933_label1.mp3,1
conv_20948_label1.mp3,1
conv_09055_label1.mp3,1
conv_11997_label0.mp3,0
conv_20073_label0.mp3,0
conv_17779_label0.mp3,0
conv_17154_label0.mp3,0
conv_11954_label1.mp3,1
conv_15808_label1.mp3,1
conv_02611_label1.mp3,1
conv_07572_label0.mp3,0
conv_05709_label1.mp3,1
conv_12550_label1.mp3,1
conv_16404_label1.mp3,1
conv_00897_label0.mp3,0
conv_06527_label0.mp3,0
conv_05827_label1.mp3,1
conv_00641_label0.mp3,0
conv_16018_label1.mp3,1
conv_00916_label1.mp3,1
conv_00650_label1.mp3,1
conv_08459_label0.mp3,0
conv_20199_label0.mp3,0
conv_05035_label0.mp3,0
conv_16604_label1.mp3,1
conv_14448_label0.mp3,0
conv_16456_label1.mp3,1
conv_09189_label0.mp3,0
conv_14117_label0.mp3,0
conv_03321_label1.mp3,1
conv_07788_label0.mp3,0
conv_11143_label1.mp3,1
conv_01670_label1.mp3,1
conv_06566_label0.mp3,0
conv_00924_label0.mp3,0
conv_00617_label1.mp3,1
conv_18523_label0.mp3,0
conv_05545_label0.mp3,0
conv_03469_label0.mp3,0
conv_07621_label1.mp3,1
conv_08530_label1.mp3,1
conv_06441_label0.mp3,0
conv_00429_label1.mp3,1
conv_15675_label1.mp3,1
conv_05672_label1.mp3,1
conv_14993_label1.mp3,1
conv_08911_label0.mp3,0
conv_18803_label0.mp3,0
conv_15780_label1.mp3,1
conv_07271_label0.mp3,0
conv_18000_label0.mp3,0
conv_04546_label1.mp3,1
conv_02243_label1.mp3,1
conv_07373_label0.mp3,0
conv_14318_label1.mp3,1
conv_03673_label1.mp3,1
conv_13258_label0.mp3,0
conv_02746_label0.mp3,0
conv_01870_label1.mp3,1
conv_04016_label1.mp3,1
conv_18985_label1.mp3,1
conv_14862_label1.mp3,1
conv_02935_label1.mp3,1
conv_14718_label1.mp3,1
conv_20845_label0.mp3,0
conv_00411_label1.mp3,1
conv_02274_label1.mp3,1
conv_14688_label0.mp3,0
conv_17946_label1.mp3,1
conv_06298_label0.mp3,0
conv_04508_label1.mp3,1
conv_14497_label1.mp3,1
conv_12580_label1.mp3,1
conv_12024_label0.mp3,0
conv_06037_label0.mp3,0
conv_15761_label0.mp3,0
conv_08590_label0.mp3,0
conv_04698_label0.mp3,0
conv_18540_label1.mp3,1
conv_15989_label1.mp3,1
conv_00349_label0.mp3,0
conv_03702_label1.mp3,1
conv_16957_label1.mp3,1
conv_15203_label0.mp3,0
conv_07272_label1.mp3,1
conv_10959_label0.mp3,0
conv_02554_label0.mp3,0
conv_06428_label1.mp3,1
conv_00814_label0.mp3,0
conv_12995_label0.mp3,0
conv_06480_label1.mp3,1
conv_11379_label1.mp3,1
conv_06126_label1.mp3,1
conv_01842_label0.mp3,0
conv_20155_label1.mp3,1
conv_03198_label1.mp3,1
conv_17361_label1.mp3,1
conv_06648_label1.mp3,1
conv_03971_label1.mp3,1
conv_14620_label1.mp3,1
conv_01464_label0.mp3,0
conv_06920_label0.mp3,0
conv_21078_label1.mp3,1
conv_16951_label1.mp3,1
conv_08980_label0.mp3,0
conv_17997_label0.mp3,0
conv_02804_label0.mp3,0
conv_03564_label0.mp3,0
conv_21011_label1.mp3,1
conv_02087_label1.mp3,1
conv_08999_label0.mp3,0
conv_07184_label1.mp3,1
conv_02152_label1.mp3,1
conv_10086_label0.mp3,0
conv_14494_label0.mp3,0
conv_12480_label1.mp3,1
conv_13148_label0.mp3,0
conv_11484_label0.mp3,0
conv_03204_label0.mp3,0
conv_10654_label0.mp3,0
conv_11326_label1.mp3,1
conv_10239_label0.mp3,0
conv_10041_label1.mp3,1
conv_11854_label1.mp3,1
conv_06211_label0.mp3,0
conv_07575_label1.mp3,1
conv_08712_label0.mp3,0
conv_09399_label0.mp3,0
conv_06862_label1.mp3,1
conv_18696_label1.mp3,1
conv_07212_label1.mp3,1
conv_08618_label0.mp3,0
conv_20230_label1.mp3,1
conv_05588_label0.mp3,0
conv_17778_label0.mp3,0
conv_06303_label0.mp3,0
conv_04495_label1.mp3,1
conv_00627_label0.mp3,0
conv_10324_label1.mp3,1
conv_18453_label1.mp3,1
conv_01724_label1.mp3,1
conv_10261_label0.mp3,0
conv_12684_label1.mp3,1
conv_08113_label1.mp3,1
conv_04985_label0.mp3,0
conv_16161_label1.mp3,1
conv_18975_label0.mp3,0
conv_21309_label1.mp3,1
conv_14686_label1.mp3,1
conv_01050_label0.mp3,0
conv_01690_label1.mp3,1
conv_19670_label0.mp3,0
conv_04671_label1.mp3,1
conv_20424_label1.mp3,1
conv_06147_label1.mp3,1
conv_05028_label1.mp3,1
conv_12517_label0.mp3,0
conv_02319_label0.mp3,0
conv_11686_label0.mp3,0
conv_13968_label0.mp3,0
conv_17437_label1.mp3,1
conv_05762_label1.mp3,1
conv_16256_label1.mp3,1
conv_17170_label0.mp3,0
conv_15603_label1.mp3,1
conv_05200_label1.mp3,1
conv_09583_label0.mp3,0
conv_04461_label1.mp3,1
conv_13716_label0.mp3,0
conv_19378_label1.mp3,1
conv_09761_label1.mp3,1
conv_18370_label1.mp3,1
conv_07094_label1.mp3,1
conv_14726_label0.mp3,0
conv_02446_label0.mp3,0
conv_16387_label0.mp3,0
conv_08270_label0.mp3,0
conv_11860_label0.mp3,0
conv_18248_label1.mp3,1
conv_02524_label1.mp3,1
conv_02209_label0.mp3,0
conv_12471_label1.mp3,1
conv_12186_label0.mp3,0
conv_10903_label0.mp3,0
conv_01758_label0.mp3,0
conv_15920_label0.mp3,0
conv_09622_label0.mp3,0
conv_20429_label0.mp3,0
conv_10528_label1.mp3,1
conv_11649_label0.mp3,0
conv_13530_label0.mp3,0
conv_08996_label1.mp3,1
conv_13263_label1.mp3,1
conv_07349_label0.mp3,0
conv_01492_label1.mp3,1
conv_16344_label1.mp3,1
conv_17775_label1.mp3,1
conv_03817_label0.mp3,0
conv_14062_label0.mp3,0
conv_13284_label1.mp3,1
conv_06578_label0.mp3,0
conv_09730_label1.mp3,1
conv_04560_label1.mp3,1
conv_00330_label1.mp3,1
conv_05076_label0.mp3,0
conv_01195_label0.mp3,0
conv_00148_label1.mp3,1
conv_02059_label0.mp3,0
conv_06427_label1.mp3,1
conv_05220_label0.mp3,0
conv_16125_label1.mp3,1
conv_17356_label0.mp3,0
conv_18517_label1.mp3,1
conv_20354_label1.mp3,1
conv_13606_label1.mp3,1
conv_02503_label0.mp3,0
conv_19889_label0.mp3,0
conv_03694_label0.mp3,0
conv_14866_label1.mp3,1
conv_00324_label1.mp3,1
conv_01626_label0.mp3,0
conv_06693_label1.mp3,1
conv_07479_label0.mp3,0
conv_17728_label1.mp3,1
conv_05768_label1.mp3,1
conv_06979_label0.mp3,0
conv_04599_label0.mp3,0
conv_06530_label0.mp3,0
conv_06885_label1.mp3,1
conv_11847_label1.mp3,1
conv_02017_label0.mp3,0
conv_19552_label0.mp3,0
conv_02295_label0.mp3,0
conv_13418_label0.mp3,0
conv_06458_label1.mp3,1
conv_12979_label0.mp3,0
conv_20108_label0.mp3,0
conv_02267_label1.mp3,1
conv_01655_label1.mp3,1
conv_07915_label1.mp3,1
conv_01675_label1.mp3,1
conv_18608_label0.mp3,0
conv_19901_label1.mp3,1
conv_20457_label1.mp3,1
conv_04521_label1.mp3,1
conv_07387_label0.mp3,0
conv_14086_label1.mp3,1
conv_11651_label0.mp3,0
conv_16399_label1.mp3,1
conv_20476_label1.mp3,1
conv_13811_label1.mp3,1
conv_16324_label0.mp3,0
conv_10365_label0.mp3,0
conv_09161_label1.mp3,1
conv_09996_label0.mp3,0
conv_18762_label0.mp3,0
conv_08736_label1.mp3,1
conv_05601_label1.mp3,1
conv_18810_label1.mp3,1
conv_03658_label0.mp3,0
conv_11698_label0.mp3,0
conv_05010_label0.mp3,0
conv_00671_label0.mp3,0
conv_10118_label0.mp3,0
conv_16705_label0.mp3,0
conv_11026_label0.mp3,0
conv_18340_label0.mp3,0
conv_02959_label0.mp3,0
conv_08165_label1.mp3,1
conv_14691_label1.mp3,1
conv_17531_label0.mp3,0
conv_12146_label1.mp3,1
conv_14337_label0.mp3,0
conv_11113_label0.mp3,0
conv_05802_label0.mp3,0
conv_01320_label1.mp3,1
conv_15344_label0.mp3,0
conv_04243_label0.mp3,0
conv_04089_label0.mp3,0
conv_01986_label0.mp3,0
conv_17829_label0.mp3,0
conv_10032_label1.mp3,1
conv_15424_label1.mp3,1
conv_06193_label0.mp3,0
conv_18128_label0.mp3,0
conv_01708_label1.mp3,1
conv_01016_label0.mp3,0
conv_20460_label0.mp3,0
conv_16368_label1.mp3,1
conv_09943_label0.mp3,0
conv_03199_label1.mp3,1
conv_02576_label0.mp3,0
conv_12016_label0.mp3,0
conv_12902_label0.mp3,0
conv_21219_label1.mp3,1
conv_11629_label0.mp3,0
conv_05759_label0.mp3,0
conv_06224_label0.mp3,0
conv_01890_label0.mp3,0
conv_09973_label1.mp3,1
conv_20808_label0.mp3,0
conv_00704_label0.mp3,0
conv_09928_label0.mp3,0
conv_09991_label0.mp3,0
conv_00612_label0.mp3,0
conv_05448_label1.mp3,1
conv_12753_label1.mp3,1
conv_18482_label1.mp3,1
conv_17671_label0.mp3,0
conv_02293_label0.mp3,0
conv_05856_label0.mp3,0
conv_07847_label0.mp3,0
conv_14590_label0.mp3,0
conv_06684_label1.mp3,1
conv_02691_label1.mp3,1
conv_21237_label1.mp3,1
conv_01630_label1.mp3,1
conv_08883_label0.mp3,0
conv_07463_label1.mp3,1
conv_01007_label0.mp3,0
conv_20635_label0.mp3,0
conv_12443_label1.mp3,1
conv_00502_label0.mp3,0
conv_17651_label1.mp3,1
conv_04623_label1.mp3,1
conv_08528_label0.mp3,0
conv_10293_label0.mp3,0
conv_15317_label0.mp3,0
conv_14120_label0.mp3,0
conv_01372_label0.mp3,0
conv_14459_label1.mp3,1
conv_16759_label1.mp3,1
conv_14771_label0.mp3,0
conv_06395_label0.mp3,0
conv_01078_label0.mp3,0
conv_10322_label1.mp3,1
conv_12368_label0.mp3,0
conv_21121_label1.mp3,1
conv_04471_label1.mp3,1
conv_17371_label1.mp3,1
conv_05236_label1.mp3,1
conv_07413_label1.mp3,1
conv_08702_label1.mp3,1
conv_00696_label0.mp3,0
conv_00901_label1.mp3,1
conv_21044_label1.mp3,1
conv_12964_label0.mp3,0
conv_20976_label0.mp3,0
conv_08366_label0.mp3,0
conv_18441_label1.mp3,1
conv_14411_label0.mp3,0
conv_20747_label1.mp3,1
conv_13350_label1.mp3,1
conv_02196_label0.mp3,0
conv_00125_label1.mp3,1
conv_20996_label1.mp3,1
conv_12759_label0.mp3,0
conv_12603_label1.mp3,1
conv_20547_label1.mp3,1
conv_18903_label0.mp3,0
conv_05919_label0.mp3,0
conv_10298_label1.mp3,1
conv_07053_label0.mp3,0
conv_16200_label0.mp3,0
conv_07334_label0.mp3,0
conv_07054_label1.mp3,1
conv_20344_label1.mp3,1
conv_01916_label0.mp3,0
conv_12214_label1.mp3,1
conv_01762_label0.mp3,0
conv_09965_label0.mp3,0
conv_06096_label0.mp3,0
conv_00882_label1.mp3,1
conv_03322_label0.mp3,0
conv_18236_label1.mp3,1
conv_09366_label1.mp3,1
conv_16156_label1.mp3,1
conv_07816_label1.mp3,1
conv_16857_label1.mp3,1
conv_05747_label0.mp3,0
conv_09070_label1.mp3,1
conv_11770_label0.mp3,0
conv_20655_label1.mp3,1
conv_04988_label0.mp3,0
conv_14931_label1.mp3,1
conv_05754_label0.mp3,0
conv_04331_label0.mp3,0
conv_11862_label1.mp3,1
conv_04425_label1.mp3,1
conv_03917_label0.mp3,0
conv_16056_label0.mp3,0
conv_07755_label0.mp3,0
conv_00831_label0.mp3,0
conv_17717_label1.mp3,1
conv_15667_label1.mp3,1
conv_13658_label1.mp3,1
conv_09061_label0.mp3,0
conv_01225_label1.mp3,1
conv_15310_label0.mp3,0
conv_05414_label0.mp3,0
conv_14624_label0.mp3,0
conv_00398_label0.mp3,0
conv_10986_label0.mp3,0
conv_12782_label0.mp3,0
conv_12858_label1.mp3,1
conv_13562_label1.mp3,1
conv_00036_label1.mp3,1
conv_20380_label0.mp3,0
conv_15606_label0.mp3,0
conv_02654_label1.mp3,1
conv_06741_label0.mp3,0
conv_11110_label1.mp3,1
conv_00986_label0.mp3,0
conv_08507_label0.mp3,0
conv_02722_label1.mp3,1
conv_09219_label0.mp3,0
conv_15070_label0.mp3,0
conv_08770_label0.mp3,0
conv_06267_label0.mp3,0
conv_02141_label0.mp3,0
conv_19668_label0.mp3,0
conv_03784_label0.mp3,0
conv_08896_label1.mp3,1
conv_01533_label0.mp3,0
conv_11959_label0.mp3,0
conv_17345_label1.mp3,1
conv_00242_label1.mp3,1
conv_01798_label1.mp3,1
conv_02244_label0.mp3,0
conv_14319_label0.mp3,0
conv_18908_label0.mp3,0
conv_19767_label1.mp3,1
conv_18039_label1.mp3,1
conv_03659_label0.mp3,0
conv_05091_label0.mp3,0
conv_11579_label1.mp3,1
conv_14158_label0.mp3,0
conv_07680_label1.mp3,1
conv_01321_label1.mp3,1
conv_12306_label1.mp3,1
conv_09847_label1.mp3,1
conv_20396_label0.mp3,0
conv_00900_label1.mp3,1
conv_13266_label0.mp3,0
conv_20821_label0.mp3,0
conv_13584_label1.mp3,1
conv_15721_label1.mp3,1
conv_09602_label0.mp3,0
conv_10542_label1.mp3,1
conv_00064_label0.mp3,0
conv_09412_label0.mp3,0
conv_15098_label0.mp3,0
conv_12888_label0.mp3,0
conv_06788_label1.mp3,1
conv_04718_label1.mp3,1
conv_11044_label0.mp3,0
conv_13871_label0.mp3,0
conv_20761_label0.mp3,0
conv_04958_label1.mp3,1
conv_09007_label1.mp3,1
conv_14744_label1.mp3,1
conv_08587_label1.mp3,1
conv_09919_label0.mp3,0
conv_12735_label1.mp3,1
conv_10558_label0.mp3,0
conv_07745_label0.mp3,0
conv_05045_label1.mp3,1
conv_19996_label1.mp3,1
conv_09064_label1.mp3,1
conv_15819_label1.mp3,1
conv_10866_label0.mp3,0
conv_12834_label0.mp3,0
conv_01592_label0.mp3,0
conv_03894_label1.mp3,1
conv_06285_label0.mp3,0
conv_18272_label1.mp3,1
conv_17934_label1.mp3,1
conv_13732_label0.mp3,0
conv_13650_label0.mp3,0
conv_04692_label0.mp3,0
conv_06421_label1.mp3,1
conv_09475_label1.mp3,1
conv_14023_label0.mp3,0
conv_07554_label1.mp3,1
conv_13744_label0.mp3,0
conv_16229_label1.mp3,1
conv_19634_label0.mp3,0
conv_06141_label0.mp3,0
conv_03116_label1.mp3,1
conv_02245_label0.mp3,0
conv_20755_label1.mp3,1
conv_11742_label0.mp3,0
conv_16560_label0.mp3,0
conv_14588_label1.mp3,1
conv_17543_label0.mp3,0
conv_16246_label0.mp3,0
conv_03767_label1.mp3,1
conv_14612_label1.mp3,1
conv_02303_label1.mp3,1
conv_08659_label0.mp3,0
conv_05383_label0.mp3,0
conv_07753_label0.mp3,0
conv_21027_label1.mp3,1
conv_09762_label0.mp3,0
conv_02621_label0.mp3,0
conv_16027_label0.mp3,0
conv_02658_label0.mp3,0
conv_15007_label1.mp3,1
conv_14399_label1.mp3,1
conv_01775_label1.mp3,1
conv_17375_label0.mp3,0
conv_13673_label0.mp3,0
conv_15330_label0.mp3,0
conv_09491_label1.mp3,1
conv_13109_label0.mp3,0
conv_08129_label1.mp3,1
conv_03643_label1.mp3,1
conv_01485_label1.mp3,1
conv_12163_label0.mp3,0
conv_03936_label1.mp3,1
conv_13836_label0.mp3,0
conv_10684_label1.mp3,1
conv_17627_label1.mp3,1
conv_11845_label0.mp3,0
conv_19911_label0.mp3,0
conv_15157_label0.mp3,0
conv_10588_label0.mp3,0
conv_16172_label0.mp3,0
conv_00528_label0.mp3,0
conv_15988_label0.mp3,0
conv_14488_label0.mp3,0
conv_03976_label0.mp3,0
conv_07861_label1.mp3,1
conv_06465_label1.mp3,1
conv_03510_label0.mp3,0
conv_02798_label0.mp3,0
conv_03698_label1.mp3,1
conv_20978_label0.mp3,0
conv_20169_label1.mp3,1
conv_17486_label0.mp3,0
conv_07711_label1.mp3,1
conv_11669_label1.mp3,1
conv_04318_label1.mp3,1
conv_19117_label0.mp3,0
conv_08971_label0.mp3,0
conv_08472_label1.mp3,1
conv_03047_label1.mp3,1
conv_07484_label1.mp3,1
conv_00465_label1.mp3,1
conv_13000_label0.mp3,0
conv_09325_label1.mp3,1
conv_01066_label1.mp3,1
conv_03986_label1.mp3,1
conv_06232_label0.mp3,0
conv_07597_label0.mp3,0
conv_16250_label1.mp3,1
conv_07086_label1.mp3,1
conv_15760_label1.mp3,1
conv_18901_label1.mp3,1
conv_18403_label1.mp3,1
conv_09804_label1.mp3,1
conv_14501_label0.mp3,0
conv_14777_label0.mp3,0
conv_10887_label0.mp3,0
conv_06679_label1.mp3,1
conv_01084_label1.mp3,1
conv_01678_label0.mp3,0
conv_18956_label0.mp3,0
conv_00820_label0.mp3,0
conv_03039_label0.mp3,0
conv_01416_label0.mp3,0
conv_04083_label1.mp3,1
conv_20568_label0.mp3,0
conv_02033_label0.mp3,0
conv_19371_label1.mp3,1
conv_01795_label1.mp3,1
conv_18587_label0.mp3,0
conv_13913_label1.mp3,1
conv_18054_label0.mp3,0
conv_05502_label1.mp3,1
conv_06546_label0.mp3,0
conv_07529_label1.mp3,1
conv_19145_label0.mp3,0
conv_11710_label1.mp3,1
conv_19237_label1.mp3,1
conv_15572_label0.mp3,0
conv_02256_label0.mp3,0
conv_05576_label0.mp3,0
conv_21294_label0.mp3,0
conv_09532_label0.mp3,0
conv_14690_label0.mp3,0
conv_11021_label0.mp3,0
conv_16672_label0.mp3,0
conv_11538_label1.mp3,1
conv_13922_label0.mp3,0
conv_10137_label1.mp3,1
conv_17755_label1.mp3,1
conv_15329_label1.mp3,1
conv_07885_label1.mp3,1
conv_03928_label1.mp3,1
conv_04422_label0.mp3,0
conv_18352_label1.mp3,1
conv_07194_label1.mp3,1
conv_05177_label0.mp3,0
conv_02794_label1.mp3,1
conv_02596_label0.mp3,0
conv_03402_label1.mp3,1
conv_00945_label1.mp3,1
conv_12856_label1.mp3,1
conv_17938_label0.mp3,0
conv_09352_label0.mp3,0
conv_18173_label1.mp3,1
conv_15588_label1.mp3,1
conv_11402_label0.mp3,0
conv_00568_label1.mp3,1
conv_06424_label0.mp3,0
conv_01554_label1.mp3,1
conv_11689_label0.mp3,0
conv_17416_label0.mp3,0
conv_16569_label1.mp3,1
conv_14942_label1.mp3,1
conv_14887_label0.mp3,0
conv_14475_label0.mp3,0
conv_05223_label0.mp3,0
conv_19273_label1.mp3,1
conv_20447_label0.mp3,0
conv_17843_label0.mp3,0
conv_06469_label1.mp3,1
conv_07458_label0.mp3,0
conv_00596_label0.mp3,0
conv_03018_label1.mp3,1
conv_19094_label1.mp3,1
conv_05295_label1.mp3,1
conv_18918_label0.mp3,0
conv_03696_label0.mp3,0
conv_11080_label0.mp3,0
conv_05475_label1.mp3,1
conv_19995_label0.mp3,0
conv_11970_label0.mp3,0
conv_05727_label1.mp3,1
conv_08615_label1.mp3,1
conv_21251_label0.mp3,0
conv_02848_label1.mp3,1
conv_06235_label1.mp3,1
conv_09801_label1.mp3,1
conv_09339_label0.mp3,0
conv_09323_label0.mp3,0
conv_05932_label1.mp3,1
conv_03298_label1.mp3,1
conv_04544_label1.mp3,1
conv_07787_label0.mp3,0
conv_14858_label0.mp3,0
conv_15092_label0.mp3,0
conv_07118_label1.mp3,1
conv_19602_label0.mp3,0
conv_10975_label1.mp3,1
conv_07065_label0.mp3,0
conv_04097_label0.mp3,0
conv_07566_label1.mp3,1
conv_19060_label1.mp3,1
conv_04815_label1.mp3,1
conv_06779_label0.mp3,0
conv_07513_label0.mp3,0
conv_11046_label0.mp3,0
conv_03136_label1.mp3,1
conv_07694_label0.mp3,0
conv_08759_label0.mp3,0
conv_18514_label0.mp3,0
conv_18381_label0.mp3,0
conv_08312_label0.mp3,0
conv_08197_label1.mp3,1
conv_20257_label1.mp3,1
conv_05169_label0.mp3,0
conv_02438_label1.mp3,1
conv_04102_label0.mp3,0
conv_06313_label1.mp3,1
conv_14515_label1.mp3,1
conv_20046_label1.mp3,1
conv_11989_label1.mp3,1
conv_17953_label0.mp3,0
conv_17719_label1.mp3,1
conv_16596_label1.mp3,1
conv_03566_label0.mp3,0
conv_04470_label1.mp3,1
conv_20141_label1.mp3,1
conv_17696_label1.mp3,1
conv_09584_label0.mp3,0
conv_06025_label0.mp3,0
conv_19840_label1.mp3,1
conv_05825_label0.mp3,0
conv_02416_label0.mp3,0
conv_19547_label0.mp3,0
conv_03056_label0.mp3,0
conv_18255_label1.mp3,1
conv_21141_label1.mp3,1
conv_05267_label1.mp3,1
conv_19130_label1.mp3,1
conv_05733_label0.mp3,0
conv_03792_label0.mp3,0
conv_15695_label1.mp3,1
conv_18033_label1.mp3,1
conv_19075_label1.mp3,1
conv_07785_label1.mp3,1
conv_02476_label1.mp3,1
conv_13003_label0.mp3,0
conv_06529_label1.mp3,1
conv_19663_label0.mp3,0
conv_18832_label1.mp3,1
conv_09967_label0.mp3,0
conv_11952_label0.mp3,0
conv_10206_label1.mp3,1
conv_11657_label1.mp3,1
conv_12656_label0.mp3,0
conv_15618_label1.mp3,1
conv_15976_label1.mp3,1
conv_04817_label0.mp3,0
conv_12951_label1.mp3,1
conv_12139_label1.mp3,1
conv_20546_label1.mp3,1
conv_00533_label0.mp3,0
conv_08943_label0.mp3,0
conv_12438_label0.mp3,0
conv_05444_label0.mp3,0
conv_20340_label0.mp3,0
conv_20439_label1.mp3,1
conv_20273_label0.mp3,0
conv_09450_label1.mp3,1
conv_05649_label1.mp3,1
conv_08462_label0.mp3,0
conv_19564_label0.mp3,0
conv_05257_label0.mp3,0
conv_13876_label1.mp3,1
conv_03999_label1.mp3,1
conv_16295_label1.mp3,1
conv_19048_label0.mp3,0
conv_05309_label1.mp3,1
conv_15058_label0.mp3,0
conv_19313_label0.mp3,0
conv_19043_label1.mp3,1
conv_16227_label1.mp3,1
conv_15993_label0.mp3,0
conv_06007_label0.mp3,0
conv_13765_label0.mp3,0
conv_00736_label0.mp3,0
conv_21170_label0.mp3,0
conv_12744_label1.mp3,1
conv_01400_label0.mp3,0
conv_18424_label1.mp3,1
conv_18440_label0.mp3,0
conv_21311_label0.mp3,0
conv_06244_label0.mp3,0
conv_10151_label1.mp3,1
conv_11638_label1.mp3,1
conv_00944_label1.mp3,1
conv_16308_label1.mp3,1
conv_04009_label0.mp3,0
conv_03340_label0.mp3,0
conv_13898_label1.mp3,1
conv_00628_label0.mp3,0
conv_10208_label1.mp3,1
conv_13203_label0.mp3,0
conv_11615_label0.mp3,0
conv_17187_label1.mp3,1
conv_01115_label0.mp3,0
conv_01711_label0.mp3,0
conv_18690_label1.mp3,1
conv_17493_label1.mp3,1
conv_08837_label1.mp3,1
conv_06533_label1.mp3,1
conv_16913_label0.mp3,0
conv_11975_label1.mp3,1
conv_01480_label1.mp3,1
conv_01454_label1.mp3,1
conv_17173_label0.mp3,0
conv_13379_label1.mp3,1
conv_13486_label1.mp3,1
conv_20378_label0.mp3,0
conv_12398_label1.mp3,1
conv_15709_label1.mp3,1
conv_07337_label0.mp3,0
conv_16768_label1.mp3,1
conv_03874_label1.mp3,1
conv_10159_label1.mp3,1
conv_05529_label1.mp3,1
conv_07401_label0.mp3,0
conv_11224_label0.mp3,0
conv_11064_label1.mp3,1
conv_04777_label1.mp3,1
conv_04419_label0.mp3,0
conv_13224_label1.mp3,1
conv_04202_label0.mp3,0
conv_13165_label1.mp3,1
conv_06898_label0.mp3,0
conv_02668_label1.mp3,1
conv_01891_label1.mp3,1
conv_14279_label0.mp3,0
conv_21091_label1.mp3,1
conv_01937_label1.mp3,1
conv_14384_label1.mp3,1
conv_05719_label1.mp3,1
conv_04026_label0.mp3,0
conv_10677_label1.mp3,1
conv_04853_label0.mp3,0
conv_09338_label1.mp3,1
conv_04515_label1.mp3,1
conv_16376_label1.mp3,1
conv_16752_label1.mp3,1
conv_05952_label1.mp3,1
conv_12857_label0.mp3,0
conv_11101_label0.mp3,0
conv_12239_label1.mp3,1
conv_19672_label0.mp3,0
conv_14353_label0.mp3,0
conv_02934_label0.mp3,0
conv_08678_label1.mp3,1
conv_03498_label0.mp3,0
conv_01090_label1.mp3,1
conv_16212_label1.mp3,1
conv_00733_label1.mp3,1
conv_05624_label1.mp3,1
conv_15753_label0.mp3,0
conv_11957_label1.mp3,1
conv_02820_label1.mp3,1
conv_14782_label1.mp3,1
conv_15900_label1.mp3,1
conv_10133_label1.mp3,1
conv_01885_label1.mp3,1
conv_19904_label0.mp3,0
conv_02402_label0.mp3,0
conv_07455_label1.mp3,1
conv_16847_label1.mp3,1
conv_02461_label1.mp3,1
conv_08621_label1.mp3,1
conv_05142_label0.mp3,0
conv_11722_label1.mp3,1
conv_06987_label0.mp3,0
conv_14635_label1.mp3,1
conv_08495_label1.mp3,1
conv_11163_label0.mp3,0
conv_07798_label1.mp3,1
conv_01575_label1.mp3,1
conv_16968_label0.mp3,0
conv_06747_label1.mp3,1
conv_00633_label0.mp3,0
conv_04349_label1.mp3,1
conv_07689_label1.mp3,1
conv_13457_label1.mp3,1
conv_04835_label0.mp3,0
conv_13976_label1.mp3,1
conv_12040_label1.mp3,1
conv_10331_label0.mp3,0
conv_02330_label0.mp3,0
conv_16292_label0.mp3,0
conv_05631_label0.mp3,0
conv_02424_label0.mp3,0
conv_18603_label0.mp3,0
conv_01206_label0.mp3,0
conv_08694_label1.mp3,1
conv_20950_label1.mp3,1
conv_13287_label0.mp3,0
conv_04161_label1.mp3,1
conv_10076_label0.mp3,0
conv_03801_label0.mp3,0
conv_02170_label0.mp3,0
conv_19167_label0.mp3,0
conv_09504_label1.mp3,1
conv_09263_label0.mp3,0
conv_03005_label1.mp3,1
conv_09148_label0.mp3,0
conv_01351_label1.mp3,1
conv_10716_label0.mp3,0
conv_13659_label1.mp3,1
conv_07298_label1.mp3,1
conv_05325_label1.mp3,1
conv_12822_label0.mp3,0
conv_15501_label0.mp3,0
conv_18069_label1.mp3,1
conv_02737_label1.mp3,1
conv_03177_label0.mp3,0
conv_07180_label0.mp3,0
conv_09090_label1.mp3,1
conv_10531_label0.mp3,0
conv_07098_label1.mp3,1
conv_15769_label0.mp3,0
conv_21003_label1.mp3,1
conv_04545_label1.mp3,1
conv_12006_label1.mp3,1
conv_06366_label1.mp3,1
conv_19980_label0.mp3,0
conv_17131_label0.mp3,0
conv_09198_label1.mp3,1
conv_05313_label1.mp3,1
conv_19970_label1.mp3,1
conv_01264_label1.mp3,1
conv_00591_label0.mp3,0
conv_11750_label1.mp3,1
conv_20533_label1.mp3,1
conv_09421_label0.mp3,0
conv_02902_label1.mp3,1
conv_11838_label0.mp3,0
conv_16974_label0.mp3,0
conv_15069_label1.mp3,1
conv_20235_label0.mp3,0
conv_06369_label1.mp3,1
conv_06653_label0.mp3,0
conv_06590_label0.mp3,0
conv_19501_label1.mp3,1
conv_21134_label1.mp3,1
conv_20416_label1.mp3,1
conv_08796_label0.mp3,0
conv_04511_label1.mp3,1
conv_16080_label1.mp3,1
conv_00046_label0.mp3,0
conv_00939_label1.mp3,1
conv_15219_label0.mp3,0
conv_20903_label0.mp3,0
conv_12011_label1.mp3,1
conv_10616_label0.mp3,0
conv_03987_label0.mp3,0
conv_03301_label1.mp3,1
conv_12647_label0.mp3,0
conv_03118_label0.mp3,0
conv_18684_label1.mp3,1
conv_05226_label0.mp3,0
conv_21136_label0.mp3,0
conv_13603_label0.mp3,0
conv_11986_label0.mp3,0
conv_05089_label0.mp3,0
conv_01975_label0.mp3,0
conv_19529_label1.mp3,1
conv_17196_label0.mp3,0
conv_02039_label0.mp3,0
conv_16188_label0.mp3,0
conv_13869_label1.mp3,1
conv_04548_label0.mp3,0
conv_00473_label0.mp3,0
conv_10876_label1.mp3,1
conv_21079_label1.mp3,1
conv_13396_label0.mp3,0
conv_02310_label0.mp3,0
conv_12566_label1.mp3,1
conv_16646_label0.mp3,0
conv_08842_label0.mp3,0
conv_17220_label0.mp3,0
conv_21015_label0.mp3,0
conv_12694_label1.mp3,1
conv_12504_label0.mp3,0
conv_13184_label1.mp3,1
conv_04798_label1.mp3,1
conv_04325_label0.mp3,0
conv_19753_label0.mp3,0
conv_12005_label0.mp3,0
conv_02357_label0.mp3,0
conv_04861_label1.mp3,1
conv_02589_label1.mp3,1
conv_04870_label0.mp3,0
conv_02135_label0.mp3,0
conv_00032_label0.mp3,0
conv_03099_label0.mp3,0
conv_15487_label1.mp3,1
conv_13996_label1.mp3,1
conv_06634_label1.mp3,1
conv_15460_label1.mp3,1
conv_19465_label0.mp3,0
conv_01017_label0.mp3,0
conv_11670_label1.mp3,1
conv_16472_label0.mp3,0
conv_08975_label0.mp3,0
conv_05978_label1.mp3,1
conv_00673_label0.mp3,0
conv_05832_label0.mp3,0
conv_15556_label1.mp3,1
conv_09688_label1.mp3,1
conv_14363_label0.mp3,0
conv_19080_label1.mp3,1
conv_05407_label0.mp3,0
conv_07256_label0.mp3,0
conv_02826_label0.mp3,0
conv_12369_label1.mp3,1
conv_17348_label0.mp3,0
conv_00519_label1.mp3,1
conv_05484_label0.mp3,0
conv_13407_label0.mp3,0
conv_10855_label1.mp3,1
conv_06083_label0.mp3,0
conv_19841_label0.mp3,0
conv_04365_label1.mp3,1
conv_03791_label1.mp3,1
conv_04697_label1.mp3,1
conv_15944_label1.mp3,1
conv_06170_label0.mp3,0
conv_05079_label0.mp3,0
conv_10423_label0.mp3,0
conv_03886_label0.mp3,0
conv_18978_label1.mp3,1
conv_07092_label0.mp3,0
conv_17566_label1.mp3,1
conv_17092_label1.mp3,1
conv_04577_label1.mp3,1
conv_16683_label1.mp3,1
conv_17575_label0.mp3,0
conv_13188_label0.mp3,0
conv_03807_label1.mp3,1
conv_07640_label1.mp3,1
conv_19064_label0.mp3,0
conv_04207_label1.mp3,1
conv_21326_label0.mp3,0
conv_00665_label0.mp3,0
conv_05868_label1.mp3,1
conv_14514_label1.mp3,1
conv_02866_label1.mp3,1
conv_10682_label0.mp3,0
conv_05644_label0.mp3,0
conv_07359_label0.mp3,0
conv_07854_label1.mp3,1
conv_03967_label0.mp3,0
conv_20642_label0.mp3,0
conv_19895_label1.mp3,1
conv_14109_label0.mp3,0
conv_20637_label0.mp3,0
conv_04015_label0.mp3,0
conv_07508_label1.mp3,1
conv_16480_label1.mp3,1
conv_13666_label0.mp3,0
conv_19574_label0.mp3,0
conv_17317_label1.mp3,1
conv_03171_label1.mp3,1
conv_14356_label0.mp3,0
conv_18679_label1.mp3,1
conv_05473_label0.mp3,0
conv_04727_label1.mp3,1
conv_00846_label0.mp3,0
conv_10670_label1.mp3,1
conv_12909_label1.mp3,1
conv_15870_label0.mp3,0
conv_14774_label0.mp3,0
conv_13012_label0.mp3,0
conv_09815_label0.mp3,0
conv_17148_label0.mp3,0
conv_18588_label1.mp3,1
conv_15778_label1.mp3,1
conv_02354_label1.mp3,1
conv_14473_label0.mp3,0
conv_18852_label1.mp3,1
conv_04895_label1.mp3,1
conv_12328_label0.mp3,0
conv_06953_label1.mp3,1
conv_18556_label1.mp3,1
conv_19366_label1.mp3,1
conv_06745_label0.mp3,0
conv_03195_label0.mp3,0
conv_11733_label0.mp3,0
conv_02301_label0.mp3,0
conv_20462_label1.mp3,1
conv_06372_label0.mp3,0
conv_18973_label1.mp3,1
conv_15350_label0.mp3,0
conv_13448_label0.mp3,0
conv_16130_label1.mp3,1
conv_19307_label0.mp3,0
conv_09653_label0.mp3,0
conv_19860_label1.mp3,1
conv_18778_label1.mp3,1
conv_08931_label0.mp3,0
conv_21177_label1.mp3,1
conv_10266_label0.mp3,0
conv_21191_label0.mp3,0
conv_12765_label1.mp3,1
conv_00342_label0.mp3,0
conv_01356_label1.mp3,1
conv_18625_label1.mp3,1
conv_13941_label0.mp3,0
conv_03532_label1.mp3,1
conv_15357_label0.mp3,0
conv_18170_label0.mp3,0
conv_02878_label1.mp3,1
conv_02089_label0.mp3,0
conv_17352_label0.mp3,0
conv_21346_label1.mp3,1
conv_15568_label1.mp3,1
conv_17210_label0.mp3,0
conv_05087_label1.mp3,1
conv_11249_label0.mp3,0
conv_00040_label1.mp3,1
conv_20001_label1.mp3,1
conv_19540_label0.mp3,0
conv_00380_label1.mp3,1
conv_15785_label0.mp3,0
conv_01715_label0.mp3,0
conv_18496_label1.mp3,1
conv_09893_label0.mp3,0
conv_12931_label0.mp3,0
conv_10644_label1.mp3,1
conv_02464_label1.mp3,1
conv_00138_label0.mp3,0
conv_07282_label0.mp3,0
conv_16548_label1.mp3,1
conv_12332_label0.mp3,0
conv_08950_label1.mp3,1
conv_07076_label1.mp3,1
conv_13443_label0.mp3,0
conv_17612_label1.mp3,1
conv_16961_label1.mp3,1
conv_16494_label0.mp3,0
conv_13805_label1.mp3,1
conv_14259_label1.mp3,1
conv_17332_label1.mp3,1
conv_06107_label0.mp3,0
conv_15701_label0.mp3,0
conv_04862_label0.mp3,0
conv_13702_label0.mp3,0
conv_03528_label1.mp3,1
conv_00899_label1.mp3,1
conv_06662_label1.mp3,1
conv_07096_label0.mp3,0
conv_17503_label1.mp3,1
conv_17176_label1.mp3,1
conv_17840_label0.mp3,0
conv_07045_label0.mp3,0
conv_20434_label1.mp3,1
conv_17478_label1.mp3,1
conv_15216_label1.mp3,1
conv_18167_label1.mp3,1
conv_16679_label1.mp3,1
conv_09924_label1.mp3,1
conv_15361_label1.mp3,1
conv_06910_label1.mp3,1
conv_03218_label1.mp3,1
conv_10847_label0.mp3,0
conv_16119_label0.mp3,0
conv_13234_label1.mp3,1
conv_08279_label0.mp3,0
conv_06828_label1.mp3,1
conv_20929_label1.mp3,1
conv_00321_label1.mp3,1
conv_12525_label1.mp3,1
conv_01623_label1.mp3,1
conv_00757_label0.mp3,0
conv_21340_label0.mp3,0
conv_07822_label0.mp3,0
conv_11467_label0.mp3,0
conv_06540_label1.mp3,1
conv_10287_label0.mp3,0
conv_18825_label1.mp3,1
conv_20562_label1.mp3,1
conv_12075_label0.mp3,0
conv_11304_label1.mp3,1
conv_05908_label1.mp3,1
conv_15318_label1.mp3,1
conv_03583_label0.mp3,0
conv_12910_label0.mp3,0
conv_04402_label1.mp3,1
conv_09620_label0.mp3,0
conv_17915_label1.mp3,1
conv_13551_label1.mp3,1
conv_12681_label0.mp3,0
conv_09221_label1.mp3,1
conv_11335_label1.mp3,1
conv_20488_label1.mp3,1
conv_00801_label1.mp3,1
conv_06903_label1.mp3,1
conv_20184_label0.mp3,0
conv_19691_label1.mp3,1
conv_02880_label1.mp3,1
conv_12984_label1.mp3,1
conv_02035_label1.mp3,1
conv_04371_label1.mp3,1
conv_14678_label0.mp3,0
conv_08863_label1.mp3,1
conv_12216_label1.mp3,1
conv_12130_label0.mp3,0
conv_18448_label1.mp3,1
conv_09841_label0.mp3,0
conv_07019_label1.mp3,1
conv_14715_label0.mp3,0
conv_19114_label1.mp3,1
conv_06539_label0.mp3,0
conv_16607_label0.mp3,0
conv_20944_label1.mp3,1
conv_21123_label0.mp3,0
conv_01003_label1.mp3,1
conv_09186_label0.mp3,0
conv_00076_label0.mp3,0
conv_13033_label1.mp3,1
conv_14010_label0.mp3,0
conv_17039_label1.mp3,1
conv_20589_label0.mp3,0
conv_18714_label0.mp3,0
conv_19697_label1.mp3,1
conv_03151_label1.mp3,1
conv_10204_label0.mp3,0
conv_17799_label1.mp3,1
conv_07656_label0.mp3,0
conv_01784_label1.mp3,1
conv_18063_label1.mp3,1
conv_02721_label0.mp3,0
conv_17032_label0.mp3,0
conv_01935_label1.mp3,1
conv_09779_label1.mp3,1
conv_14293_label0.mp3,0
conv_19405_label1.mp3,1
conv_04034_label1.mp3,1
conv_03584_label1.mp3,1
conv_10063_label0.mp3,0
conv_16176_label1.mp3,1
conv_12424_label1.mp3,1
conv_16363_label0.mp3,0
conv_15716_label0.mp3,0
conv_09026_label1.mp3,1
conv_14916_label0.mp3,0
conv_00026_label0.mp3,0
conv_12029_label1.mp3,1
conv_01805_label0.mp3,0
conv_06042_label0.mp3,0
conv_17894_label0.mp3,0
conv_12468_label1.mp3,1
conv_04786_label0.mp3,0
conv_05149_label0.mp3,0
conv_10730_label0.mp3,0
conv_13271_label0.mp3,0
conv_00629_label1.mp3,1
conv_03954_label0.mp3,0
conv_07106_label0.mp3,0
conv_20587_label0.mp3,0
conv_16856_label0.mp3,0
conv_16729_label1.mp3,1
conv_01081_label1.mp3,1
conv_18321_label0.mp3,0
conv_16042_label0.mp3,0
conv_14859_label0.mp3,0
conv_18040_label1.mp3,1
conv_11312_label0.mp3,0
conv_03998_label0.mp3,0
conv_14638_label1.mp3,1
conv_02277_label1.mp3,1
conv_08331_label1.mp3,1
conv_11301_label0.mp3,0
conv_08416_label0.mp3,0
conv_18565_label1.mp3,1
conv_12312_label0.mp3,0
conv_01595_label1.mp3,1
conv_14788_label1.mp3,1
conv_16773_label1.mp3,1
conv_18380_label0.mp3,0
conv_03456_label0.mp3,0
conv_19138_label0.mp3,0
conv_19583_label1.mp3,1
conv_11961_label0.mp3,0
conv_18917_label0.mp3,0
conv_09195_label1.mp3,1
conv_14338_label0.mp3,0
conv_02365_label0.mp3,0
conv_02290_label1.mp3,1
conv_20516_label0.mp3,0
conv_09342_label1.mp3,1
conv_14458_label1.mp3,1
conv_08060_label1.mp3,1
conv_06474_label0.mp3,0
conv_02683_label1.mp3,1
conv_05008_label0.mp3,0
conv_15939_label1.mp3,1
conv_14589_label1.mp3,1
conv_12805_label1.mp3,1
conv_13425_label1.mp3,1
conv_03280_label1.mp3,1
conv_01019_label1.mp3,1
conv_04938_label1.mp3,1
conv_12627_label0.mp3,0
conv_02443_label0.mp3,0
conv_02924_label0.mp3,0
conv_06641_label1.mp3,1
conv_20126_label0.mp3,0
conv_20551_label1.mp3,1
conv_02496_label1.mp3,1
conv_07185_label0.mp3,0
conv_08286_label1.mp3,1
conv_21143_label0.mp3,0
conv_14693_label0.mp3,0
conv_09983_label0.mp3,0
conv_16060_label1.mp3,1
conv_00808_label1.mp3,1
conv_07653_label0.mp3,0
conv_09826_label0.mp3,0
conv_04949_label1.mp3,1
conv_13311_label1.mp3,1
conv_02252_label0.mp3,0
conv_14957_label1.mp3,1
conv_10725_label1.mp3,1
conv_14409_label1.mp3,1
conv_12361_label1.mp3,1
conv_17969_label1.mp3,1
conv_21321_label1.mp3,1
conv_08294_label1.mp3,1
conv_21297_label0.mp3,0
conv_10314_label0.mp3,0
conv_11599_label0.mp3,0
conv_02923_label0.mp3,0
conv_00075_label1.mp3,1
conv_12757_label1.mp3,1
conv_05920_label0.mp3,0
conv_09141_label1.mp3,1
conv_18659_label1.mp3,1
conv_02504_label0.mp3,0
conv_03244_label0.mp3,0
conv_12244_label0.mp3,0
conv_20760_label0.mp3,0
conv_01229_label1.mp3,1
conv_07448_label1.mp3,1
conv_10229_label0.mp3,0
conv_06782_label1.mp3,1
conv_21020_label1.mp3,1
conv_12532_label0.mp3,0
conv_20107_label1.mp3,1
conv_11293_label1.mp3,1
conv_20653_label1.mp3,1
conv_18652_label0.mp3,0
conv_01740_label0.mp3,0
conv_07864_label0.mp3,0
conv_12971_label0.mp3,0
conv_09340_label1.mp3,1
conv_20641_label1.mp3,1
conv_00431_label0.mp3,0
conv_06506_label0.mp3,0
conv_15211_label1.mp3,1
conv_08049_label0.mp3,0
conv_00758_label0.mp3,0
conv_10479_label0.mp3,0
conv_05458_label1.mp3,1
conv_07227_label0.mp3,0
conv_16327_label1.mp3,1
conv_13398_label1.mp3,1
conv_09168_label0.mp3,0
conv_21185_label0.mp3,0
conv_00340_label1.mp3,1
conv_07313_label0.mp3,0
conv_18252_label1.mp3,1
conv_02422_label1.mp3,1
conv_11572_label0.mp3,0
conv_09204_label0.mp3,0
conv_11340_label1.mp3,1
conv_00232_label0.mp3,0
conv_03958_label0.mp3,0
conv_05139_label0.mp3,0
conv_20050_label1.mp3,1
conv_12058_label0.mp3,0
conv_07698_label0.mp3,0
conv_11784_label1.mp3,1
conv_08965_label1.mp3,1
conv_07598_label1.mp3,1
conv_15665_label1.mp3,1
conv_03289_label0.mp3,0
conv_01117_label1.mp3,1
conv_12559_label0.mp3,0
conv_19168_label0.mp3,0
conv_02404_label0.mp3,0
conv_14837_label0.mp3,0
conv_01994_label0.mp3,0
conv_15640_label0.mp3,0
conv_07959_label1.mp3,1
conv_13977_label1.mp3,1
conv_08407_label1.mp3,1
conv_05776_label1.mp3,1
conv_03614_label1.mp3,1
conv_18727_label1.mp3,1
conv_15894_label0.mp3,0
conv_18219_label1.mp3,1
conv_05201_label1.mp3,1
conv_01761_label1.mp3,1
conv_15040_label1.mp3,1
conv_16370_label1.mp3,1
conv_12886_label1.mp3,1
conv_00459_label0.mp3,0
conv_18909_label0.mp3,0
conv_00427_label1.mp3,1
conv_13489_label0.mp3,0
conv_00162_label1.mp3,1
conv_03657_label0.mp3,0
conv_13496_label1.mp3,1
conv_16896_label1.mp3,1
conv_11926_label1.mp3,1
conv_10945_label1.mp3,1
conv_02836_label1.mp3,1
conv_10908_label1.mp3,1
conv_17251_label0.mp3,0
conv_04505_label1.mp3,1
conv_01276_label0.mp3,0
conv_14085_label0.mp3,0
conv_18972_label1.mp3,1
conv_02538_label1.mp3,1
conv_10142_label0.mp3,0
conv_16454_label1.mp3,1
conv_09601_label0.mp3,0
conv_20165_label1.mp3,1
conv_09094_label1.mp3,1
conv_12897_label0.mp3,0
conv_03031_label0.mp3,0
conv_06239_label1.mp3,1
conv_07014_label1.mp3,1
conv_08515_label1.mp3,1
conv_11269_label0.mp3,0
conv_18188_label1.mp3,1
conv_13695_label0.mp3,0
conv_10867_label1.mp3,1
conv_10772_label1.mp3,1
conv_08789_label1.mp3,1
conv_15891_label0.mp3,0
conv_19988_label0.mp3,0
conv_06359_label0.mp3,0
conv_17556_label0.mp3,0
conv_12043_label1.mp3,1
conv_19571_label1.mp3,1
conv_08843_label1.mp3,1
conv_16020_label1.mp3,1
conv_15962_label1.mp3,1
conv_19065_label0.mp3,0
conv_14278_label1.mp3,1
conv_01383_label0.mp3,0
conv_03366_label1.mp3,1
conv_05967_label1.mp3,1
conv_05740_label1.mp3,1
conv_10112_label1.mp3,1
conv_06306_label1.mp3,1
conv_20222_label0.mp3,0
conv_10467_label0.mp3,0
conv_12155_label1.mp3,1
conv_00052_label0.mp3,0
conv_17674_label1.mp3,1
conv_06876_label0.mp3,0
conv_18436_label1.mp3,1
conv_05839_label1.mp3,1
conv_06290_label1.mp3,1
conv_18872_label0.mp3,0
conv_14542_label1.mp3,1
conv_20742_label1.mp3,1
conv_10767_label0.mp3,0
conv_19757_label1.mp3,1
conv_05674_label0.mp3,0
conv_18520_label0.mp3,0
conv_20943_label1.mp3,1
conv_04354_label1.mp3,1
conv_05553_label1.mp3,1
conv_16185_label0.mp3,0
conv_15392_label0.mp3,0
conv_12777_label1.mp3,1
conv_00970_label0.mp3,0
conv_19245_label0.mp3,0
conv_06047_label0.mp3,0
conv_00433_label0.mp3,0
conv_20715_label1.mp3,1
conv_00790_label0.mp3,0
conv_12987_label0.mp3,0
conv_02732_label1.mp3,1
conv_01716_label0.mp3,0
conv_08125_label1.mp3,1
conv_06049_label0.mp3,0
conv_08927_label1.mp3,1
conv_05435_label0.mp3,0
conv_21039_label1.mp3,1
conv_11831_label1.mp3,1
conv_10472_label0.mp3,0
conv_01892_label1.mp3,1
conv_07446_label1.mp3,1
conv_15172_label1.mp3,1
conv_15862_label0.mp3,0
conv_06090_label0.mp3,0
conv_16639_label1.mp3,1
conv_20923_label0.mp3,0
conv_17320_label1.mp3,1
conv_04898_label1.mp3,1
conv_09976_label0.mp3,0
conv_19079_label1.mp3,1
conv_12185_label1.mp3,1
conv_04574_label0.mp3,0
conv_00073_label0.mp3,0
conv_20258_label1.mp3,1
conv_01683_label1.mp3,1
conv_14021_label0.mp3,0
conv_20053_label1.mp3,1
conv_08173_label0.mp3,0
conv_07834_label0.mp3,0
conv_06056_label1.mp3,1
conv_07569_label0.mp3,0
conv_18974_label1.mp3,1
conv_00215_label0.mp3,0
conv_00913_label1.mp3,1
conv_03543_label1.mp3,1
conv_17002_label0.mp3,0
conv_08033_label1.mp3,1
conv_13752_label1.mp3,1
conv_07259_label1.mp3,1
conv_18007_label1.mp3,1
conv_20036_label1.mp3,1
conv_17432_label1.mp3,1
conv_00762_label1.mp3,1
conv_08610_label1.mp3,1
conv_16805_label0.mp3,0
conv_10821_label1.mp3,1
conv_04939_label0.mp3,0
conv_14732_label0.mp3,0
conv_19209_label1.mp3,1
conv_17439_label1.mp3,1
conv_00227_label1.mp3,1
conv_04196_label1.mp3,1
conv_01821_label0.mp3,0
conv_15013_label0.mp3,0
conv_03399_label0.mp3,0
conv_12331_label0.mp3,0
conv_09984_label0.mp3,0
conv_00332_label0.mp3,0
conv_00082_label1.mp3,1
conv_01387_label1.mp3,1
conv_19265_label1.mp3,1
conv_11247_label1.mp3,1
conv_07233_label0.mp3,0
conv_11646_label0.mp3,0
conv_19959_label1.mp3,1
conv_11682_label1.mp3,1
conv_10470_label0.mp3,0
conv_13713_label0.mp3,0
conv_10540_label0.mp3,0
conv_03708_label0.mp3,0
conv_19197_label0.mp3,0
conv_12505_label0.mp3,0
conv_14901_label1.mp3,1
conv_06438_label1.mp3,1
conv_07855_label0.mp3,0
conv_07426_label1.mp3,1
conv_06482_label0.mp3,0
conv_21283_label1.mp3,1
conv_04084_label1.mp3,1
conv_01200_label1.mp3,1
conv_01668_label0.mp3,0
conv_00989_label1.mp3,1
conv_11253_label0.mp3,0
conv_11781_label1.mp3,1
conv_21183_label1.mp3,1
conv_10923_label0.mp3,0
conv_19180_label1.mp3,1
conv_18280_label0.mp3,0
conv_04975_label0.mp3,0
conv_12431_label1.mp3,1
conv_14252_label1.mp3,1
conv_15408_label0.mp3,0
conv_04043_label0.mp3,0
conv_12960_label1.mp3,1
conv_04477_label0.mp3,0
conv_08810_label0.mp3,0
conv_03563_label1.mp3,1
conv_15252_label0.mp3,0
conv_13113_label1.mp3,1
conv_16927_label1.mp3,1
conv_13138_label1.mp3,1
conv_13205_label0.mp3,0
conv_03836_label1.mp3,1
conv_10303_label1.mp3,1
conv_09130_label0.mp3,0
conv_03953_label1.mp3,1
conv_10944_label0.mp3,0
conv_14647_label1.mp3,1
conv_00445_label1.mp3,1
conv_11456_label0.mp3,0
conv_19100_label1.mp3,1
conv_10338_label0.mp3,0
conv_03290_label1.mp3,1
conv_18784_label1.mp3,1
conv_08139_label1.mp3,1
conv_20015_label0.mp3,0
conv_04917_label0.mp3,0
conv_03223_label0.mp3,0
conv_14354_label0.mp3,0
conv_03394_label1.mp3,1
conv_17979_label1.mp3,1
conv_08431_label0.mp3,0
conv_08946_label0.mp3,0
conv_20217_label0.mp3,0
conv_01303_label1.mp3,1
conv_09593_label1.mp3,1
conv_11866_label1.mp3,1
conv_11161_label0.mp3,0
conv_15249_label1.mp3,1
conv_13651_label0.mp3,0
conv_05620_label1.mp3,1
conv_20032_label0.mp3,0
conv_00116_label1.mp3,1
conv_04335_label1.mp3,1
conv_12672_label0.mp3,0
conv_02292_label0.mp3,0
conv_15112_label1.mp3,1
conv_01729_label0.mp3,0
conv_10541_label1.mp3,1
conv_12099_label0.mp3,0
conv_06656_label1.mp3,1
conv_03723_label1.mp3,1
conv_19693_label0.mp3,0
conv_07095_label1.mp3,1
conv_14694_label0.mp3,0
conv_19359_label1.mp3,1
conv_20927_label1.mp3,1
conv_16058_label0.mp3,0
conv_07026_label1.mp3,1
conv_08742_label1.mp3,1
conv_02931_label1.mp3,1
conv_12387_label1.mp3,1
conv_11925_label1.mp3,1
conv_13859_label0.mp3,0
conv_01127_label0.mp3,0
conv_10775_label0.mp3,0
conv_20103_label1.mp3,1
conv_06242_label1.mp3,1
conv_12175_label0.mp3,0
conv_13057_label0.mp3,0
conv_13981_label0.mp3,0
conv_02628_label1.mp3,1
conv_15407_label0.mp3,0
conv_12434_label1.mp3,1
conv_18097_label1.mp3,1
conv_05368_label0.mp3,0
conv_12789_label0.mp3,0
conv_07909_label0.mp3,0
conv_15218_label0.mp3,0
conv_17865_label0.mp3,0
conv_11497_label0.mp3,0
conv_09442_label0.mp3,0
conv_15243_label0.mp3,0
conv_18166_label0.mp3,0
conv_14348_label0.mp3,0
conv_06913_label0.mp3,0
conv_07722_label1.mp3,1
conv_15637_label1.mp3,1
conv_16964_label1.mp3,1
conv_04352_label1.mp3,1
conv_00509_label0.mp3,0
conv_08826_label1.mp3,1
conv_04576_label1.mp3,1
conv_07414_label0.mp3,0
conv_01650_label1.mp3,1
conv_16817_label1.mp3,1
conv_06838_label1.mp3,1
conv_16767_label1.mp3,1
conv_17863_label0.mp3,0
conv_07331_label0.mp3,0
conv_15502_label1.mp3,1
conv_10003_label1.mp3,1
conv_15190_label0.mp3,0
conv_01462_label0.mp3,0
conv_07182_label0.mp3,0
conv_05078_label0.mp3,0
conv_15085_label0.mp3,0
conv_12301_label0.mp3,0
conv_04235_label1.mp3,1
conv_06624_label0.mp3,0
conv_20465_label0.mp3,0
conv_13959_label0.mp3,0
conv_11937_label1.mp3,1
conv_20300_label1.mp3,1
conv_02901_label1.mp3,1
conv_20254_label1.mp3,1
conv_04486_label0.mp3,0
conv_08670_label1.mp3,1
conv_09784_label1.mp3,1
conv_09696_label0.mp3,0
conv_03607_label0.mp3,0
conv_15226_label0.mp3,0
conv_04239_label0.mp3,0
conv_15580_label0.mp3,0
conv_17122_label1.mp3,1
conv_18190_label1.mp3,1
conv_11590_label0.mp3,0
conv_15670_label1.mp3,1
conv_00238_label1.mp3,1
conv_03602_label1.mp3,1
conv_04041_label1.mp3,1
conv_06945_label1.mp3,1
conv_04753_label0.mp3,0
conv_19784_label1.mp3,1
conv_08566_label0.mp3,0
conv_06403_label0.mp3,0
conv_13295_label0.mp3,0
conv_18158_label1.mp3,1
conv_03616_label1.mp3,1
conv_14244_label1.mp3,1
conv_16838_label1.mp3,1
conv_15686_label1.mp3,1
conv_13078_label0.mp3,0
conv_15614_label0.mp3,0
conv_14907_label0.mp3,0
conv_11631_label1.mp3,1
conv_14834_label0.mp3,0
conv_16734_label0.mp3,0
conv_20774_label0.mp3,0
conv_17297_label0.mp3,0
conv_19850_label0.mp3,0
conv_10776_label0.mp3,0
conv_17485_label0.mp3,0
conv_06560_label1.mp3,1
conv_12922_label0.mp3,0
conv_09987_label0.mp3,0
conv_10072_label0.mp3,0
conv_07747_label1.mp3,1
conv_19514_label1.mp3,1
conv_14912_label0.mp3,0
conv_05990_label0.mp3,0
conv_09152_label0.mp3,0
conv_17181_label0.mp3,0
conv_09497_label0.mp3,0
conv_04762_label1.mp3,1
conv_04193_label1.mp3,1
conv_08991_label1.mp3,1
conv_07736_label1.mp3,1
conv_18761_label1.mp3,1
conv_06993_label1.mp3,1
conv_06161_label0.mp3,0
conv_14304_label0.mp3,0
conv_06059_label0.mp3,0
conv_02713_label0.mp3,0
conv_19343_label0.mp3,0
conv_17558_label1.mp3,1
conv_11034_label0.mp3,0
conv_16848_label0.mp3,0
conv_12219_label1.mp3,1
conv_21206_label1.mp3,1
conv_01283_label0.mp3,0
conv_04198_label1.mp3,1
conv_13610_label0.mp3,0
conv_08974_label1.mp3,1
conv_18538_label1.mp3,1
conv_14865_label0.mp3,0
conv_19749_label1.mp3,1
conv_10311_label1.mp3,1
conv_12325_label0.mp3,0
conv_00590_label0.mp3,0
conv_16849_label0.mp3,0
conv_09173_label0.mp3,0
conv_00565_label1.mp3,1
conv_04426_label0.mp3,0
conv_19344_label1.mp3,1
conv_19309_label1.mp3,1
conv_19020_label1.mp3,1
conv_00710_label1.mp3,1
conv_18165_label1.mp3,1
conv_00182_label1.mp3,1
conv_20792_label0.mp3,0
conv_02974_label0.mp3,0
conv_06865_label1.mp3,1
conv_11126_label0.mp3,0
conv_16092_label0.mp3,0
conv_11622_label0.mp3,0
conv_06447_label0.mp3,0
conv_15978_label1.mp3,1
conv_01846_label1.mp3,1
conv_12545_label0.mp3,0
conv_12417_label1.mp3,1
conv_12110_label0.mp3,0
conv_12523_label1.mp3,1
conv_16558_label0.mp3,0
conv_06839_label0.mp3,0
conv_02025_label0.mp3,0
conv_16487_label1.mp3,1
conv_09517_label0.mp3,0
conv_14979_label1.mp3,1
conv_18840_label0.mp3,0
conv_20758_label1.mp3,1
conv_14958_label1.mp3,1
conv_11674_label0.mp3,0
conv_04332_label0.mp3,0
conv_16497_label0.mp3,0
conv_03942_label1.mp3,1
conv_13103_label1.mp3,1
conv_19101_label0.mp3,0
conv_07832_label1.mp3,1
conv_13909_label1.mp3,1
conv_04346_label0.mp3,0
conv_10566_label0.mp3,0
conv_07255_label0.mp3,0
conv_12395_label0.mp3,0
conv_17817_label0.mp3,0
conv_02483_label0.mp3,0
conv_12668_label1.mp3,1
conv_11896_label0.mp3,0
conv_16108_label1.mp3,1
conv_17982_label0.mp3,0
conv_16955_label1.mp3,1
conv_16041_label1.mp3,1
conv_16235_label0.mp3,0
conv_16956_label1.mp3,1
conv_03531_label0.mp3,0
conv_12654_label0.mp3,0
conv_15940_label1.mp3,1
conv_04858_label0.mp3,0
conv_01987_label1.mp3,1
conv_02626_label1.mp3,1
conv_04424_label1.mp3,1
conv_12749_label1.mp3,1
conv_09889_label0.mp3,0
conv_13168_label1.mp3,1
conv_10407_label0.mp3,0
conv_08180_label1.mp3,1
conv_15103_label1.mp3,1
conv_04056_label0.mp3,0
conv_08744_label1.mp3,1
conv_08614_label0.mp3,0
conv_16656_label1.mp3,1
conv_08606_label0.mp3,0
conv_08584_label1.mp3,1
conv_18325_label1.mp3,1
conv_15436_label1.mp3,1
conv_04399_label1.mp3,1
conv_08565_label1.mp3,1
conv_01329_label1.mp3,1
conv_05431_label1.mp3,1
conv_05554_label1.mp3,1
conv_05866_label0.mp3,0
conv_17964_label1.mp3,1
conv_17735_label1.mp3,1
conv_14502_label1.mp3,1
conv_19086_label1.mp3,1
conv_11309_label1.mp3,1
conv_17911_label0.mp3,0
conv_11297_label1.mp3,1
conv_19791_label1.mp3,1
conv_14598_label0.mp3,0
conv_21106_label0.mp3,0
conv_11704_label0.mp3,0
conv_15607_label0.mp3,0
conv_14778_label1.mp3,1
conv_07049_label1.mp3,1
conv_08511_label1.mp3,1
conv_05816_label1.mp3,1
conv_20932_label1.mp3,1
conv_01579_label0.mp3,0
conv_10755_label0.mp3,0
conv_18220_label1.mp3,1
conv_06752_label0.mp3,0
conv_18580_label1.mp3,1
conv_17369_label0.mp3,0
conv_02530_label0.mp3,0
conv_09896_label0.mp3,0
conv_03108_label0.mp3,0
conv_11602_label1.mp3,1
conv_01403_label0.mp3,0
conv_12426_label0.mp3,0
conv_07032_label0.mp3,0
conv_10244_label1.mp3,1
conv_10123_label1.mp3,1
conv_13595_label1.mp3,1
conv_14871_label1.mp3,1
conv_18848_label0.mp3,0
conv_08685_label1.mp3,1
conv_04824_label0.mp3,0
conv_12544_label1.mp3,1
conv_17968_label0.mp3,0
conv_00847_label1.mp3,1
conv_18472_label1.mp3,1
conv_12062_label0.mp3,0
conv_06550_label0.mp3,0
conv_06467_label1.mp3,1
conv_18887_label1.mp3,1
conv_06869_label1.mp3,1
conv_08262_label1.mp3,1
conv_03750_label0.mp3,0
conv_14197_label1.mp3,1
conv_02480_label1.mp3,1
conv_10291_label0.mp3,0
conv_03267_label0.mp3,0
conv_20705_label1.mp3,1
conv_17851_label0.mp3,0
conv_06854_label1.mp3,1
conv_16096_label0.mp3,0
conv_09116_label0.mp3,0
conv_13269_label0.mp3,0
conv_02731_label0.mp3,0
conv_16726_label1.mp3,1
conv_18005_label1.mp3,1
conv_18889_label0.mp3,0
conv_20435_label1.mp3,1
conv_04260_label0.mp3,0
conv_05589_label1.mp3,1
conv_18992_label0.mp3,0
conv_16375_label1.mp3,1
conv_21333_label1.mp3,1
conv_20341_label0.mp3,0
conv_04758_label0.mp3,0
conv_01831_label1.mp3,1
conv_00985_label1.mp3,1
conv_08438_label0.mp3,0
conv_02074_label0.mp3,0
conv_05289_label1.mp3,1
conv_15917_label1.mp3,1
conv_14146_label0.mp3,0
conv_10639_label1.mp3,1
conv_00855_label1.mp3,1
conv_02686_label0.mp3,0
conv_17381_label1.mp3,1
conv_12963_label1.mp3,1
conv_11626_label0.mp3,0
conv_16772_label0.mp3,0
conv_08481_label0.mp3,0
conv_07434_label0.mp3,0
conv_09457_label1.mp3,1
conv_13354_label0.mp3,0
conv_17686_label1.mp3,1
conv_16149_label0.mp3,0
conv_07156_label0.mp3,0
conv_15237_label0.mp3,0
conv_17061_label1.mp3,1
conv_10731_label1.mp3,1
conv_03420_label0.mp3,0
conv_10992_label0.mp3,0
conv_20524_label0.mp3,0
conv_09755_label0.mp3,0
conv_08809_label1.mp3,1
conv_17553_label1.mp3,1
conv_01634_label0.mp3,0
conv_11880_label0.mp3,0
conv_01940_label1.mp3,1
conv_11956_label1.mp3,1
conv_15063_label0.mp3,0
conv_16479_label0.mp3,0
conv_18373_label1.mp3,1
conv_18074_label0.mp3,0
conv_06537_label1.mp3,1
conv_20594_label0.mp3,0
conv_20804_label1.mp3,1
conv_10917_label1.mp3,1
conv_17490_label1.mp3,1
conv_04922_label0.mp3,0
conv_19774_label1.mp3,1
conv_17878_label0.mp3,0
conv_06619_label0.mp3,0
conv_15795_label0.mp3,0
conv_09222_label0.mp3,0
conv_10743_label1.mp3,1
conv_07779_label0.mp3,0
conv_14106_label1.mp3,1
conv_09680_label0.mp3,0
conv_02606_label1.mp3,1
conv_15280_label0.mp3,0
conv_04245_label0.mp3,0
conv_02130_label0.mp3,0
conv_06152_label1.mp3,1
conv_02939_label1.mp3,1
conv_01313_label1.mp3,1
conv_07974_label0.mp3,0
conv_01614_label0.mp3,0
conv_18870_label0.mp3,0
conv_14867_label1.mp3,1
conv_05145_label1.mp3,1
conv_18401_label0.mp3,0
conv_13067_label1.mp3,1
conv_08603_label1.mp3,1
conv_07203_label1.mp3,1
conv_18336_label1.mp3,1
conv_09830_label0.mp3,0
conv_21215_label0.mp3,0
conv_00817_label0.mp3,0
conv_16662_label0.mp3,0
conv_20433_label1.mp3,1
conv_04006_label0.mp3,0
conv_07201_label0.mp3,0
conv_06302_label1.mp3,1
conv_19015_label1.mp3,1
conv_18350_label1.mp3,1
conv_05066_label0.mp3,0
conv_04637_label0.mp3,0
conv_13604_label0.mp3,0
conv_15284_label0.mp3,0
conv_00811_label0.mp3,0
conv_14764_label0.mp3,0
conv_10152_label0.mp3,0
conv_03434_label0.mp3,0
conv_07869_label0.mp3,0
conv_10141_label0.mp3,0
conv_05195_label0.mp3,0
conv_00903_label1.mp3,1
conv_03841_label0.mp3,0
conv_09093_label1.mp3,1
conv_00942_label0.mp3,0
conv_15849_label0.mp3,0
conv_07270_label1.mp3,1
conv_10437_label0.mp3,0
conv_02339_label0.mp3,0
conv_08597_label0.mp3,0
conv_13315_label0.mp3,0
conv_14175_label0.mp3,0
conv_00251_label1.mp3,1
conv_09365_label1.mp3,1
conv_07662_label1.mp3,1
conv_09285_label0.mp3,0
conv_20753_label0.mp3,0
conv_09942_label0.mp3,0
conv_04040_label1.mp3,1
conv_19721_label1.mp3,1
conv_19449_label1.mp3,1
conv_14213_label1.mp3,1
conv_13449_label1.mp3,1
conv_14557_label1.mp3,1
conv_16796_label1.mp3,1
conv_11552_label1.mp3,1
conv_04013_label0.mp3,0
conv_09350_label0.mp3,0
conv_04319_label1.mp3,1
conv_03334_label0.mp3,0
conv_15958_label1.mp3,1
conv_10691_label0.mp3,0
conv_17079_label1.mp3,1
conv_02840_label0.mp3,0
conv_08653_label0.mp3,0
conv_13785_label1.mp3,1
conv_09275_label0.mp3,0
conv_19236_label0.mp3,0
conv_04628_label0.mp3,0
conv_09341_label1.mp3,1
conv_04372_label0.mp3,0
conv_06906_label1.mp3,1
conv_16346_label1.mp3,1
conv_14227_label1.mp3,1
conv_07984_label0.mp3,0
conv_21004_label0.mp3,0
conv_18971_label1.mp3,1
conv_08004_label0.mp3,0
conv_12222_label1.mp3,1
conv_07289_label1.mp3,1
conv_13291_label1.mp3,1
conv_09837_label1.mp3,1
conv_05299_label1.mp3,1
conv_11077_label1.mp3,1
conv_10304_label0.mp3,0
conv_07408_label1.mp3,1
conv_17192_label0.mp3,0
conv_16922_label0.mp3,0
conv_20482_label0.mp3,0
conv_05389_label0.mp3,0
conv_10796_label1.mp3,1
conv_04111_label1.mp3,1
conv_10140_label0.mp3,0
conv_16195_label0.mp3,0
conv_01175_label0.mp3,0
conv_10850_label0.mp3,0
conv_14987_label1.mp3,1
conv_09053_label0.mp3,0
conv_02818_label1.mp3,1
conv_13880_label0.mp3,0
conv_11779_label0.mp3,0
conv_20728_label1.mp3,1
conv_04826_label0.mp3,0
conv_02420_label1.mp3,1
conv_13172_label0.mp3,0
conv_06478_label1.mp3,1
conv_09348_label0.mp3,0
conv_05259_label0.mp3,0
conv_10125_label0.mp3,0
conv_17146_label1.mp3,1
conv_18072_label1.mp3,1
conv_05581_label1.mp3,1
conv_17907_label0.mp3,0
conv_10872_label0.mp3,0
conv_06273_label1.mp3,1
conv_06028_label1.mp3,1
conv_08821_label0.mp3,0
conv_07607_label0.mp3,0
conv_01865_label0.mp3,0
conv_04221_label1.mp3,1
conv_18593_label0.mp3,0
conv_12945_label1.mp3,1
conv_10524_label0.mp3,0
conv_03530_label1.mp3,1
conv_19109_label1.mp3,1
conv_13895_label0.mp3,0
conv_18193_label1.mp3,1
conv_18730_label0.mp3,0
conv_14517_label1.mp3,1
conv_01643_label1.mp3,1
conv_18822_label1.mp3,1
conv_14881_label1.mp3,1
conv_18026_label0.mp3,0
conv_01126_label1.mp3,1
conv_08795_label0.mp3,0
conv_04315_label0.mp3,0
conv_04004_label1.mp3,1
conv_07070_label1.mp3,1
conv_09899_label1.mp3,1
conv_04597_label1.mp3,1
conv_10584_label0.mp3,0
conv_06710_label1.mp3,1
conv_13541_label1.mp3,1
conv_02200_label1.mp3,1
conv_09431_label0.mp3,0
conv_01064_label1.mp3,1
conv_02187_label1.mp3,1
conv_15005_label1.mp3,1
conv_18594_label0.mp3,0
conv_11446_label0.mp3,0
conv_13712_label0.mp3,0
conv_05217_label1.mp3,1
conv_02191_label0.mp3,0
conv_11438_label1.mp3,1
conv_00285_label0.mp3,0
conv_01143_label1.mp3,1
conv_17653_label1.mp3,1
conv_14513_label0.mp3,0
conv_03468_label0.mp3,0
conv_06053_label0.mp3,0
conv_18444_label1.mp3,1
conv_04453_label1.mp3,1
conv_18519_label1.mp3,1
conv_11294_label0.mp3,0
conv_07697_label0.mp3,0
conv_20089_label1.mp3,1
conv_01732_label1.mp3,1
conv_16632_label0.mp3,0
conv_06187_label0.mp3,0
conv_16322_label1.mp3,1
conv_04289_label0.mp3,0
conv_09188_label0.mp3,0
conv_14367_label0.mp3,0
conv_18789_label1.mp3,1
conv_13554_label0.mp3,0
conv_08609_label1.mp3,1
conv_08087_label1.mp3,1
conv_00095_label0.mp3,0
conv_14728_label1.mp3,1
conv_19376_label1.mp3,1
conv_04868_label0.mp3,0
conv_05583_label0.mp3,0
conv_02813_label0.mp3,0
conv_02273_label1.mp3,1
conv_12009_label1.mp3,1
conv_17336_label1.mp3,1
conv_17949_label0.mp3,0
conv_16384_label1.mp3,1
conv_18049_label1.mp3,1
conv_12631_label1.mp3,1
conv_10144_label1.mp3,1
conv_02112_label0.mp3,0
conv_09109_label0.mp3,0
conv_20330_label1.mp3,1
conv_18919_label1.mp3,1
conv_18155_label0.mp3,0
conv_16126_label1.mp3,1
conv_21118_label1.mp3,1
conv_04884_label0.mp3,0
conv_07424_label1.mp3,1
conv_15566_label0.mp3,0
conv_16214_label1.mp3,1
conv_11086_label0.mp3,0
conv_09554_label1.mp3,1
conv_07655_label0.mp3,0
conv_01068_label0.mp3,0
conv_17857_label0.mp3,0
conv_11068_label0.mp3,0
conv_02456_label0.mp3,0
conv_06718_label1.mp3,1
conv_07612_label0.mp3,0
conv_18110_label0.mp3,0
conv_13397_label0.mp3,0
conv_20881_label0.mp3,0
conv_13937_label0.mp3,0
conv_05734_label1.mp3,1
conv_06337_label1.mp3,1
conv_07709_label0.mp3,0
conv_02500_label1.mp3,1
conv_14937_label0.mp3,0
conv_13847_label1.mp3,1
conv_08832_label0.mp3,0
conv_16402_label1.mp3,1
conv_18653_label0.mp3,0
conv_08048_label1.mp3,1
conv_10349_label1.mp3,1
conv_04812_label1.mp3,1
conv_05883_label1.mp3,1
conv_15818_label1.mp3,1
conv_07672_label1.mp3,1
conv_10210_label0.mp3,0
conv_09346_label0.mp3,0
conv_13467_label0.mp3,0
conv_05906_label0.mp3,0
conv_16666_label1.mp3,1
conv_11440_label0.mp3,0
conv_11165_label1.mp3,1
conv_19219_label0.mp3,0
conv_13462_label1.mp3,1
conv_06419_label0.mp3,0
conv_13779_label1.mp3,1
conv_09705_label0.mp3,0
conv_12524_label0.mp3,0
conv_17446_label1.mp3,1
conv_11738_label0.mp3,0
conv_18241_label1.mp3,1
conv_12514_label1.mp3,1
conv_09590_label1.mp3,1
conv_15977_label0.mp3,0
conv_05373_label0.mp3,0
conv_04032_label0.mp3,0
conv_15138_label1.mp3,1
conv_16816_label1.mp3,1
conv_02767_label0.mp3,0
conv_08403_label1.mp3,1
conv_13629_label1.mp3,1
conv_05246_label0.mp3,0
conv_18384_label0.mp3,0
conv_00982_label1.mp3,1
conv_19358_label1.mp3,1
conv_20388_label1.mp3,1
conv_16435_label0.mp3,0
conv_13106_label0.mp3,0
conv_17208_label1.mp3,1
conv_07071_label1.mp3,1
conv_15349_label1.mp3,1
conv_13516_label0.mp3,0
conv_12133_label1.mp3,1
conv_17846_label1.mp3,1
conv_02073_label1.mp3,1
conv_05481_label0.mp3,0
conv_19700_label1.mp3,1
conv_10330_label0.mp3,0
conv_11404_label1.mp3,1
conv_14389_label1.mp3,1
conv_20310_label1.mp3,1
conv_11226_label1.mp3,1
conv_03316_label1.mp3,1
conv_07329_label0.mp3,0
conv_08261_label0.mp3,0
conv_00968_label1.mp3,1
conv_14855_label0.mp3,0
conv_13278_label0.mp3,0
conv_12104_label0.mp3,0
conv_13459_label1.mp3,1
conv_03944_label0.mp3,0
conv_01353_label1.mp3,1
conv_20691_label0.mp3,0
conv_08937_label1.mp3,1
conv_03628_label0.mp3,0
conv_06110_label0.mp3,0
conv_14567_label1.mp3,1
conv_17303_label1.mp3,1
conv_00289_label0.mp3,0
conv_10500_label1.mp3,1
conv_14064_label0.mp3,0
conv_05033_label1.mp3,1
conv_19113_label1.mp3,1
conv_20039_label0.mp3,0
conv_17452_label0.mp3,0
conv_15937_label0.mp3,0
conv_20172_label0.mp3,0
conv_16290_label1.mp3,1
conv_05851_label0.mp3,0
conv_00104_label0.mp3,0
conv_01676_label0.mp3,0
conv_07537_label1.mp3,1
conv_03573_label0.mp3,0
conv_05369_label0.mp3,0
conv_17286_label0.mp3,0
conv_07973_label1.mp3,1
conv_05404_label1.mp3,1
conv_11739_label1.mp3,1
conv_12210_label0.mp3,0
conv_02147_label1.mp3,1
conv_15545_label0.mp3,0
conv_16484_label1.mp3,1
conv_10977_label1.mp3,1
conv_18809_label0.mp3,0
conv_10232_label0.mp3,0
conv_12762_label1.mp3,1
conv_15726_label1.mp3,1
conv_16437_label0.mp3,0
conv_05949_label0.mp3,0
conv_16354_label1.mp3,1
conv_03287_label0.mp3,0
conv_13891_label0.mp3,0
conv_16054_label1.mp3,1
conv_05336_label1.mp3,1
conv_11798_label0.mp3,0
conv_08151_label1.mp3,1
conv_08066_label1.mp3,1
conv_01863_label1.mp3,1
conv_17089_label1.mp3,1
conv_10387_label0.mp3,0
conv_07873_label0.mp3,0
conv_17910_label0.mp3,0
conv_07590_label1.mp3,1
conv_07024_label1.mp3,1
conv_01174_label0.mp3,0
conv_03576_label0.mp3,0
conv_10984_label1.mp3,1
conv_07170_label0.mp3,0
conv_15320_label0.mp3,0
conv_21066_label0.mp3,0
conv_18576_label0.mp3,0
conv_21067_label0.mp3,0
conv_07636_label1.mp3,1
conv_12128_label0.mp3,0
conv_06129_label1.mp3,1
conv_08895_label0.mp3,0
conv_02533_label1.mp3,1
conv_19244_label0.mp3,0
conv_06429_label1.mp3,1
conv_08437_label1.mp3,1
conv_11660_label0.mp3,0
conv_03678_label0.mp3,0
conv_20848_label1.mp3,1
conv_15026_label0.mp3,0
conv_13984_label0.mp3,0
conv_01552_label0.mp3,0
conv_19849_label0.mp3,0
conv_05425_label0.mp3,0
conv_13176_label0.mp3,0
conv_12786_label1.mp3,1
conv_18016_label0.mp3,0
conv_18635_label1.mp3,1
conv_01807_label0.mp3,0
conv_19579_label1.mp3,1
conv_01176_label0.mp3,0
conv_19825_label0.mp3,0
conv_05782_label1.mp3,1
conv_07078_label0.mp3,0
conv_15523_label1.mp3,1
conv_08803_label1.mp3,1
conv_05804_label1.mp3,1
conv_11736_label0.mp3,0
conv_05281_label1.mp3,1
conv_00639_label0.mp3,0
conv_17718_label0.mp3,0
conv_17090_label1.mp3,1
conv_07772_label1.mp3,1
conv_03636_label0.mp3,0
conv_03220_label0.mp3,0
conv_05599_label0.mp3,0
conv_00055_label0.mp3,0
conv_15370_label1.mp3,1
conv_01769_label0.mp3,0
conv_04616_label1.mp3,1
conv_08075_label0.mp3,0
conv_16634_label1.mp3,1
conv_13280_label1.mp3,1
conv_00894_label0.mp3,0
conv_15194_label1.mp3,1
conv_04877_label1.mp3,1
conv_12327_label0.mp3,0
conv_16911_label1.mp3,1
conv_20940_label1.mp3,1
conv_05965_label1.mp3,1
conv_17144_label0.mp3,0
conv_03743_label1.mp3,1
conv_17951_label1.mp3,1
conv_08574_label0.mp3,0
conv_11443_label0.mp3,0
conv_18736_label0.mp3,0
conv_09737_label0.mp3,0
conv_07144_label1.mp3,1
conv_02048_label1.mp3,1
conv_02133_label0.mp3,0
conv_19116_label1.mp3,1
conv_12217_label1.mp3,1
conv_05495_label0.mp3,0
conv_13858_label0.mp3,0
conv_15996_label0.mp3,0
conv_04780_label0.mp3,0
conv_14104_label1.mp3,1
conv_05264_label1.mp3,1
conv_15259_label0.mp3,0
conv_20621_label0.mp3,0
conv_09563_label0.mp3,0
conv_16854_label1.mp3,1
conv_17125_label0.mp3,0
conv_07176_label0.mp3,0
conv_19674_label1.mp3,1
conv_10590_label1.mp3,1
conv_03502_label1.mp3,1
conv_14570_label0.mp3,0
conv_11264_label1.mp3,1
conv_00880_label1.mp3,1
conv_17887_label1.mp3,1
conv_06464_label0.mp3,0
conv_04449_label0.mp3,0
conv_05777_label0.mp3,0
conv_14977_label1.mp3,1
conv_16107_label0.mp3,0
conv_05593_label0.mp3,0
conv_04654_label0.mp3,0
conv_12632_label0.mp3,0
conv_06196_label0.mp3,0
conv_10744_label0.mp3,0
conv_12477_label1.mp3,1
conv_07151_label1.mp3,1
conv_03719_label0.mp3,0
conv_03601_label0.mp3,0
conv_06516_label1.mp3,1
conv_18542_label0.mp3,0
conv_06754_label0.mp3,0
conv_03574_label1.mp3,1
conv_09829_label0.mp3,0
conv_05540_label0.mp3,0
conv_14292_label0.mp3,0
conv_03581_label0.mp3,0
conv_02918_label1.mp3,1
conv_03349_label1.mp3,1
conv_16152_label1.mp3,1
conv_04304_label0.mp3,0
conv_06525_label1.mp3,1
conv_03356_label1.mp3,1
conv_18515_label0.mp3,0
conv_07967_label0.mp3,0
conv_19566_label1.mp3,1
conv_04466_label0.mp3,0
conv_13333_label1.mp3,1
conv_07836_label1.mp3,1
conv_01703_label0.mp3,0
conv_06448_label1.mp3,1
conv_14060_label1.mp3,1
conv_02859_label0.mp3,0
conv_12305_label1.mp3,1
conv_01242_label1.mp3,1
conv_09844_label0.mp3,0
conv_12781_label1.mp3,1
conv_20746_label1.mp3,1
conv_00186_label0.mp3,0
conv_01974_label1.mp3,1
conv_20193_label1.mp3,1
conv_03408_label1.mp3,1
conv_09104_label0.mp3,0
conv_03069_label0.mp3,0
conv_09379_label0.mp3,0
conv_03962_label0.mp3,0
conv_04896_label0.mp3,0
conv_01360_label0.mp3,0
conv_13951_label1.mp3,1
conv_17058_label0.mp3,0
conv_02545_label0.mp3,0
conv_02871_label0.mp3,0
conv_15438_label0.mp3,0
conv_07527_label0.mp3,0
conv_21151_label1.mp3,1
conv_16940_label0.mp3,0
conv_20600_label1.mp3,1
conv_08534_label0.mp3,0
conv_07104_label1.mp3,1
conv_04848_label1.mp3,1
conv_12925_label1.mp3,1
conv_05634_label0.mp3,0
conv_09708_label0.mp3,0
conv_21323_label0.mp3,0
conv_03093_label1.mp3,1
conv_00690_label1.mp3,1
conv_02526_label1.mp3,1
conv_11204_label1.mp3,1
conv_18387_label1.mp3,1
conv_06023_label0.mp3,0
conv_05806_label1.mp3,1
conv_11399_label1.mp3,1
conv_04613_label0.mp3,0
conv_14203_label0.mp3,0
conv_02468_label0.mp3,0
conv_07906_label1.mp3,1
conv_13267_label0.mp3,0
conv_09903_label1.mp3,1
conv_12436_label1.mp3,1
conv_04655_label1.mp3,1
conv_07862_label1.mp3,1
conv_17944_label1.mp3,1
conv_04478_label0.mp3,0
conv_00735_label0.mp3,0
conv_00444_label1.mp3,1
conv_09978_label1.mp3,1
conv_21009_label0.mp3,0
conv_05509_label0.mp3,0
conv_07327_label0.mp3,0
conv_15221_label1.mp3,1
conv_14105_label1.mp3,1
conv_17529_label0.mp3,0
conv_15161_label1.mp3,1
conv_15448_label0.mp3,0
conv_05819_label1.mp3,1
conv_02625_label1.mp3,1
conv_04126_label0.mp3,0
conv_00420_label1.mp3,1
conv_08390_label0.mp3,0
conv_08487_label0.mp3,0
conv_18977_label1.mp3,1
conv_10126_label0.mp3,0
conv_00266_label1.mp3,1
conv_03320_label0.mp3,0
conv_20202_label1.mp3,1
conv_01178_label0.mp3,0
conv_09423_label0.mp3,0
conv_08330_label0.mp3,0
conv_04699_label1.mp3,1
conv_02662_label1.mp3,1
conv_08432_label0.mp3,0
conv_16888_label0.mp3,0
conv_05909_label0.mp3,0
conv_13931_label1.mp3,1
conv_17406_label1.mp3,1
conv_10348_label1.mp3,1
conv_20628_label1.mp3,1
conv_13698_label1.mp3,1
conv_12492_label0.mp3,0
conv_04903_label1.mp3,1
conv_05469_label0.mp3,0
conv_08031_label0.mp3,0
conv_18409_label1.mp3,1
conv_20951_label1.mp3,1
conv_07127_label1.mp3,1
conv_19768_label0.mp3,0
conv_06310_label0.mp3,0
conv_10993_label0.mp3,0
conv_07796_label1.mp3,1
conv_04600_label0.mp3,0
conv_02211_label1.mp3,1
conv_01603_label1.mp3,1
conv_09492_label1.mp3,1
conv_03201_label0.mp3,0
conv_17358_label0.mp3,0
conv_08229_label0.mp3,0
conv_15406_label1.mp3,1
conv_05140_label1.mp3,1
conv_00626_label1.mp3,1
conv_03310_label0.mp3,0
conv_15649_label1.mp3,1
conv_20559_label1.mp3,1
conv_15106_label0.mp3,0
conv_19407_label0.mp3,0
conv_21021_label1.mp3,1
conv_04973_label0.mp3,0
conv_09314_label0.mp3,0
conv_05224_label1.mp3,1
conv_01228_label0.mp3,0
conv_17508_label0.mp3,0
conv_18148_label1.mp3,1
conv_17697_label1.mp3,1
conv_07427_label0.mp3,0
conv_11151_label1.mp3,1
conv_02348_label0.mp3,0
conv_10258_label0.mp3,0
conv_13149_label1.mp3,1
conv_18330_label0.mp3,0
conv_01122_label0.mp3,0
conv_07626_label1.mp3,1
conv_12404_label0.mp3,0
conv_06057_label0.mp3,0
conv_21076_label1.mp3,1
conv_07727_label1.mp3,1
conv_13504_label1.mp3,1
conv_11260_label0.mp3,0
conv_05323_label0.mp3,0
conv_12218_label0.mp3,0
conv_02575_label1.mp3,1
conv_08388_label0.mp3,0
conv_06960_label0.mp3,0
conv_01508_label1.mp3,1
conv_03166_label1.mp3,1
conv_06922_label1.mp3,1
conv_10831_label0.mp3,0
conv_15863_label1.mp3,1
conv_19140_label1.mp3,1
conv_11468_label0.mp3,0
conv_04438_label1.mp3,1
conv_10662_label0.mp3,0
conv_17608_label1.mp3,1
conv_21230_label0.mp3,0
conv_13332_label1.mp3,1
conv_02847_label1.mp3,1
conv_03885_label0.mp3,0
conv_11156_label0.mp3,0
conv_10489_label1.mp3,1
conv_20333_label1.mp3,1
conv_09402_label1.mp3,1
conv_09197_label0.mp3,0
conv_00461_label0.mp3,0
conv_19604_label0.mp3,0
conv_09630_label1.mp3,1
conv_19756_label0.mp3,0
conv_11558_label1.mp3,1
conv_08865_label0.mp3,0
conv_05329_label1.mp3,1
conv_19087_label1.mp3,1
conv_17422_label0.mp3,0
conv_05918_label1.mp3,1
conv_07398_label1.mp3,1
conv_11041_label1.mp3,1
conv_08186_label0.mp3,0
conv_11412_label0.mp3,0
conv_14153_label0.mp3,0
conv_08348_label1.mp3,1
conv_06508_label1.mp3,1
conv_14913_label0.mp3,0
conv_02578_label0.mp3,0
conv_03741_label1.mp3,1
conv_06618_label1.mp3,1
conv_18445_label1.mp3,1
conv_19822_label1.mp3,1
conv_10181_label0.mp3,0
conv_05528_label1.mp3,1
conv_00262_label0.mp3,0
conv_05081_label0.mp3,0
conv_00348_label0.mp3,0
conv_15611_label0.mp3,0
conv_09343_label0.mp3,0
conv_05276_label0.mp3,0
conv_13386_label0.mp3,0
conv_14601_label1.mp3,1
conv_13809_label1.mp3,1
conv_08854_label0.mp3,0
conv_16139_label1.mp3,1
conv_03442_label1.mp3,1
conv_10633_label1.mp3,1
conv_08108_label1.mp3,1
conv_01725_label0.mp3,0
conv_19662_label0.mp3,0
conv_13502_label0.mp3,0
conv_19268_label0.mp3,0
conv_15828_label0.mp3,0
conv_00199_label0.mp3,0
conv_10275_label0.mp3,0
conv_08219_label1.mp3,1
conv_11806_label0.mp3,0
conv_12920_label0.mp3,0
conv_00140_label0.mp3,0
conv_19196_label1.mp3,1
conv_01867_label0.mp3,0
conv_05665_label0.mp3,0
conv_04387_label0.mp3,0
conv_15390_label1.mp3,1
conv_14852_label0.mp3,0
conv_12490_label0.mp3,0
conv_05375_label1.mp3,1
conv_08288_label1.mp3,1
conv_05911_label0.mp3,0
conv_17055_label0.mp3,0
conv_17029_label0.mp3,0
conv_17366_label1.mp3,1
conv_07464_label0.mp3,0
conv_16144_label0.mp3,0
conv_01130_label0.mp3,0
conv_06073_label0.mp3,0
conv_05175_label0.mp3,0
conv_01660_label0.mp3,0
conv_10033_label1.mp3,1
conv_20306_label1.mp3,1
conv_00759_label1.mp3,1
conv_17692_label1.mp3,1
conv_17744_label0.mp3,0
conv_21149_label0.mp3,0
conv_07540_label0.mp3,0
conv_07669_label0.mp3,0
conv_19739_label0.mp3,0
conv_19744_label0.mp3,0
conv_06523_label1.mp3,1
conv_12588_label1.mp3,1
conv_08404_label1.mp3,1
conv_21231_label0.mp3,0
conv_01558_label0.mp3,0
conv_14042_label1.mp3,1
conv_11746_label1.mp3,1
conv_06326_label1.mp3,1
conv_03941_label1.mp3,1
conv_18943_label0.mp3,0
conv_21244_label1.mp3,1
conv_05690_label1.mp3,1
conv_06813_label1.mp3,1
conv_10097_label1.mp3,1
conv_05538_label0.mp3,0
conv_17614_label1.mp3,1
conv_15123_label0.mp3,0
conv_11054_label1.mp3,1
conv_03037_label1.mp3,1
conv_13568_label0.mp3,0
conv_02283_label0.mp3,0
conv_18116_label0.mp3,0
conv_01496_label1.mp3,1
conv_14395_label0.mp3,0
conv_21302_label1.mp3,1
conv_01688_label1.mp3,1
conv_06883_label1.mp3,1
conv_12240_label1.mp3,1
conv_01534_label1.mp3,1
conv_17417_label1.mp3,1
conv_08362_label0.mp3,0
conv_10514_label1.mp3,1
conv_08608_label0.mp3,0
conv_20840_label0.mp3,0
conv_20741_label1.mp3,1
conv_18525_label1.mp3,1
conv_19646_label1.mp3,1
conv_11464_label1.mp3,1
conv_17989_label0.mp3,0
conv_09822_label1.mp3,1
conv_00507_label0.mp3,0
conv_06976_label1.mp3,1
conv_18108_label0.mp3,0
conv_10194_label1.mp3,1
conv_01924_label1.mp3,1
conv_01162_label1.mp3,1
conv_12406_label0.mp3,0
conv_15935_label0.mp3,0
conv_06519_label0.mp3,0
conv_11809_label1.mp3,1
conv_18707_label0.mp3,0
conv_06200_label0.mp3,0
conv_08503_label0.mp3,0
conv_21158_label0.mp3,0
conv_04456_label1.mp3,1
conv_11659_label0.mp3,0
conv_06180_label0.mp3,0
conv_04867_label1.mp3,1
conv_00464_label1.mp3,1
conv_17044_label1.mp3,1
conv_20974_label1.mp3,1
conv_09362_label0.mp3,0
conv_14573_label0.mp3,0
conv_03898_label1.mp3,1
conv_00449_label1.mp3,1
conv_19218_label0.mp3,0
conv_12145_label0.mp3,0
conv_16820_label1.mp3,1
conv_19434_label1.mp3,1
conv_06823_label1.mp3,1
conv_09337_label0.mp3,0
conv_16519_label1.mp3,1
conv_15291_label1.mp3,1
conv_21252_label0.mp3,0
conv_07469_label1.mp3,1
conv_07322_label1.mp3,1
conv_21187_label0.mp3,0
conv_18492_label0.mp3,0
conv_07729_label0.mp3,0
conv_17741_label1.mp3,1
conv_09616_label1.mp3,1
conv_05268_label0.mp3,0
conv_12198_label1.mp3,1
conv_19821_label1.mp3,1
conv_15586_label0.mp3,0
conv_04677_label0.mp3,0
conv_10683_label1.mp3,1
conv_20194_label0.mp3,0
conv_04729_label0.mp3,0
conv_19706_label0.mp3,0
conv_14157_label0.mp3,0
conv_20463_label0.mp3,0
conv_18814_label1.mp3,1
conv_18460_label1.mp3,1
conv_04206_label0.mp3,0
conv_08225_label1.mp3,1
conv_07800_label1.mp3,1
conv_12068_label0.mp3,0
conv_04991_label0.mp3,0
conv_20721_label1.mp3,1
conv_11978_label1.mp3,1
conv_01921_label0.mp3,0
conv_11929_label1.mp3,1
conv_01279_label0.mp3,0
conv_13110_label0.mp3,0
conv_06304_label0.mp3,0
conv_20862_label0.mp3,0
conv_19639_label0.mp3,0
conv_02203_label1.mp3,1
conv_14378_label0.mp3,0
conv_19555_label0.mp3,0
conv_17193_label0.mp3,0
conv_16350_label0.mp3,0
conv_02591_label0.mp3,0
conv_04926_label0.mp3,0
conv_04645_label1.mp3,1
conv_15264_label1.mp3,1
conv_02696_label0.mp3,0
conv_12449_label0.mp3,0
conv_01571_label0.mp3,0
conv_10103_label1.mp3,1
conv_07149_label1.mp3,1
conv_09695_label1.mp3,1
conv_18263_label0.mp3,0
conv_08848_label1.mp3,1
conv_05817_label0.mp3,0
conv_12721_label0.mp3,0
conv_03857_label0.mp3,0
conv_02367_label1.mp3,1
conv_05442_label0.mp3,0
conv_19927_label0.mp3,0
conv_12258_label1.mp3,1
conv_00537_label1.mp3,1
conv_10701_label1.mp3,1
conv_17114_label1.mp3,1
conv_04735_label1.mp3,1
conv_02996_label1.mp3,1
conv_14462_label0.mp3,0
conv_08218_label0.mp3,0
conv_03896_label0.mp3,0
conv_04175_label1.mp3,1
conv_01847_label0.mp3,0
conv_01131_label0.mp3,0
conv_16789_label0.mp3,0
conv_01941_label0.mp3,0
conv_07241_label0.mp3,0
conv_00049_label0.mp3,0
conv_01832_label1.mp3,1
conv_18669_label0.mp3,0
conv_10666_label1.mp3,1
conv_02754_label0.mp3,0
conv_14034_label1.mp3,1
conv_08692_label0.mp3,0
conv_05630_label1.mp3,1
conv_01039_label1.mp3,1
conv_16391_label1.mp3,1
conv_03876_label1.mp3,1
conv_11454_label1.mp3,1
conv_04087_label0.mp3,0
conv_16193_label1.mp3,1
conv_14544_label0.mp3,0
conv_15364_label0.mp3,0
conv_11366_label0.mp3,0
conv_09652_label1.mp3,1
conv_10106_label0.mp3,0
conv_02444_label1.mp3,1
conv_07589_label1.mp3,1
conv_15042_label1.mp3,1
conv_21243_label1.mp3,1
conv_02908_label1.mp3,1
conv_15120_label0.mp3,0
conv_01106_label0.mp3,0
conv_11097_label0.mp3,0
conv_12221_label0.mp3,0
conv_06442_label0.mp3,0
conv_03893_label1.mp3,1
conv_10404_label1.mp3,1
conv_18276_label0.mp3,0
conv_19785_label1.mp3,1
conv_14188_label0.mp3,0
conv_05393_label0.mp3,0
conv_11817_label1.mp3,1
conv_02122_label0.mp3,0
conv_14640_label1.mp3,1
conv_14262_label0.mp3,0
conv_20291_label1.mp3,1
conv_14554_label0.mp3,0
conv_01054_label1.mp3,1
conv_15030_label0.mp3,0
conv_17603_label0.mp3,0
conv_06983_label0.mp3,0
conv_20957_label1.mp3,1
conv_16247_label1.mp3,1
conv_01773_label1.mp3,1
conv_20912_label0.mp3,0
conv_08915_label0.mp3,0
conv_13801_label0.mp3,0
conv_16992_label1.mp3,1
conv_10779_label0.mp3,0
conv_01238_label1.mp3,1
conv_05180_label1.mp3,1
conv_18293_label0.mp3,0
conv_18184_label1.mp3,1
conv_05722_label0.mp3,0
conv_10899_label0.mp3,0
conv_17080_label1.mp3,1
conv_15547_label0.mp3,0
conv_17607_label0.mp3,0
conv_13005_label1.mp3,1
conv_15608_label1.mp3,1
conv_03144_label0.mp3,0
conv_12928_label1.mp3,1
conv_13983_label1.mp3,1
conv_15767_label0.mp3,0
conv_04049_label0.mp3,0
conv_09599_label0.mp3,0
conv_03086_label1.mp3,1
conv_19680_label1.mp3,1
conv_02326_label0.mp3,0
conv_15169_label1.mp3,1
conv_17259_label0.mp3,0
conv_18018_label0.mp3,0
conv_15131_label0.mp3,0
conv_01037_label1.mp3,1
conv_10346_label1.mp3,1
conv_08967_label0.mp3,0
conv_03695_label1.mp3,1
conv_09570_label1.mp3,1
conv_00951_label0.mp3,0
conv_19862_label1.mp3,1
conv_18939_label1.mp3,1
conv_05809_label1.mp3,1
conv_00435_label1.mp3,1
conv_02693_label0.mp3,0
conv_14359_label1.mp3,1
conv_20532_label0.mp3,0
conv_01305_label0.mp3,0
conv_14152_label1.mp3,1
conv_17793_label1.mp3,1
conv_05350_label1.mp3,1
conv_02580_label0.mp3,0
conv_20264_label1.mp3,1
conv_10686_label1.mp3,1
conv_05595_label0.mp3,0
conv_09757_label1.mp3,1
conv_02380_label1.mp3,1
conv_16267_label1.mp3,1
conv_01216_label1.mp3,1
conv_07287_label0.mp3,0
conv_21043_label1.mp3,1
conv_13830_label0.mp3,0
conv_12737_label0.mp3,0
conv_06340_label1.mp3,1
conv_00858_label0.mp3,0
conv_14048_label0.mp3,0
conv_11452_label0.mp3,0
conv_16504_label0.mp3,0
conv_18244_label0.mp3,0
conv_02649_label1.mp3,1
conv_04740_label0.mp3,0
conv_03690_label1.mp3,1
conv_13558_label1.mp3,1
conv_09667_label0.mp3,0
conv_08172_label0.mp3,0
conv_05914_label0.mp3,0
conv_18185_label1.mp3,1
conv_14016_label1.mp3,1
conv_19704_label1.mp3,1
conv_05878_label0.mp3,0
conv_17350_label1.mp3,1
conv_00952_label1.mp3,1
conv_07353_label0.mp3,0
conv_04700_label1.mp3,1
conv_20075_label1.mp3,1
conv_18348_label1.mp3,1
conv_05749_label1.mp3,1
conv_17927_label1.mp3,1
conv_14672_label1.mp3,1
conv_17780_label0.mp3,0
conv_18929_label0.mp3,0
conv_17180_label1.mp3,1
conv_02751_label1.mp3,1
conv_00574_label1.mp3,1
conv_21160_label1.mp3,1
conv_18065_label0.mp3,0
conv_18555_label1.mp3,1
conv_17086_label1.mp3,1
conv_13101_label1.mp3,1
conv_00592_label1.mp3,1
conv_11320_label1.mp3,1
conv_03554_label1.mp3,1
conv_03081_label1.mp3,1
conv_05850_label0.mp3,0
conv_15328_label0.mp3,0
conv_17401_label1.mp3,1
conv_18834_label0.mp3,0
conv_18246_label0.mp3,0
conv_16565_label0.mp3,0
conv_04951_label1.mp3,1
conv_14767_label0.mp3,0
conv_02775_label1.mp3,1
conv_09499_label0.mp3,0
conv_01417_label0.mp3,0
conv_20391_label0.mp3,0
conv_15512_label0.mp3,0
conv_05730_label1.mp3,1
conv_07930_label0.mp3,0
conv_05575_label0.mp3,0
conv_14239_label1.mp3,1
conv_05134_label0.mp3,0
conv_00440_label1.mp3,1
conv_11004_label0.mp3,0
conv_16530_label1.mp3,1
conv_01768_label0.mp3,0
conv_03900_label0.mp3,0
conv_17491_label1.mp3,1
conv_06907_label0.mp3,0
conv_12228_label1.mp3,1
conv_06322_label1.mp3,1
conv_17637_label0.mp3,0
conv_01476_label1.mp3,1
conv_18011_label0.mp3,0
conv_07686_label1.mp3,1
conv_00583_label1.mp3,1
conv_04441_label0.mp3,0
conv_10400_label1.mp3,1
conv_15178_label1.mp3,1
conv_04460_label0.mp3,0
conv_04572_label0.mp3,0
conv_17500_label0.mp3,0
conv_03205_label1.mp3,1
conv_00092_label0.mp3,0
conv_08811_label1.mp3,1
conv_07273_label1.mp3,1
conv_09833_label0.mp3,0
conv_16268_label1.mp3,1
conv_09488_label1.mp3,1
conv_11089_label1.mp3,1
conv_06939_label0.mp3,0
conv_11938_label1.mp3,1
conv_18930_label1.mp3,1
conv_12914_label1.mp3,1
conv_06866_label0.mp3,0
conv_20360_label0.mp3,0
conv_14499_label0.mp3,0
conv_07300_label0.mp3,0
conv_02749_label1.mp3,1
conv_20794_label1.mp3,1
conv_04504_label1.mp3,1
conv_15380_label1.mp3,1
conv_16423_label0.mp3,0
conv_09233_label0.mp3,0
conv_01781_label1.mp3,1
conv_07236_label1.mp3,1
conv_16761_label0.mp3,0
conv_20887_label1.mp3,1
conv_20325_label1.mp3,1
conv_03622_label1.mp3,1
conv_17994_label1.mp3,1
conv_09284_label0.mp3,0
conv_17743_label1.mp3,1
conv_16134_label1.mp3,1
conv_17250_label1.mp3,1
conv_05202_label1.mp3,1
conv_05752_label0.mp3,0
conv_14043_label1.mp3,1
conv_02234_label1.mp3,1
conv_03495_label1.mp3,1
conv_09921_label0.mp3,0
conv_11365_label0.mp3,0
conv_14272_label0.mp3,0
conv_14664_label0.mp3,0
conv_07492_label0.mp3,0
conv_17623_label0.mp3,0
conv_20277_label0.mp3,0
conv_10971_label1.mp3,1
conv_06308_label0.mp3,0
conv_03330_label1.mp3,1
conv_02031_label1.mp3,1
conv_00320_label0.mp3,0
conv_15248_label0.mp3,0
conv_11343_label1.mp3,1
conv_13675_label1.mp3,1
conv_08824_label0.mp3,0
conv_03403_label0.mp3,0
conv_11621_label1.mp3,1
conv_16103_label0.mp3,0
conv_16930_label0.mp3,0
conv_13393_label0.mp3,0
conv_21168_label0.mp3,0
conv_15886_label0.mp3,0
conv_16988_label1.mp3,1
conv_01062_label1.mp3,1
conv_07570_label1.mp3,1
conv_10929_label1.mp3,1
conv_11927_label0.mp3,0
conv_14071_label1.mp3,1
conv_18022_label0.mp3,0
conv_11120_label0.mp3,0
conv_14266_label1.mp3,1
conv_17266_label0.mp3,0
conv_01036_label0.mp3,0
conv_08043_label0.mp3,0
conv_09629_label0.mp3,0
conv_16394_label0.mp3,0
conv_18178_label1.mp3,1
conv_07420_label1.mp3,1
conv_00091_label0.mp3,0
conv_03124_label0.mp3,0
conv_05625_label0.mp3,0
conv_20852_label1.mp3,1
conv_16070_label1.mp3,1
conv_02887_label1.mp3,1
conv_08009_label1.mp3,1
conv_03066_label0.mp3,0
conv_08905_label0.mp3,0
conv_21225_label0.mp3,0
conv_01516_label0.mp3,0
conv_08304_label0.mp3,0
conv_08956_label0.mp3,0
conv_08595_label1.mp3,1
conv_10579_label0.mp3,0
conv_05241_label1.mp3,1
conv_20166_label1.mp3,1
conv_03091_label1.mp3,1
conv_15428_label0.mp3,0
conv_09246_label0.mp3,0
conv_14625_label1.mp3,1
conv_21211_label1.mp3,1
conv_16972_label0.mp3,0
conv_05886_label0.mp3,0
conv_11520_label0.mp3,0
conv_00198_label1.mp3,1
conv_02667_label1.mp3,1
conv_08505_label1.mp3,1
conv_04085_label0.mp3,0
conv_10508_label0.mp3,0
conv_11586_label1.mp3,1
conv_15632_label1.mp3,1
conv_09500_label0.mp3,0
conv_16355_label1.mp3,1
conv_09329_label1.mp3,1
conv_02013_label1.mp3,1
conv_17136_label0.mp3,0
conv_09645_label1.mp3,1
conv_00695_label1.mp3,1
conv_17283_label1.mp3,1
conv_07685_label1.mp3,1
conv_01123_label0.mp3,0
conv_03413_label0.mp3,0
conv_05547_label1.mp3,1
conv_03704_label1.mp3,1
conv_13746_label1.mp3,1
conv_07060_label1.mp3,1
conv_13540_label1.mp3,1
conv_17159_label1.mp3,1
conv_05283_label1.mp3,1
conv_10271_label0.mp3,0
conv_05679_label1.mp3,1
conv_06003_label1.mp3,1
conv_05114_label1.mp3,1
conv_00290_label0.mp3,0
conv_13948_label0.mp3,0
conv_01386_label0.mp3,0
conv_17763_label1.mp3,1
conv_20771_label1.mp3,1
conv_20553_label1.mp3,1
conv_10728_label0.mp3,0
conv_02579_label0.mp3,0
conv_20296_label1.mp3,1
conv_10652_label1.mp3,1
conv_13741_label1.mp3,1
conv_11225_label1.mp3,1
conv_01199_label1.mp3,1
conv_07172_label1.mp3,1
conv_09004_label0.mp3,0
conv_07348_label1.mp3,1
conv_06746_label0.mp3,0
conv_08047_label1.mp3,1
conv_00769_label1.mp3,1
conv_08085_label1.mp3,1
conv_11564_label0.mp3,0
conv_06861_label1.mp3,1
conv_04828_label1.mp3,1
conv_07801_label1.mp3,1
conv_03388_label1.mp3,1
conv_04182_label0.mp3,0
conv_04827_label1.mp3,1
conv_00684_label0.mp3,0
conv_02472_label1.mp3,1
conv_07799_label1.mp3,1
conv_07213_label1.mp3,1
conv_16906_label0.mp3,0
conv_18028_label1.mp3,1
conv_00235_label1.mp3,1
conv_06364_label1.mp3,1
conv_00813_label1.mp3,1
conv_15905_label0.mp3,0
conv_16673_label1.mp3,1
conv_16153_label0.mp3,0
conv_09206_label1.mp3,1
conv_13751_label1.mp3,1
conv_10454_label0.mp3,0
conv_13210_label1.mp3,1
conv_06248_label1.mp3,1
conv_03363_label0.mp3,0
conv_09315_label1.mp3,1
conv_14525_label1.mp3,1
conv_05355_label0.mp3,0
conv_01599_label1.mp3,1
conv_01618_label0.mp3,0
conv_18990_label1.mp3,1
conv_10789_label1.mp3,1
conv_19391_label0.mp3,0
conv_07419_label0.mp3,0
conv_07791_label1.mp3,1
conv_06237_label0.mp3,0
conv_01995_label0.mp3,0
conv_18036_label1.mp3,1
conv_00547_label1.mp3,1
conv_04995_label1.mp3,1
conv_00416_label1.mp3,1
conv_00954_label0.mp3,0
conv_05364_label1.mp3,1
conv_07101_label1.mp3,1
conv_11433_label1.mp3,1
conv_18468_label1.mp3,1
conv_15254_label1.mp3,1
conv_00316_label1.mp3,1
conv_18342_label0.mp3,0
conv_06819_label0.mp3,0
conv_14665_label0.mp3,0
conv_00856_label0.mp3,0
conv_06704_label0.mp3,0
conv_16518_label0.mp3,0
conv_13882_label0.mp3,0
conv_07506_label1.mp3,1
conv_18601_label0.mp3,0
conv_08594_label1.mp3,1
conv_07743_label0.mp3,0
conv_15552_label1.mp3,1
conv_13331_label1.mp3,1
conv_15386_label0.mp3,0
conv_09885_label1.mp3,1
conv_06588_label0.mp3,0
conv_03395_label0.mp3,0
conv_00236_label1.mp3,1
conv_07215_label0.mp3,0
conv_03324_label0.mp3,0
conv_09578_label1.mp3,1
conv_12981_label1.mp3,1
conv_10325_label1.mp3,1
conv_06367_label0.mp3,0
conv_12592_label1.mp3,1
conv_00263_label1.mp3,1
conv_08901_label0.mp3,0
conv_15540_label0.mp3,0
conv_13757_label0.mp3,0
conv_11608_label1.mp3,1
conv_15984_label0.mp3,0
conv_11812_label0.mp3,0
conv_20580_label0.mp3,0
conv_05339_label0.mp3,0
conv_08444_label1.mp3,1
conv_18162_label1.mp3,1
conv_16213_label1.mp3,1
conv_09807_label1.mp3,1
conv_00229_label0.mp3,0
conv_17420_label0.mp3,0
conv_11475_label0.mp3,0
conv_00975_label0.mp3,0
conv_14634_label1.mp3,1
conv_18774_label1.mp3,1
conv_10217_label0.mp3,0
conv_20024_label1.mp3,1
conv_09415_label0.mp3,0
conv_05129_label0.mp3,0
conv_12634_label1.mp3,1
conv_00921_label0.mp3,0
conv_18898_label1.mp3,1
conv_07519_label0.mp3,0
conv_09887_label0.mp3,0
conv_09044_label0.mp3,0
conv_03112_label0.mp3,0
conv_19144_label0.mp3,0
conv_11016_label0.mp3,0
conv_10253_label0.mp3,0
conv_06190_label0.mp3,0
conv_21240_label1.mp3,1
conv_19915_label0.mp3,0
conv_16191_label1.mp3,1
conv_14895_label0.mp3,0
conv_04071_label0.mp3,0
conv_01252_label0.mp3,0
conv_12353_label0.mp3,0
conv_11898_label0.mp3,0
conv_11569_label0.mp3,0
conv_00241_label1.mp3,1
conv_12270_label1.mp3,1
conv_09694_label0.mp3,0
conv_19157_label0.mp3,0
conv_20629_label1.mp3,1
conv_15135_label1.mp3,1
conv_04485_label1.mp3,1
conv_14854_label1.mp3,1
conv_19556_label0.mp3,0
conv_14044_label1.mp3,1
conv_14349_label1.mp3,1
conv_07179_label1.mp3,1
conv_09670_label1.mp3,1
conv_14460_label0.mp3,0
conv_02688_label1.mp3,1
conv_00779_label1.mp3,1
conv_13226_label1.mp3,1
conv_09383_label1.mp3,1
conv_20689_label0.mp3,0
conv_05225_label0.mp3,0
conv_01121_label1.mp3,1
conv_01622_label0.mp3,0
conv_18755_label0.mp3,0
conv_03875_label0.mp3,0
conv_06195_label1.mp3,1
conv_03002_label0.mp3,0
conv_20397_label1.mp3,1
conv_00645_label1.mp3,1
conv_18378_label0.mp3,0
conv_19225_label0.mp3,0
conv_04362_label1.mp3,1
conv_03982_label0.mp3,0
conv_16637_label0.mp3,0
conv_04187_label0.mp3,0
conv_13552_label1.mp3,1
conv_01213_label1.mp3,1
conv_20560_label1.mp3,1
conv_08017_label0.mp3,0
conv_13854_label0.mp3,0
conv_09409_label0.mp3,0
conv_04427_label0.mp3,0
conv_04672_label1.mp3,1
conv_15542_label1.mp3,1
conv_12274_label1.mp3,1
conv_20154_label0.mp3,0
conv_09669_label0.mp3,0
conv_12123_label0.mp3,0
conv_18143_label1.mp3,1
conv_00325_label1.mp3,1
conv_04670_label0.mp3,0
conv_10753_label0.mp3,0
conv_10190_label0.mp3,0
conv_10441_label0.mp3,0
conv_03390_label0.mp3,0
conv_19917_label1.mp3,1
conv_00331_label1.mp3,1
conv_20701_label1.mp3,1
conv_01983_label0.mp3,0
conv_15395_label0.mp3,0
conv_17736_label1.mp3,1
conv_11199_label1.mp3,1
conv_01219_label0.mp3,0
conv_06208_label1.mp3,1
conv_04431_label1.mp3,1
conv_19162_label1.mp3,1
conv_21057_label0.mp3,0
conv_12994_label0.mp3,0
conv_06135_label1.mp3,1
conv_10371_label1.mp3,1
conv_07279_label0.mp3,0
conv_13598_label0.mp3,0
conv_19184_label1.mp3,1
conv_17834_label1.mp3,1
conv_14775_label0.mp3,0
conv_17038_label0.mp3,0
conv_20007_label1.mp3,1
conv_02162_label1.mp3,1
conv_04382_label0.mp3,0
conv_01980_label0.mp3,0
conv_15454_label1.mp3,1
conv_14131_label0.mp3,0
conv_03376_label0.mp3,0
conv_15075_label1.mp3,1
conv_03306_label1.mp3,1
conv_14424_label0.mp3,0
conv_15651_label0.mp3,0
conv_07886_label1.mp3,1
conv_16168_label0.mp3,0
conv_19033_label0.mp3,0
conv_18382_label0.mp3,0
conv_04451_label0.mp3,0
conv_05924_label1.mp3,1
conv_17158_label0.mp3,0
conv_06917_label0.mp3,0
conv_14202_label0.mp3,0
conv_08015_label1.mp3,1
conv_20812_label1.mp3,1
conv_16477_label1.mp3,1
conv_09414_label1.mp3,1
conv_20163_label0.mp3,0
conv_02733_label1.mp3,1
conv_01559_label0.mp3,0
conv_08852_label1.mp3,1
conv_08389_label0.mp3,0
conv_03869_label0.mp3,0
conv_20162_label0.mp3,0
conv_09962_label1.mp3,1
conv_08512_label1.mp3,1
conv_14734_label0.mp3,0
conv_11893_label1.mp3,1
conv_21197_label1.mp3,1
conv_11248_label0.mp3,0
conv_08850_label1.mp3,1
conv_20679_label1.mp3,1
conv_15510_label0.mp3,0
conv_07268_label0.mp3,0
conv_09051_label1.mp3,1
conv_20159_label0.mp3,0
conv_01651_label1.mp3,1
conv_21036_label1.mp3,1
conv_11887_label0.mp3,0
conv_06919_label1.mp3,1
conv_15490_label0.mp3,0
conv_07666_label1.mp3,1
conv_19831_label0.mp3,0
conv_08170_label1.mp3,1
conv_09369_label1.mp3,1
conv_18945_label1.mp3,1
conv_18682_label0.mp3,0
conv_13664_label1.mp3,1
conv_13125_label0.mp3,0
conv_19262_label1.mp3,1
conv_11883_label0.mp3,0
conv_15431_label1.mp3,1
conv_10926_label0.mp3,0
conv_01023_label1.mp3,1
conv_09480_label1.mp3,1
conv_09196_label1.mp3,1
conv_12112_label1.mp3,1
conv_14780_label1.mp3,1
conv_07646_label0.mp3,0
conv_14288_label0.mp3,0
conv_05874_label1.mp3,1
conv_12377_label0.mp3,0
conv_19163_label0.mp3,0
conv_05354_label1.mp3,1
conv_05326_label1.mp3,1
conv_04227_label1.mp3,1
conv_09472_label0.mp3,0
conv_14162_label1.mp3,1
conv_10251_label0.mp3,0
conv_03782_label1.mp3,1
conv_20686_label0.mp3,0
conv_13782_label0.mp3,0
conv_07507_label1.mp3,1
conv_11351_label1.mp3,1
conv_00259_label1.mp3,1
conv_13879_label0.mp3,0
conv_07603_label1.mp3,1
conv_17326_label0.mp3,0
conv_08955_label1.mp3,1
conv_08080_label0.mp3,0
conv_04491_label1.mp3,1
conv_02076_label1.mp3,1
conv_07357_label1.mp3,1
conv_19908_label1.mp3,1
conv_19360_label1.mp3,1
conv_13476_label0.mp3,0
conv_09539_label1.mp3,1
conv_13008_label0.mp3,0
conv_00392_label0.mp3,0
conv_12677_label0.mp3,0
conv_14936_label0.mp3,0
conv_01944_label0.mp3,0
conv_15014_label1.mp3,1
conv_05156_label1.mp3,1
conv_19013_label0.mp3,0
conv_01411_label1.mp3,1
conv_15207_label0.mp3,0
conv_17924_label1.mp3,1
conv_09330_label0.mp3,0
conv_19544_label1.mp3,1
conv_15615_label0.mp3,0
conv_04276_label1.mp3,1
conv_06133_label1.mp3,1
conv_07644_label1.mp3,1
conv_19092_label0.mp3,0
conv_11330_label1.mp3,1
conv_00370_label1.mp3,1
conv_02484_label0.mp3,0
conv_09714_label0.mp3,0
conv_16093_label1.mp3,1
conv_20412_label0.mp3,0
conv_20674_label1.mp3,1
conv_14457_label0.mp3,0
conv_17730_label1.mp3,1
conv_07495_label1.mp3,1
conv_03527_label1.mp3,1
conv_10900_label1.mp3,1
conv_16081_label0.mp3,0
conv_03726_label1.mp3,1
conv_12830_label0.mp3,0
conv_15796_label0.mp3,0
conv_05611_label0.mp3,0
conv_12286_label1.mp3,1
conv_07993_label0.mp3,0
conv_12790_label0.mp3,0
conv_05366_label0.mp3,0
conv_02171_label1.mp3,1
conv_12272_label1.mp3,1
conv_10225_label1.mp3,1
conv_00223_label1.mp3,1
conv_04547_label1.mp3,1
conv_13694_label0.mp3,0
conv_00362_label0.mp3,0
conv_20805_label1.mp3,1
conv_09006_label0.mp3,0
conv_07724_label1.mp3,1
conv_14827_label1.mp3,1
conv_02474_label0.mp3,0
conv_11061_label1.mp3,1
conv_11358_label0.mp3,0
conv_10585_label0.mp3,0
conv_09619_label0.mp3,0
conv_12942_label1.mp3,1
conv_09085_label1.mp3,1
conv_14880_label0.mp3,0
conv_07707_label1.mp3,1
conv_09788_label0.mp3,0
conv_01800_label1.mp3,1
conv_04279_label0.mp3,0
conv_04457_label0.mp3,0
conv_04634_label0.mp3,0
conv_04558_label0.mp3,0
conv_02359_label0.mp3,0
conv_06697_label0.mp3,0
conv_07926_label1.mp3,1
conv_09573_label1.mp3,1
conv_03490_label0.mp3,0
conv_16498_label1.mp3,1
conv_09969_label1.mp3,1
conv_03751_label0.mp3,0
conv_12783_label1.mp3,1
conv_16483_label1.mp3,1
conv_06020_label0.mp3,0
conv_12048_label0.mp3,0
conv_04666_label0.mp3,0
conv_04669_label1.mp3,1
conv_12097_label0.mp3,0
conv_21059_label0.mp3,0
conv_12441_label1.mp3,1
conv_08344_label1.mp3,1
conv_08949_label1.mp3,1
conv_14770_label1.mp3,1
conv_21290_label1.mp3,1
conv_07912_label0.mp3,0
conv_10517_label0.mp3,0
conv_03348_label1.mp3,1
conv_01556_label0.mp3,0
conv_02875_label0.mp3,0
conv_13084_label1.mp3,1
conv_02040_label0.mp3,0
conv_07805_label0.mp3,0
conv_18364_label1.mp3,1
conv_15145_label1.mp3,1
conv_16819_label0.mp3,0
conv_05676_label1.mp3,1
conv_20345_label1.mp3,1
conv_10647_label0.mp3,0
conv_04218_label1.mp3,1
conv_10806_label1.mp3,1
conv_15901_label0.mp3,0
conv_13971_label1.mp3,1
conv_08550_label0.mp3,0
conv_04020_label0.mp3,0
conv_02401_label0.mp3,0
conv_09326_label1.mp3,1
conv_15697_label1.mp3,1
conv_10963_label0.mp3,0
conv_09060_label1.mp3,1
conv_17015_label0.mp3,0
conv_01205_label0.mp3,0
conv_01751_label0.mp3,0
conv_02247_label0.mp3,0
conv_12236_label0.mp3,0
conv_08687_label1.mp3,1
conv_01006_label1.mp3,1
conv_18217_label1.mp3,1
conv_20191_label1.mp3,1
conv_00276_label1.mp3,1
conv_19955_label1.mp3,1
conv_15368_label1.mp3,1
conv_08737_label1.mp3,1
conv_19593_label0.mp3,0
conv_08962_label0.mp3,0
conv_04137_label0.mp3,0
conv_06559_label0.mp3,0
conv_06686_label1.mp3,1
conv_20151_label1.mp3,1
conv_16537_label0.mp3,0
conv_15967_label1.mp3,1
conv_04533_label0.mp3,0
conv_17792_label1.mp3,1
conv_15375_label0.mp3,0
conv_00840_label0.mp3,0
conv_03880_label0.mp3,0
conv_20939_label1.mp3,1
conv_08767_label0.mp3,0
conv_01826_label0.mp3,0
conv_01190_label1.mp3,1
conv_10690_label1.mp3,1
conv_19129_label0.mp3,0
conv_21255_label1.mp3,1
conv_15214_label1.mp3,1
conv_16071_label0.mp3,0
conv_12959_label1.mp3,1
conv_17349_label0.mp3,0
conv_08818_label1.mp3,1
conv_01536_label1.mp3,1
conv_16390_label1.mp3,1
conv_10609_label1.mp3,1
conv_12012_label0.mp3,0
conv_19146_label0.mp3,0
conv_17117_label1.mp3,1
conv_11214_label1.mp3,1
conv_10069_label0.mp3,0
conv_14972_label1.mp3,1
conv_09816_label1.mp3,1
conv_02594_label1.mp3,1
conv_12245_label1.mp3,1
conv_15860_label0.mp3,0
conv_18187_label0.mp3,0
conv_08445_label0.mp3,0
conv_18032_label1.mp3,1
conv_04333_label0.mp3,0
conv_11273_label1.mp3,1
conv_13286_label0.mp3,0
conv_08666_label1.mp3,1
conv_15692_label1.mp3,1
conv_07133_label1.mp3,1
conv_12092_label1.mp3,1
conv_15003_label0.mp3,0
conv_18213_label0.mp3,0
conv_18502_label0.mp3,0
conv_12264_label1.mp3,1
conv_09988_label0.mp3,0
conv_03735_label0.mp3,0
conv_19102_label0.mp3,0
conv_09775_label1.mp3,1
conv_14924_label1.mp3,1
conv_11726_label1.mp3,1
conv_03873_label1.mp3,1
conv_06449_label0.mp3,0
conv_07583_label1.mp3,1
conv_20677_label0.mp3,0
conv_02740_label1.mp3,1
conv_03383_label1.mp3,1
conv_16702_label1.mp3,1
conv_11834_label0.mp3,0
conv_18412_label1.mp3,1
conv_15583_label0.mp3,0
conv_09079_label0.mp3,0
conv_05792_label1.mp3,1
conv_03368_label1.mp3,1
conv_14403_label1.mp3,1
conv_11008_label0.mp3,0
conv_06325_label0.mp3,0
conv_15234_label1.mp3,1
conv_19321_label1.mp3,1
conv_02206_label0.mp3,0
conv_03476_label0.mp3,0
conv_00816_label1.mp3,1
conv_07941_label0.mp3,0
conv_19861_label1.mp3,1
conv_16965_label1.mp3,1
conv_14676_label0.mp3,0
conv_12070_label1.mp3,1
conv_13358_label1.mp3,1
conv_12308_label1.mp3,1
conv_18427_label0.mp3,0
conv_20536_label0.mp3,0
conv_18096_label0.mp3,0
conv_14358_label1.mp3,1
conv_15038_label0.mp3,0
conv_11928_label0.mp3,0
conv_04980_label0.mp3,0
conv_08961_label0.mp3,0
conv_10449_label1.mp3,1
conv_05398_label1.mp3,1
conv_15784_label0.mp3,0
conv_01440_label1.mp3,1
conv_02773_label0.mp3,0
conv_19952_label1.mp3,1
conv_14179_label0.mp3,0
conv_08581_label1.mp3,1
conv_01237_label1.mp3,1
conv_00859_label1.mp3,1
conv_13890_label1.mp3,1
conv_12653_label0.mp3,0
conv_07620_label0.mp3,0
conv_16605_label0.mp3,0
conv_08533_label1.mp3,1
conv_14743_label1.mp3,1
conv_14114_label1.mp3,1
conv_14400_label0.mp3,0
conv_18094_label1.mp3,1
conv_21147_label0.mp3,0
conv_16260_label1.mp3,1
conv_13429_label1.mp3,1
conv_04676_label0.mp3,0
conv_05873_label1.mp3,1
conv_16869_label1.mp3,1
conv_14875_label1.mp3,1
conv_00734_label0.mp3,0
conv_13363_label1.mp3,1
conv_11125_label0.mp3,0
conv_19228_label1.mp3,1
conv_05863_label1.mp3,1
conv_03780_label0.mp3,0
conv_16542_label0.mp3,0
conv_06319_label1.mp3,1
conv_21094_label0.mp3,0
conv_15338_label0.mp3,0
conv_08259_label1.mp3,1
conv_19484_label0.mp3,0
conv_03808_label0.mp3,0
conv_05116_label0.mp3,0
conv_15110_label1.mp3,1
conv_07240_label0.mp3,0
conv_14673_label0.mp3,0
conv_09115_label1.mp3,1
conv_17069_label1.mp3,1
conv_14253_label1.mp3,1
conv_02867_label0.mp3,0
conv_20666_label0.mp3,0
conv_05661_label0.mp3,0
conv_20727_label0.mp3,0
conv_14212_label1.mp3,1
conv_02394_label1.mp3,1
conv_09125_label0.mp3,0
conv_10442_label1.mp3,1
conv_08727_label0.mp3,0
conv_19839_label0.mp3,0
conv_05456_label0.mp3,0
conv_14456_label0.mp3,0
conv_20873_label0.mp3,0
conv_02507_label0.mp3,0
conv_17826_label0.mp3,0
conv_08088_label0.mp3,0
conv_03102_label0.mp3,0
conv_02697_label1.mp3,1
conv_14756_label0.mp3,0
conv_12372_label0.mp3,0
conv_20803_label0.mp3,0
conv_13306_label1.mp3,1
conv_09082_label0.mp3,0
conv_19479_label0.mp3,0
conv_18003_label1.mp3,1
conv_21322_label1.mp3,1
conv_06926_label1.mp3,1
conv_10564_label1.mp3,1
conv_07577_label1.mp3,1
conv_08589_label1.mp3,1
conv_19091_label0.mp3,0
conv_07954_label1.mp3,1
conv_15050_label0.mp3,0
conv_15582_label1.mp3,1
conv_07406_label1.mp3,1
conv_16739_label1.mp3,1
conv_08735_label1.mp3,1
conv_01843_label1.mp3,1
conv_21306_label1.mp3,1
conv_11230_label1.mp3,1
conv_20595_label0.mp3,0
conv_12567_label1.mp3,1
conv_12854_label0.mp3,0
conv_20372_label0.mp3,0
conv_18986_label0.mp3,0
conv_08520_label0.mp3,0
conv_00013_label1.mp3,1
conv_07587_label1.mp3,1
conv_03178_label0.mp3,0
conv_15925_label0.mp3,0
conv_04859_label1.mp3,1
conv_07056_label0.mp3,0
conv_02646_label1.mp3,1
conv_18894_label0.mp3,0
conv_04070_label1.mp3,1
conv_00231_label1.mp3,1
conv_11017_label1.mp3,1
conv_13145_label1.mp3,1
conv_19390_label1.mp3,1
conv_19345_label1.mp3,1
conv_04972_label0.mp3,0
conv_14599_label0.mp3,0
conv_13749_label0.mp3,0
conv_08918_label0.mp3,0
conv_03070_label1.mp3,1
conv_21273_label1.mp3,1
conv_18518_label0.mp3,0
conv_11424_label0.mp3,0
conv_17572_label0.mp3,0
conv_20573_label0.mp3,0
conv_14049_label0.mp3,0
conv_21002_label1.mp3,1
conv_08052_label1.mp3,1
conv_15451_label0.mp3,0
conv_13556_label1.mp3,1
conv_08631_label0.mp3,0
conv_10504_label0.mp3,0
conv_18060_label0.mp3,0
conv_12484_label0.mp3,0
conv_02967_label0.mp3,0
conv_01964_label1.mp3,1
conv_19743_label1.mp3,1
conv_01427_label1.mp3,1
conv_07027_label1.mp3,1
conv_20370_label1.mp3,1
conv_16478_label1.mp3,1
conv_12976_label0.mp3,0
conv_06026_label1.mp3,1
conv_20338_label1.mp3,1
conv_11418_label1.mp3,1
conv_09074_label1.mp3,1
conv_08014_label1.mp3,1
conv_03258_label0.mp3,0
conv_09117_label1.mp3,1
conv_05057_label0.mp3,0
conv_07717_label0.mp3,0
conv_10838_label1.mp3,1
conv_17389_label1.mp3,1
conv_05861_label1.mp3,1
conv_18885_label0.mp3,0
conv_16495_label1.mp3,1
conv_03089_label1.mp3,1
conv_10242_label1.mp3,1
conv_01763_label1.mp3,1
conv_19028_label1.mp3,1
conv_19333_label0.mp3,0
conv_11213_label1.mp3,1
conv_21248_label0.mp3,0
conv_04170_label0.mp3,0
conv_09279_label1.mp3,1
conv_12725_label1.mp3,1
conv_09998_label0.mp3,0
conv_21195_label0.mp3,0
conv_07477_label0.mp3,0
conv_04366_label1.mp3,1
conv_09966_label1.mp3,1
conv_07119_label0.mp3,0
conv_14696_label1.mp3,1
conv_02198_label1.mp3,1
conv_00883_label0.mp3,0
conv_10256_label0.mp3,0
conv_06321_label1.mp3,1
conv_12148_label0.mp3,0
conv_12067_label0.mp3,0
conv_03934_label0.mp3,0
conv_11536_label1.mp3,1
conv_15833_label0.mp3,0
conv_12879_label0.mp3,0
conv_11502_label0.mp3,0
conv_16784_label0.mp3,0
conv_12624_label1.mp3,1
conv_20969_label1.mp3,1
conv_21269_label1.mp3,1
conv_02449_label0.mp3,0
conv_17889_label1.mp3,1
conv_17845_label0.mp3,0
conv_12586_label1.mp3,1
conv_03764_label1.mp3,1
conv_05788_label1.mp3,1
conv_01827_label1.mp3,1
conv_01977_label0.mp3,0
conv_03213_label1.mp3,1
conv_19524_label1.mp3,1
conv_06335_label1.mp3,1
conv_06753_label1.mp3,1
conv_12028_label1.mp3,1
conv_14687_label0.mp3,0
conv_15710_label0.mp3,0
conv_03595_label0.mp3,0
conv_12835_label0.mp3,0
conv_00477_label1.mp3,1
conv_16311_label0.mp3,0
conv_20419_label1.mp3,1
conv_12980_label1.mp3,1
conv_07790_label1.mp3,1
conv_15983_label0.mp3,0
conv_03050_label1.mp3,1
conv_07321_label0.mp3,0
conv_07152_label1.mp3,1
conv_00503_label0.mp3,0
conv_10385_label0.mp3,0
conv_15906_label0.mp3,0
conv_04185_label0.mp3,0
conv_18641_label1.mp3,1
conv_13635_label1.mp3,1
conv_07440_label1.mp3,1
conv_19837_label1.mp3,1
conv_01499_label1.mp3,1
conv_08913_label0.mp3,0
conv_14655_label1.mp3,1
conv_08531_label1.mp3,1
conv_19224_label0.mp3,0
conv_09112_label0.mp3,0
conv_05032_label1.mp3,1
conv_17011_label1.mp3,1
conv_06824_label0.mp3,0
conv_11192_label0.mp3,0
conv_09317_label0.mp3,0
conv_10036_label0.mp3,0
conv_00615_label0.mp3,0
conv_20797_label1.mp3,1
conv_12893_label1.mp3,1
conv_02155_label0.mp3,0
conv_12440_label0.mp3,0
conv_18795_label1.mp3,1
conv_05269_label0.mp3,0
conv_18926_label1.mp3,1
conv_17230_label1.mp3,1
conv_15215_label1.mp3,1
conv_17904_label1.mp3,1
conv_04300_label1.mp3,1
conv_08655_label0.mp3,0
conv_16863_label0.mp3,0
conv_17282_label1.mp3,1
conv_08936_label1.mp3,1
conv_14136_label1.mp3,1
conv_00931_label1.mp3,1
conv_16707_label1.mp3,1
conv_05565_label1.mp3,1
conv_07631_label0.mp3,0
conv_13127_label0.mp3,0
conv_20232_label0.mp3,0
conv_08573_label0.mp3,0
conv_08169_label1.mp3,1
conv_20174_label0.mp3,0
conv_13187_label1.mp3,1
conv_13814_label0.mp3,0
conv_01057_label1.mp3,1
conv_00352_label1.mp3,1
conv_09511_label1.mp3,1
conv_07548_label1.mp3,1
conv_13947_label0.mp3,0
conv_20520_label0.mp3,0
conv_14711_label1.mp3,1
conv_07004_label1.mp3,1
conv_10075_label1.mp3,1
conv_03167_label0.mp3,0
conv_08672_label0.mp3,0
conv_02434_label1.mp3,1
conv_14645_label0.mp3,0
conv_07476_label1.mp3,1
conv_14840_label1.mp3,1
conv_04489_label1.mp3,1
conv_08425_label1.mp3,1
conv_06433_label1.mp3,1
conv_09557_label1.mp3,1
conv_05997_label0.mp3,0
conv_01248_label0.mp3,0
conv_18125_label1.mp3,1
conv_06334_label1.mp3,1
conv_05748_label1.mp3,1
conv_06848_label1.mp3,1
conv_15987_label1.mp3,1
conv_11993_label1.mp3,1
conv_05830_label0.mp3,0
conv_09607_label1.mp3,1
conv_20995_label0.mp3,0
conv_21010_label1.mp3,1
conv_10193_label0.mp3,0
conv_05378_label0.mp3,0
conv_11470_label1.mp3,1
conv_12700_label0.mp3,0
conv_15536_label0.mp3,0
conv_13231_label0.mp3,0
conv_00062_label1.mp3,1
conv_19008_label1.mp3,1
conv_01109_label1.mp3,1
conv_20285_label0.mp3,0
conv_05877_label1.mp3,1
conv_16867_label0.mp3,0
conv_15377_label1.mp3,1
conv_08342_label0.mp3,0
conv_12557_label0.mp3,0
conv_03371_label1.mp3,1
conv_16677_label0.mp3,0
conv_13054_label1.mp3,1
conv_02169_label1.mp3,1
conv_12400_label1.mp3,1
conv_09799_label0.mp3,0
conv_03445_label0.mp3,0
conv_15068_label0.mp3,0
conv_08116_label1.mp3,1
conv_10079_label0.mp3,0
conv_14329_label0.mp3,0
conv_04825_label1.mp3,1
conv_03240_label0.mp3,0
conv_20963_label1.mp3,1
conv_02445_label0.mp3,0
conv_10511_label1.mp3,1
conv_18315_label1.mp3,1
conv_00190_label1.mp3,1
conv_19404_label0.mp3,0
conv_13060_label0.mp3,0
conv_00114_label1.mp3,1
conv_00819_label1.mp3,1
conv_14680_label1.mp3,1
conv_18270_label1.mp3,1
conv_11890_label1.mp3,1
conv_16393_label0.mp3,0
conv_20565_label0.mp3,0
conv_11609_label1.mp3,1
conv_00744_label1.mp3,1
conv_17624_label0.mp3,0
conv_08806_label0.mp3,0
conv_10051_label0.mp3,0
conv_18129_label0.mp3,0
conv_16983_label0.mp3,0
conv_18657_label1.mp3,1
conv_12183_label0.mp3,0
conv_11909_label1.mp3,1
conv_11555_label0.mp3,0
conv_17147_label1.mp3,1
conv_06087_label1.mp3,1
conv_00979_label1.mp3,1
conv_21173_label1.mp3,1
conv_16813_label0.mp3,0
conv_03821_label0.mp3,0
conv_16731_label1.mp3,1
conv_05818_label0.mp3,0
conv_15167_label0.mp3,0
conv_12351_label0.mp3,0
conv_14503_label1.mp3,1
conv_05600_label1.mp3,1
conv_09873_label0.mp3,0
conv_15682_label1.mp3,1
conv_04113_label0.mp3,0
conv_18548_label1.mp3,1
conv_07485_label0.mp3,0
conv_11521_label0.mp3,0
conv_11421_label0.mp3,0
conv_15871_label0.mp3,0
conv_02792_label0.mp3,0
conv_03345_label0.mp3,0
conv_13182_label1.mp3,1
conv_13417_label0.mp3,0
conv_05681_label0.mp3,0
conv_11754_label0.mp3,0
conv_14801_label1.mp3,1
conv_08430_label1.mp3,1
conv_09470_label0.mp3,0
conv_01757_label1.mp3,1
conv_03117_label0.mp3,0
conv_18933_label1.mp3,1
conv_20670_label1.mp3,1
conv_20540_label0.mp3,0
conv_08791_label0.mp3,0
conv_18738_label1.mp3,1
conv_08152_label0.mp3,0
conv_02948_label0.mp3,0
conv_11805_label0.mp3,0
conv_03608_label0.mp3,0
conv_14115_label1.mp3,1
conv_19943_label0.mp3,0
conv_18048_label0.mp3,0
conv_02822_label0.mp3,0
conv_03626_label1.mp3,1
conv_02550_label0.mp3,0
conv_03216_label0.mp3,0
conv_01277_label1.mp3,1
conv_13894_label1.mp3,1
conv_07804_label1.mp3,1
conv_07085_label1.mp3,1
conv_19042_label1.mp3,1
conv_17461_label1.mp3,1
conv_02392_label1.mp3,1
conv_15810_label0.mp3,0
conv_02368_label0.mp3,0
conv_11610_label0.mp3,0
conv_00865_label1.mp3,1
conv_18231_label1.mp3,1
conv_12115_label1.mp3,1
conv_09372_label0.mp3,0
conv_12947_label1.mp3,1
conv_02433_label1.mp3,1
conv_20899_label0.mp3,0
conv_16655_label1.mp3,1
conv_13134_label1.mp3,1
conv_14401_label1.mp3,1
conv_00837_label0.mp3,0
conv_02612_label1.mp3,1
conv_11814_label0.mp3,0
conv_08841_label1.mp3,1
conv_06690_label1.mp3,1
conv_17096_label0.mp3,0
conv_03113_label1.mp3,1
conv_18904_label0.mp3,0
conv_02756_label1.mp3,1
conv_09534_label1.mp3,1
conv_00653_label0.mp3,0
conv_19308_label0.mp3,0
conv_11415_label1.mp3,1
conv_15858_label1.mp3,1
conv_06209_label1.mp3,1
conv_01165_label0.mp3,0
conv_00584_label1.mp3,1
conv_17928_label1.mp3,1
conv_06230_label0.mp3,0
conv_12367_label1.mp3,1
conv_05085_label0.mp3,0
conv_03051_label1.mp3,1
conv_08628_label0.mp3,0
conv_06450_label1.mp3,1
conv_16942_label0.mp3,0
conv_08202_label0.mp3,0
conv_00386_label1.mp3,1
conv_16099_label0.mp3,0
conv_17333_label0.mp3,0
conv_17700_label1.mp3,1
conv_06639_label0.mp3,0
conv_11681_label0.mp3,0
conv_11527_label0.mp3,0
conv_19710_label0.mp3,0
conv_21325_label1.mp3,1
conv_16945_label0.mp3,0
conv_02790_label0.mp3,0
conv_18841_label1.mp3,1
conv_08798_label0.mp3,0
conv_11038_label0.mp3,0
conv_02212_label1.mp3,1
conv_06652_label1.mp3,1
conv_12769_label0.mp3,0
conv_16579_label1.mp3,1
conv_02566_label0.mp3,0
conv_11381_label0.mp3,0
conv_13563_label0.mp3,0
conv_01506_label1.mp3,1
conv_18598_label0.mp3,0
conv_17991_label0.mp3,0
conv_04200_label1.mp3,1
conv_20486_label0.mp3,0
conv_11780_label1.mp3,1
conv_11368_label0.mp3,0
conv_09628_label1.mp3,1
conv_05306_label0.mp3,0
conv_14803_label0.mp3,0
conv_15159_label1.mp3,1
conv_18674_label1.mp3,1
conv_12955_label0.mp3,0
conv_21228_label1.mp3,1
conv_04935_label0.mp3,0
conv_16791_label0.mp3,0
conv_19401_label0.mp3,0
conv_11251_label1.mp3,1
conv_18829_label1.mp3,1
conv_07091_label0.mp3,0
conv_03472_label1.mp3,1
conv_13045_label0.mp3,0
conv_03224_label1.mp3,1
conv_06265_label0.mp3,0
conv_09081_label0.mp3,0
conv_19179_label0.mp3,0
conv_07365_label1.mp3,1
conv_07116_label0.mp3,0
conv_10520_label0.mp3,0
conv_13339_label0.mp3,0
conv_11690_label1.mp3,1
conv_18754_label1.mp3,1
conv_07102_label1.mp3,1
conv_15273_label1.mp3,1
conv_21089_label0.mp3,0
conv_04414_label0.mp3,0
conv_02190_label1.mp3,1
conv_01742_label1.mp3,1
conv_12394_label0.mp3,0
conv_07951_label0.mp3,0
conv_02949_label1.mp3,1
conv_04031_label1.mp3,1
conv_08619_label1.mp3,1
conv_06545_label1.mp3,1
conv_20593_label1.mp3,1
conv_12818_label1.mp3,1
conv_01525_label1.mp3,1
conv_18341_label1.mp3,1
conv_16164_label0.mp3,0
conv_08062_label0.mp3,0
conv_16615_label1.mp3,1
conv_16676_label0.mp3,0
conv_16432_label1.mp3,1
conv_17935_label1.mp3,1
conv_02761_label0.mp3,0
conv_14644_label0.mp3,0
conv_06098_label0.mp3,0
conv_13711_label1.mp3,1
conv_09024_label1.mp3,1
conv_18758_label0.mp3,0
conv_02462_label0.mp3,0
conv_19973_label1.mp3,1
conv_14841_label0.mp3,0
conv_16434_label0.mp3,0
conv_19440_label1.mp3,1
conv_01094_label0.mp3,0
conv_11146_label0.mp3,0
conv_16316_label0.mp3,0
conv_12407_label0.mp3,0
conv_10646_label0.mp3,0
conv_13826_label0.mp3,0
conv_01619_label1.mp3,1
conv_15867_label1.mp3,1
conv_11345_label1.mp3,1
conv_15654_label0.mp3,0
conv_00991_label0.mp3,0
conv_14247_label1.mp3,1
conv_15585_label1.mp3,1
conv_00706_label0.mp3,0
conv_06776_label1.mp3,1
conv_15919_label0.mp3,0
conv_11266_label0.mp3,0
conv_08516_label0.mp3,0
conv_18363_label0.mp3,0
conv_04229_label0.mp3,0
conv_15605_label1.mp3,1
conv_17823_label0.mp3,0
conv_12050_label0.mp3,0
conv_16653_label1.mp3,1
conv_08065_label0.mp3,0
conv_10411_label0.mp3,0
conv_05629_label1.mp3,1
conv_19135_label0.mp3,0
conv_11137_label1.mp3,1
conv_13997_label0.mp3,0
conv_11868_label0.mp3,0
conv_19762_label0.mp3,0
conv_11270_label1.mp3,1
conv_18420_label1.mp3,1
conv_12598_label1.mp3,1
conv_09160_label0.mp3,0
conv_14850_label0.mp3,0
conv_04809_label0.mp3,0
conv_00311_label1.mp3,1
conv_09832_label0.mp3,0
conv_15383_label0.mp3,0
conv_13572_label1.mp3,1
conv_11032_label1.mp3,1
conv_14863_label0.mp3,0
conv_13940_label0.mp3,0
conv_09774_label1.mp3,1
conv_03461_label1.mp3,1
conv_16379_label1.mp3,1
conv_16501_label1.mp3,1
conv_13647_label1.mp3,1
conv_14968_label0.mp3,0
conv_04878_label0.mp3,0
conv_09418_label1.mp3,1
conv_10158_label1.mp3,1
conv_15304_label0.mp3,0
conv_18426_label1.mp3,1
conv_10200_label0.mp3,0
conv_18667_label1.mp3,1
conv_12410_label0.mp3,0
conv_06853_label0.mp3,0
conv_06210_label1.mp3,1
conv_14125_label0.mp3,0
conv_08894_label0.mp3,0
conv_00546_label1.mp3,1
conv_18285_label0.mp3,0
conv_00366_label0.mp3,0
conv_13503_label1.mp3,1
conv_14184_label1.mp3,1
conv_20170_label1.mp3,1
conv_16717_label0.mp3,0
conv_03283_label1.mp3,1
conv_17285_label1.mp3,1
conv_11258_label1.mp3,1
conv_21135_label0.mp3,0
conv_12251_label1.mp3,1
conv_17520_label1.mp3,1
conv_17075_label1.mp3,1
conv_13707_label0.mp3,0
conv_04720_label0.mp3,0
conv_18582_label0.mp3,0
conv_04556_label1.mp3,1
conv_19332_label1.mp3,1
conv_02738_label0.mp3,0
conv_17732_label1.mp3,1
conv_15298_label1.mp3,1
conv_03838_label1.mp3,1
conv_14102_label1.mp3,1
conv_00153_label0.mp3,0
conv_17937_label1.mp3,1
conv_20545_label0.mp3,0
conv_14909_label0.mp3,0
conv_04912_label1.mp3,1
conv_11306_label0.mp3,0
conv_16421_label1.mp3,1
conv_17752_label1.mp3,1
conv_01713_label0.mp3,0
conv_13356_label1.mp3,1
conv_05765_label0.mp3,0
conv_03206_label0.mp3,0
conv_20889_label1.mp3,1
conv_20038_label0.mp3,0
conv_16203_label0.mp3,0
conv_02664_label0.mp3,0
conv_04401_label0.mp3,0
conv_06918_label0.mp3,0
conv_04751_label1.mp3,1
conv_16303_label1.mp3,1
conv_07963_label1.mp3,1
conv_02952_label0.mp3,0
conv_14030_label0.mp3,0
conv_18367_label0.mp3,0
conv_11799_label0.mp3,0
conv_05083_label0.mp3,0
conv_18253_label0.mp3,0
conv_16595_label0.mp3,0
conv_14299_label1.mp3,1
conv_16142_label1.mp3,1
conv_09513_label0.mp3,0
conv_16217_label1.mp3,1
conv_19598_label0.mp3,0
conv_05706_label0.mp3,0
conv_01040_label1.mp3,1
conv_02724_label1.mp3,1
conv_16804_label1.mp3,1
conv_21305_label1.mp3,1
conv_03015_label1.mp3,1
conv_04238_label0.mp3,0
conv_07944_label1.mp3,1
conv_20556_label0.mp3,0
conv_09600_label0.mp3,0
conv_06642_label1.mp3,1
conv_13742_label0.mp3,0
conv_07103_label0.mp3,0
conv_10066_label1.mp3,1
conv_00483_label0.mp3,0
conv_16232_label1.mp3,1
conv_20775_label1.mp3,1
conv_04077_label0.mp3,0
conv_14038_label1.mp3,1
conv_20276_label1.mp3,1
conv_07444_label0.mp3,0
conv_06132_label0.mp3,0
conv_07158_label1.mp3,1
conv_19361_label0.mp3,0
conv_10861_label1.mp3,1
conv_03908_label0.mp3,0
conv_12599_label0.mp3,0
conv_01024_label0.mp3,0
conv_00023_label0.mp3,0
conv_09046_label1.mp3,1
conv_08754_label0.mp3,0
conv_09869_label1.mp3,1
conv_18061_label0.mp3,0
conv_16636_label0.mp3,0
conv_00025_label0.mp3,0
conv_07534_label0.mp3,0
conv_15053_label0.mp3,0
conv_19217_label0.mp3,0
conv_03033_label1.mp3,1
conv_11305_label1.mp3,1
conv_21048_label1.mp3,1
conv_13299_label0.mp3,0
conv_08233_label0.mp3,0
conv_13465_label1.mp3,1
conv_10196_label0.mp3,0
conv_20557_label0.mp3,0
conv_01694_label0.mp3,0
conv_01152_label1.mp3,1
conv_15415_label1.mp3,1
conv_01013_label1.mp3,1
conv_09405_label0.mp3,0
conv_13766_label0.mp3,0
conv_10053_label1.mp3,1
conv_01378_label1.mp3,1
conv_00709_label0.mp3,0
conv_15084_label1.mp3,1
conv_01693_label1.mp3,1
conv_08083_label1.mp3,1
conv_13597_label1.mp3,1
conv_05163_label1.mp3,1
conv_06742_label1.mp3,1
conv_16320_label0.mp3,0
conv_19340_label0.mp3,0
conv_05317_label0.mp3,0
conv_06046_label1.mp3,1
conv_01917_label1.mp3,1
conv_02583_label0.mp3,0
conv_09618_label1.mp3,1
conv_18753_label0.mp3,0
conv_19306_label0.mp3,0
conv_13283_label1.mp3,1
conv_02643_label0.mp3,0
conv_11747_label1.mp3,1
conv_08119_label0.mp3,0
conv_00149_label1.mp3,1
conv_11139_label0.mp3,0
conv_19243_label1.mp3,1
conv_07889_label1.mp3,1
conv_19993_label0.mp3,0
conv_04095_label1.mp3,1
conv_16427_label0.mp3,0
conv_20604_label0.mp3,0
conv_09231_label0.mp3,0
conv_09905_label0.mp3,0
conv_00372_label0.mp3,0
conv_13653_label0.mp3,0
conv_06807_label1.mp3,1
conv_20156_label1.mp3,1
conv_21025_label1.mp3,1
conv_02347_label1.mp3,1
conv_19457_label1.mp3,1
conv_15644_label0.mp3,0
conv_15262_label1.mp3,1
conv_10038_label1.mp3,1
conv_18058_label0.mp3,0
conv_16899_label1.mp3,1
conv_05071_label0.mp3,0
conv_14836_label0.mp3,0
conv_05556_label0.mp3,0
conv_16651_label0.mp3,0
conv_18483_label0.mp3,0
conv_07452_label1.mp3,1
conv_13022_label1.mp3,1
conv_08663_label0.mp3,0
conv_18313_label0.mp3,0
conv_19982_label1.mp3,1
conv_12173_label1.mp3,1
conv_08539_label1.mp3,1
conv_09388_label0.mp3,0
conv_20403_label1.mp3,1
conv_01079_label1.mp3,1
conv_10815_label1.mp3,1
conv_11245_label1.mp3,1
conv_18560_label1.mp3,1
conv_13477_label1.mp3,1
conv_04050_label1.mp3,1
conv_00480_label1.mp3,1
conv_04181_label1.mp3,1
conv_10598_label0.mp3,0
conv_08321_label0.mp3,0
conv_13897_label0.mp3,0
conv_07395_label1.mp3,1
conv_13403_label1.mp3,1
conv_19205_label1.mp3,1
conv_03847_label1.mp3,1
conv_13677_label1.mp3,1
conv_06808_label0.mp3,0
conv_11400_label1.mp3,1
conv_12437_label0.mp3,0
conv_16258_label1.mp3,1
conv_17112_label0.mp3,0
conv_11836_label1.mp3,1
conv_02418_label0.mp3,0
conv_20900_label0.mp3,0
conv_13139_label0.mp3,0
conv_17048_label1.mp3,1
conv_18925_label0.mp3,0
conv_15403_label0.mp3,0
conv_14069_label1.mp3,1
conv_02450_label1.mp3,1
conv_01390_label1.mp3,1
conv_18042_label1.mp3,1
conv_19436_label0.mp3,0
conv_10817_label1.mp3,1
conv_00722_label0.mp3,0
conv_06262_label1.mp3,1
conv_04522_label0.mp3,0
conv_00286_label0.mp3,0
conv_14747_label0.mp3,0
conv_11767_label1.mp3,1
conv_10739_label1.mp3,1
conv_04183_label0.mp3,0
conv_10997_label0.mp3,0
conv_11601_label1.mp3,1
conv_06365_label1.mp3,1
conv_10367_label1.mp3,1
conv_08399_label1.mp3,1
conv_21097_label0.mp3,0
conv_20132_label1.mp3,1
conv_07812_label0.mp3,0
conv_16339_label0.mp3,0
conv_11697_label1.mp3,1
conv_01697_label0.mp3,0
conv_07927_label1.mp3,1
conv_07247_label0.mp3,0
conv_13710_label0.mp3,0
conv_04761_label1.mp3,1
conv_04965_label0.mp3,0
conv_04774_label1.mp3,1
conv_02238_label0.mp3,0
conv_10972_label1.mp3,1
conv_17391_label1.mp3,1
conv_20550_label0.mp3,0
conv_12850_label0.mp3,0
conv_18311_label0.mp3,0
conv_05277_label1.mp3,1
conv_05724_label1.mp3,1
conv_21295_label1.mp3,1
conv_17340_label0.mp3,0
conv_21229_label0.mp3,0
conv_18701_label0.mp3,0
conv_16069_label0.mp3,0
conv_03393_label1.mp3,1
conv_18610_label1.mp3,1
conv_21285_label0.mp3,0
conv_16993_label1.mp3,1
conv_09970_label1.mp3,1
conv_07950_label1.mp3,1
conv_10343_label1.mp3,1
conv_03957_label0.mp3,0
conv_16392_label1.mp3,1
conv_16668_label0.mp3,0
conv_14552_label1.mp3,1
conv_05025_label1.mp3,1
conv_14315_label0.mp3,0
conv_11338_label1.mp3,1
conv_06500_label0.mp3,0
conv_04119_label0.mp3,0
conv_03512_label1.mp3,1
conv_11725_label1.mp3,1
conv_02914_label1.mp3,1
conv_09771_label0.mp3,0
conv_14793_label0.mp3,0
conv_07393_label1.mp3,1
conv_15642_label0.mp3,0
conv_02465_label0.mp3,0
conv_04754_label1.mp3,1
conv_13576_label0.mp3,0
conv_00863_label1.mp3,1
conv_16166_label1.mp3,1
conv_06105_label0.mp3,0
conv_00183_label0.mp3,0
conv_13401_label1.mp3,1
conv_01401_label1.mp3,1
conv_01331_label1.mp3,1
conv_16129_label1.mp3,1
conv_17195_label0.mp3,0
conv_07848_label0.mp3,0
conv_12310_label1.mp3,1
conv_11030_label1.mp3,1
conv_17880_label0.mp3,0
conv_17524_label0.mp3,0
conv_18144_label1.mp3,1
conv_16746_label0.mp3,0
conv_01744_label0.mp3,0
conv_18118_label0.mp3,0
conv_10974_label1.mp3,1
conv_00205_label0.mp3,0
conv_05214_label0.mp3,0
conv_18976_label1.mp3,1
conv_04314_label1.mp3,1
conv_18958_label1.mp3,1
conv_17091_label1.mp3,1
conv_09017_label1.mp3,1
conv_20645_label0.mp3,0
conv_18431_label1.mp3,1
conv_18660_label1.mp3,1
conv_14926_label0.mp3,0
conv_14969_label1.mp3,1
conv_19425_label0.mp3,0
conv_15551_label1.mp3,1
conv_13301_label1.mp3,1
conv_07803_label0.mp3,0
conv_18080_label0.mp3,0
conv_03505_label0.mp3,0
conv_02707_label0.mp3,0
conv_20348_label0.mp3,0
conv_04283_label0.mp3,0
conv_19396_label1.mp3,1
conv_03849_label1.mp3,1
conv_07733_label0.mp3,0
conv_09746_label0.mp3,0
conv_14081_label1.mp3,1
conv_13047_label0.mp3,0
conv_20625_label1.mp3,1
conv_17758_label0.mp3,0
conv_03264_label0.mp3,0
conv_12452_label0.mp3,0
conv_16842_label1.mp3,1
conv_08529_label1.mp3,1
conv_14897_label1.mp3,1
conv_06288_label1.mp3,1
conv_09625_label0.mp3,0
conv_17475_label0.mp3,0
conv_18021_label0.mp3,0
conv_06797_label1.mp3,1
conv_18815_label0.mp3,0
conv_06080_label1.mp3,1
conv_02913_label1.mp3,1
conv_18853_label1.mp3,1
conv_00437_label0.mp3,0
conv_11090_label0.mp3,0
conv_02095_label1.mp3,1
conv_04179_label1.mp3,1
conv_07200_label1.mp3,1
conv_07975_label1.mp3,1
conv_02271_label0.mp3,0
conv_07193_label0.mp3,0
conv_02255_label0.mp3,0
conv_00898_label1.mp3,1
conv_09864_label1.mp3,1
conv_11073_label1.mp3,1
conv_12891_label1.mp3,1
conv_06172_label0.mp3,0
conv_09495_label1.mp3,1
conv_02172_label1.mp3,1
conv_12053_label0.mp3,0
conv_01061_label0.mp3,0
conv_00119_label1.mp3,1
conv_01132_label1.mp3,1
conv_15876_label0.mp3,0
conv_05561_label0.mp3,0
conv_05100_label0.mp3,0
conv_06271_label0.mp3,0
conv_00535_label1.mp3,1
conv_06834_label1.mp3,1
conv_08691_label0.mp3,0
conv_00754_label0.mp3,0
conv_14646_label1.mp3,1
conv_15922_label1.mp3,1
conv_05084_label1.mp3,1
conv_04609_label0.mp3,0
conv_07380_label0.mp3,0
conv_06831_label1.mp3,1
conv_12021_label0.mp3,0
conv_04443_label0.mp3,0
conv_18827_label1.mp3,1
conv_14225_label0.mp3,0
conv_03978_label0.mp3,0
conv_03354_label1.mp3,1
conv_20563_label1.mp3,1
conv_11955_label0.mp3,0
conv_10202_label1.mp3,1
conv_19741_label1.mp3,1
conv_08449_label1.mp3,1
conv_10957_label1.mp3,1
conv_09851_label0.mp3,0
conv_07480_label1.mp3,1
conv_20216_label1.mp3,1
conv_08117_label1.mp3,1
conv_04160_label1.mp3,1
conv_19678_label0.mp3,0
conv_04423_label0.mp3,0
conv_19151_label1.mp3,1
conv_16263_label0.mp3,0
conv_14229_label0.mp3,0
conv_10692_label0.mp3,0
conv_17570_label1.mp3,1
conv_18718_label1.mp3,1
conv_19723_label0.mp3,0
conv_14546_label1.mp3,1
conv_07824_label1.mp3,1
conv_15811_label1.mp3,1
conv_20847_label0.mp3,0
conv_13281_label1.mp3,1
conv_04781_label1.mp3,1
conv_19213_label0.mp3,0
conv_14712_label0.mp3,0
conv_08646_label1.mp3,1
conv_20331_label0.mp3,0
conv_19473_label1.mp3,1
conv_06261_label0.mp3,0
conv_00964_label0.mp3,0
conv_14479_label1.mp3,1
conv_11768_label0.mp3,0
conv_08548_label0.mp3,0
conv_12751_label1.mp3,1
conv_20248_label0.mp3,0
conv_20098_label0.mp3,0
conv_13725_label1.mp3,1
conv_04923_label1.mp3,1
conv_20712_label0.mp3,0
conv_15478_label0.mp3,0
conv_00788_label0.mp3,0
conv_14328_label1.mp3,1
conv_05807_label0.mp3,0
conv_05211_label1.mp3,1
conv_09716_label0.mp3,0
conv_06895_label1.mp3,1
conv_03968_label1.mp3,1
conv_03430_label1.mp3,1
conv_14656_label0.mp3,0
conv_11208_label1.mp3,1
conv_19480_label0.mp3,0
conv_01034_label1.mp3,1
conv_17003_label0.mp3,0
conv_10519_label0.mp3,0
conv_11634_label1.mp3,1
conv_07895_label0.mp3,0
conv_08175_label0.mp3,0
conv_17362_label0.mp3,0
conv_17985_label1.mp3,1
conv_16785_label0.mp3,0
conv_15146_label1.mp3,1
conv_09636_label0.mp3,0
conv_20972_label1.mp3,1
conv_04618_label1.mp3,1
conv_11844_label0.mp3,0
conv_12962_label0.mp3,0
conv_10214_label1.mp3,1
conv_10629_label1.mp3,1
conv_18923_label0.mp3,0
conv_13021_label0.mp3,0
conv_07616_label0.mp3,0
conv_14812_label0.mp3,0
conv_09054_label0.mp3,0
conv_13277_label0.mp3,0
conv_05834_label0.mp3,0
conv_20006_label0.mp3,0
conv_10295_label1.mp3,1
conv_06596_label1.mp3,1
conv_09170_label0.mp3,0
conv_09687_label0.mp3,0
conv_04565_label1.mp3,1
conv_08223_label0.mp3,0
conv_10608_label1.mp3,1
conv_12977_label1.mp3,1
conv_13382_label0.mp3,0
conv_04490_label1.mp3,1
conv_10627_label1.mp3,1
conv_17867_label0.mp3,0
conv_19388_label0.mp3,0
conv_02289_label1.mp3,1
conv_08899_label1.mp3,1
conv_05468_label1.mp3,1
conv_07224_label1.mp3,1
conv_05194_label1.mp3,1
conv_03755_label1.mp3,1
conv_12957_label0.mp3,0
conv_01262_label1.mp3,1
conv_01418_label1.mp3,1
conv_18665_label0.mp3,0
conv_19354_label1.mp3,1
conv_14776_label1.mp3,1
conv_05887_label0.mp3,0
conv_12941_label0.mp3,0
conv_13328_label1.mp3,1
conv_10770_label1.mp3,1
conv_02007_label1.mp3,1
conv_18678_label1.mp3,1
conv_19183_label1.mp3,1
conv_00620_label0.mp3,0
conv_11732_label1.mp3,1
conv_15382_label1.mp3,1
conv_03291_label0.mp3,0
conv_00179_label0.mp3,0
conv_09192_label1.mp3,1
conv_11758_label0.mp3,0
conv_10740_label0.mp3,0
conv_14387_label1.mp3,1
conv_18868_label1.mp3,1
conv_12736_label0.mp3,0
conv_16756_label0.mp3,0
conv_18456_label1.mp3,1
conv_18439_label1.mp3,1
conv_20305_label0.mp3,0
conv_09218_label1.mp3,1
conv_03906_label1.mp3,1
conv_01598_label0.mp3,0
conv_21336_label1.mp3,1
conv_21077_label0.mp3,0
conv_12339_label1.mp3,1
conv_00864_label1.mp3,1
conv_14103_label1.mp3,1
conv_14851_label1.mp3,1
conv_19910_label0.mp3,0
conv_11800_label1.mp3,1
conv_13152_label1.mp3,1
conv_09437_label0.mp3,0
conv_10539_label0.mp3,0
conv_10361_label0.mp3,0
conv_05278_label0.mp3,0
conv_04997_label1.mp3,1
conv_14156_label1.mp3,1
conv_17615_label1.mp3,1
conv_17323_label0.mp3,0
conv_05865_label1.mp3,1
conv_09133_label1.mp3,1
conv_10191_label0.mp3,0
conv_12950_label1.mp3,1
conv_20041_label1.mp3,1
conv_06562_label0.mp3,0
conv_07786_label1.mp3,1
conv_20700_label1.mp3,1
conv_20019_label0.mp3,0
conv_17338_label1.mp3,1
conv_04213_label1.mp3,1
conv_04625_label1.mp3,1
conv_15028_label1.mp3,1
conv_17515_label0.mp3,0
conv_18574_label1.mp3,1
conv_11094_label0.mp3,0
conv_20606_label0.mp3,0
conv_00037_label1.mp3,1
conv_13458_label1.mp3,1
conv_13548_label1.mp3,1
conv_12170_label0.mp3,0
conv_18783_label1.mp3,1
conv_06260_label0.mp3,0
conv_02021_label1.mp3,1
conv_14346_label0.mp3,0
conv_07167_label1.mp3,1
conv_05426_label0.mp3,0
conv_06254_label1.mp3,1
conv_07933_label0.mp3,0
conv_03522_label1.mp3,1
conv_01187_label0.mp3,0
conv_01723_label0.mp3,0
conv_14082_label1.mp3,1
conv_08910_label0.mp3,0
conv_12860_label0.mp3,0
conv_10149_label1.mp3,1
conv_00793_label0.mp3,0
conv_14066_label1.mp3,1
conv_01750_label0.mp3,0
conv_11460_label0.mp3,0
conv_03776_label1.mp3,1
conv_19472_label1.mp3,1
conv_16175_label1.mp3,1
conv_16244_label0.mp3,0
conv_11336_label1.mp3,1
conv_11783_label0.mp3,0
conv_16010_label1.mp3,1
conv_05402_label0.mp3,0
conv_03561_label1.mp3,1
conv_01510_label1.mp3,1
conv_20242_label1.mp3,1
conv_16335_label0.mp3,0
conv_18604_label0.mp3,0
conv_17111_label0.mp3,0
conv_01261_label1.mp3,1
conv_20400_label0.mp3,0
conv_03747_label1.mp3,1
conv_02124_label1.mp3,1
conv_05527_label0.mp3,0
conv_16706_label1.mp3,1
conv_01339_label1.mp3,1
conv_00192_label0.mp3,0
conv_06635_label0.mp3,0
conv_11777_label0.mp3,0
conv_02342_label0.mp3,0
conv_03249_label1.mp3,1
conv_12432_label0.mp3,0
conv_13537_label0.mp3,0
conv_14099_label0.mp3,0
conv_06731_label1.mp3,1
conv_16981_label0.mp3,0
conv_12416_label1.mp3,1
conv_08415_label0.mp3,0
conv_19519_label1.mp3,1
conv_15589_label1.mp3,1
conv_06627_label0.mp3,0
conv_20857_label1.mp3,1
conv_13085_label0.mp3,0
conv_15892_label1.mp3,1
conv_12425_label0.mp3,0
conv_16659_label0.mp3,0
conv_08970_label0.mp3,0
conv_02110_label0.mp3,0
conv_03960_label0.mp3,0
conv_02780_label0.mp3,0
conv_20278_label0.mp3,0
conv_11182_label0.mp3,0
conv_03831_label0.mp3,0
conv_09932_label0.mp3,0
conv_11371_label0.mp3,0
conv_09357_label0.mp3,0
conv_12233_label1.mp3,1
conv_13206_label1.mp3,1
conv_11727_label1.mp3,1
conv_06809_label1.mp3,1
conv_11221_label1.mp3,1
conv_15616_label0.mp3,0
conv_08446_label0.mp3,0
conv_07461_label0.mp3,0
conv_08480_label1.mp3,1
conv_02645_label0.mp3,0
conv_02953_label0.mp3,0
conv_07948_label1.mp3,1
conv_00550_label0.mp3,0
conv_07550_label1.mp3,1
conv_12349_label1.mp3,1
conv_02078_label1.mp3,1
conv_17942_label1.mp3,1
conv_12304_label1.mp3,1
conv_15521_label1.mp3,1
conv_11327_label1.mp3,1
conv_03519_label1.mp3,1
conv_04690_label1.mp3,1
conv_09460_label0.mp3,0
conv_15396_label1.mp3,1
conv_01413_label0.mp3,0
conv_17950_label0.mp3,0
conv_15463_label0.mp3,0
conv_14079_label0.mp3,0
conv_06094_label0.mp3,0
conv_06116_label1.mp3,1
conv_14068_label0.mp3,0
conv_21339_label1.mp3,1
conv_18372_label0.mp3,0
conv_10345_label0.mp3,0
conv_05560_label0.mp3,0
conv_10269_label0.mp3,0
conv_06990_label0.mp3,0
conv_17016_label0.mp3,0
conv_13192_label1.mp3,1
conv_19288_label1.mp3,1
conv_14725_label0.mp3,0
conv_02345_label1.mp3,1
conv_13338_label1.mp3,1
conv_05109_label0.mp3,0
conv_01488_label1.mp3,1
conv_04664_label1.mp3,1
conv_11422_label0.mp3,0
conv_10607_label0.mp3,0
conv_19536_label0.mp3,0
conv_02063_label0.mp3,0
conv_11096_label0.mp3,0
conv_19188_label1.mp3,1
conv_20320_label0.mp3,0
conv_13482_label0.mp3,0
conv_07789_label0.mp3,0
conv_17625_label1.mp3,1
conv_16661_label0.mp3,0
conv_00488_label0.mp3,0
conv_14471_label1.mp3,1
conv_17293_label0.mp3,0
conv_14731_label1.mp3,1
conv_09172_label1.mp3,1
conv_06178_label1.mp3,1
conv_02493_label1.mp3,1
conv_06409_label1.mp3,1
conv_06029_label0.mp3,0
conv_15563_label1.mp3,1
conv_02712_label1.mp3,1
conv_02412_label0.mp3,0
conv_15910_label1.mp3,1
conv_09351_label1.mp3,1
conv_08977_label1.mp3,1
conv_05118_label0.mp3,0
conv_14799_label0.mp3,0
conv_05650_label0.mp3,0
conv_03392_label1.mp3,1
conv_20934_label0.mp3,0
conv_20386_label1.mp3,1
conv_21188_label0.mp3,0
conv_00806_label1.mp3,1
conv_20669_label0.mp3,0
conv_15355_label0.mp3,0
conv_08557_label0.mp3,0
conv_06349_label1.mp3,1
conv_08036_label1.mp3,1
conv_21026_label1.mp3,1
conv_03444_label0.mp3,0
conv_13426_label1.mp3,1
conv_05042_label1.mp3,1
conv_05704_label1.mp3,1
conv_05182_label1.mp3,1
conv_05423_label1.mp3,1
conv_12290_label0.mp3,0
conv_10463_label0.mp3,0
conv_20612_label1.mp3,1
conv_04430_label1.mp3,1
conv_07512_label0.mp3,0
conv_10551_label1.mp3,1
conv_20190_label0.mp3,0
conv_05991_label0.mp3,0
conv_06140_label1.mp3,1
conv_14413_label0.mp3,0
conv_20822_label0.mp3,0
conv_21126_label0.mp3,0
conv_18407_label1.mp3,1
conv_03332_label0.mp3,0
conv_03131_label1.mp3,1
conv_05360_label0.mp3,0
conv_06715_label0.mp3,0
conv_07712_label1.mp3,1
conv_03889_label0.mp3,0
conv_06816_label1.mp3,1
conv_11382_label1.mp3,1
conv_00800_label1.mp3,1
conv_15307_label1.mp3,1
conv_01637_label1.mp3,1
conv_08470_label0.mp3,0
conv_08880_label1.mp3,1
conv_17879_label1.mp3,1
conv_09683_label1.mp3,1
conv_03904_label0.mp3,0
conv_03843_label0.mp3,0
conv_21064_label0.mp3,0
conv_10529_label1.mp3,1
conv_09015_label1.mp3,1
conv_16439_label1.mp3,1
conv_19468_label1.mp3,1
conv_18871_label0.mp3,0
conv_00111_label1.mp3,1
conv_05567_label1.mp3,1
conv_14674_label1.mp3,1
conv_01247_label1.mp3,1
conv_19626_label0.mp3,0
conv_10671_label0.mp3,0
conv_00640_label0.mp3,0
conv_20034_label1.mp3,1
conv_16343_label1.mp3,1
conv_01727_label1.mp3,1
conv_21262_label1.mp3,1
conv_18508_label1.mp3,1
conv_13611_label0.mp3,0
conv_01569_label0.mp3,0
conv_12003_label1.mp3,1
conv_12010_label0.mp3,0
conv_04527_label1.mp3,1
conv_07063_label1.mp3,1
conv_20544_label0.mp3,0
conv_18353_label0.mp3,0
conv_05741_label0.mp3,0
conv_08475_label0.mp3,0
conv_11028_label1.mp3,1
conv_16782_label0.mp3,0
conv_15373_label0.mp3,0
conv_09417_label1.mp3,1
conv_11216_label1.mp3,1
conv_04879_label0.mp3,0
conv_04905_label1.mp3,1
conv_08077_label1.mp3,1
conv_02610_label1.mp3,1
conv_02129_label1.mp3,1
conv_19186_label0.mp3,0
conv_12875_label0.mp3,0
conv_20901_label0.mp3,0
conv_13130_label0.mp3,0
conv_05662_label1.mp3,1
conv_18408_label1.mp3,1
conv_14408_label1.mp3,1
conv_00100_label0.mp3,0
conv_15713_label0.mp3,0
conv_00977_label0.mp3,0
conv_08335_label1.mp3,1
conv_15371_label1.mp3,1
conv_08718_label0.mp3,0
conv_18896_label1.mp3,1
conv_21129_label1.mp3,1
conv_00707_label0.mp3,0
conv_15756_label1.mp3,1
conv_12933_label1.mp3,1
conv_15949_label0.mp3,0
conv_08104_label1.mp3,1
conv_20008_label1.mp3,1
conv_06323_label0.mp3,0
conv_19351_label1.mp3,1
conv_02890_label0.mp3,0
conv_04983_label1.mp3,1
conv_06576_label0.mp3,0
conv_06965_label1.mp3,1
conv_14730_label0.mp3,0
conv_01628_label1.mp3,1
conv_02184_label0.mp3,0
conv_14565_label1.mp3,1
conv_20836_label0.mp3,0
conv_16468_label1.mp3,1
conv_12329_label0.mp3,0
conv_05455_label0.mp3,0
conv_07069_label1.mp3,1
conv_11237_label1.mp3,1
conv_19006_label1.mp3,1
conv_06841_label0.mp3,0
conv_17041_label0.mp3,0
conv_00803_label1.mp3,1
conv_16555_label0.mp3,0
conv_12142_label0.mp3,0
conv_05671_label0.mp3,0
conv_03752_label1.mp3,1
conv_18888_label0.mp3,0
conv_03126_label0.mp3,0
conv_15567_label0.mp3,0
conv_04327_label1.mp3,1
conv_07706_label1.mp3,1
conv_07226_label0.mp3,0
conv_07207_label0.mp3,0
conv_19429_label1.mp3,1
conv_10002_label0.mp3,0
conv_18392_label0.mp3,0
conv_03961_label1.mp3,1
conv_16744_label1.mp3,1
conv_06435_label1.mp3,1
conv_19932_label0.mp3,0
conv_16262_label1.mp3,1
conv_09528_label0.mp3,0
conv_08371_label1.mp3,1
conv_16281_label1.mp3,1
conv_06487_label1.mp3,1
conv_12683_label0.mp3,0
conv_15555_label1.mp3,1
conv_00295_label0.mp3,0
conv_08283_label1.mp3,1
conv_06904_label1.mp3,1
conv_06692_label1.mp3,1
conv_19318_label0.mp3,0
conv_08451_label1.mp3,1
conv_21216_label1.mp3,1
conv_03077_label1.mp3,1
conv_00911_label1.mp3,1
conv_05888_label1.mp3,1
conv_15435_label0.mp3,0
conv_02154_label1.mp3,1
conv_18092_label1.mp3,1
conv_10628_label1.mp3,1
conv_07522_label0.mp3,0
conv_07630_label0.mp3,0
conv_07263_label1.mp3,1
conv_07556_label1.mp3,1
conv_08277_label1.mp3,1
conv_16962_label1.mp3,1
conv_01075_label0.mp3,0
conv_02799_label0.mp3,0
conv_17569_label1.mp3,1
conv_13378_label0.mp3,0
conv_03040_label1.mp3,1
conv_20513_label0.mp3,0
conv_20054_label0.mp3,0
conv_18500_label0.mp3,0
conv_14789_label0.mp3,0
conv_21254_label1.mp3,1
conv_11015_label0.mp3,0
conv_17213_label0.mp3,0
conv_00838_label1.mp3,1
conv_15369_label1.mp3,1
conv_11914_label0.mp3,0
conv_02064_label1.mp3,1
conv_00077_label0.mp3,0
conv_15467_label1.mp3,1
conv_12418_label0.mp3,0
conv_16381_label1.mp3,1
conv_01063_label0.mp3,0
conv_02842_label0.mp3,0
conv_19035_label0.mp3,0
conv_01880_label1.mp3,1
conv_12044_label0.mp3,0
conv_08862_label0.mp3,0
conv_18258_label0.mp3,0
conv_04532_label0.mp3,0
conv_20825_label0.mp3,0
conv_02327_label1.mp3,1
conv_18680_label0.mp3,0
conv_13856_label0.mp3,0
conv_00216_label0.mp3,0
conv_09461_label1.mp3,1
conv_18733_label1.mp3,1
conv_10285_label0.mp3,0
conv_04580_label1.mp3,1
conv_20806_label1.mp3,1
conv_01672_label0.mp3,0
conv_05837_label0.mp3,0
conv_11665_label1.mp3,1
conv_03421_label0.mp3,0
conv_12644_label0.mp3,0
conv_01810_label0.mp3,0
conv_03524_label0.mp3,0
conv_10515_label1.mp3,1
conv_05882_label0.mp3,0
conv_09935_label1.mp3,1
conv_21314_label0.mp3,0
conv_14368_label0.mp3,0
conv_20398_label1.mp3,1
conv_19408_label1.mp3,1
conv_20016_label0.mp3,0
conv_07820_label1.mp3,1
conv_20063_label0.mp3,0
conv_19382_label1.mp3,1
conv_07797_label0.mp3,0
conv_19972_label1.mp3,1
conv_11962_label0.mp3,0
conv_15527_label0.mp3,0
conv_18297_label0.mp3,0
conv_15117_label1.mp3,1
conv_21113_label0.mp3,0
conv_14330_label1.mp3,1
conv_06581_label0.mp3,0
conv_13507_label1.mp3,1
conv_16074_label1.mp3,1
conv_17367_label0.mp3,0
conv_17919_label0.mp3,0
conv_09516_label1.mp3,1
conv_08206_label1.mp3,1
conv_11197_label0.mp3,0
conv_19416_label0.mp3,0
conv_19823_label0.mp3,0
conv_08751_label1.mp3,1
conv_12202_label1.mp3,1
conv_19987_label1.mp3,1
conv_05013_label1.mp3,1
conv_15909_label0.mp3,0
conv_13917_label1.mp3,1
conv_02144_label1.mp3,1
conv_07532_label1.mp3,1
conv_19685_label0.mp3,0
conv_04405_label1.mp3,1
conv_05256_label1.mp3,1
conv_03184_label0.mp3,0
conv_06231_label1.mp3,1
conv_07752_label0.mp3,0
conv_05640_label0.mp3,0
conv_20136_label1.mp3,1
conv_07221_label0.mp3,0
conv_13296_label0.mp3,0
conv_17722_label1.mp3,1
conv_15457_label1.mp3,1
conv_12503_label0.mp3,0
conv_07356_label1.mp3,1
conv_17476_label0.mp3,0
conv_02853_label0.mp3,0
conv_18347_label1.mp3,1
conv_10830_label1.mp3,1
conv_00915_label1.mp3,1
conv_17355_label0.mp3,0
conv_20993_label0.mp3,0
conv_09745_label1.mp3,1
conv_03446_label0.mp3,0
conv_08611_label0.mp3,0
conv_02358_label0.mp3,0
conv_04326_label0.mp3,0
conv_05944_label1.mp3,1
conv_17463_label1.mp3,1
conv_03325_label1.mp3,1
conv_06988_label0.mp3,0
conv_13534_label1.mp3,1
conv_15634_label0.mp3,0
conv_08914_label0.mp3,0
conv_18813_label0.mp3,0
conv_16556_label1.mp3,1
conv_00764_label0.mp3,0
conv_10567_label0.mp3,0
conv_07879_label1.mp3,1
conv_13217_label0.mp3,0
conv_12089_label1.mp3,1
conv_12196_label0.mp3,0
conv_11832_label0.mp3,0
conv_11246_label1.mp3,1
conv_16747_label1.mp3,1
conv_11180_label1.mp3,1
conv_06829_label0.mp3,0
conv_00323_label0.mp3,0
conv_05982_label0.mp3,0
conv_07936_label0.mp3,0
conv_17530_label0.mp3,0
conv_19007_label0.mp3,0
conv_05541_label0.mp3,0
conv_02671_label0.mp3,0
conv_00314_label0.mp3,0
conv_10754_label0.mp3,0
conv_00520_label0.mp3,0
conv_06833_label0.mp3,0
conv_15592_label0.mp3,0
conv_11594_label1.mp3,1
conv_17019_label1.mp3,1
conv_20292_label1.mp3,1
conv_00124_label0.mp3,0
conv_11816_label1.mp3,1
conv_18428_label0.mp3,0
conv_14721_label0.mp3,0
conv_16276_label1.mp3,1
conv_08196_label0.mp3,0
conv_13936_label0.mp3,0
conv_01736_label0.mp3,0
conv_19528_label0.mp3,0
conv_10184_label0.mp3,0
conv_13759_label1.mp3,1
conv_15213_label0.mp3,0
conv_03868_label0.mp3,0
conv_19708_label0.mp3,0
conv_19335_label0.mp3,0
conv_13553_label1.mp3,1
conv_14111_label1.mp3,1
conv_07942_label0.mp3,0
conv_19068_label0.mp3,0
conv_08662_label1.mp3,1
conv_21052_label0.mp3,0
conv_04355_label1.mp3,1
conv_04925_label0.mp3,0
conv_05604_label1.mp3,1
conv_21050_label1.mp3,1
conv_03748_label0.mp3,0
conv_00305_label1.mp3,1
conv_12622_label1.mp3,1
conv_12575_label1.mp3,1
conv_16611_label0.mp3,0
conv_16640_label1.mp3,1
conv_17327_label0.mp3,0
conv_11565_label0.mp3,0
conv_11116_label0.mp3,0
conv_19011_label0.mp3,0
conv_09031_label0.mp3,0
conv_19352_label0.mp3,0
conv_09025_label1.mp3,1
conv_14421_label0.mp3,0
conv_04806_label0.mp3,0
conv_18619_label1.mp3,1
conv_14998_label1.mp3,1
conv_03014_label1.mp3,1
conv_17562_label0.mp3,0
conv_07025_label0.mp3,0
conv_10947_label1.mp3,1
conv_20698_label1.mp3,1
conv_13157_label1.mp3,1
conv_03355_label0.mp3,0
conv_21278_label1.mp3,1
conv_05384_label1.mp3,1
conv_11592_label0.mp3,0
conv_16386_label1.mp3,1
conv_16183_label1.mp3,1
conv_05141_label1.mp3,1
conv_08580_label1.mp3,1
conv_11385_label1.mp3,1
conv_04744_label1.mp3,1
conv_11257_label1.mp3,1
conv_01518_label0.mp3,0
conv_01639_label0.mp3,0
conv_06908_label1.mp3,1
conv_05893_label0.mp3,0
conv_13539_label0.mp3,0
conv_20868_label1.mp3,1
conv_03837_label0.mp3,0
conv_16781_label0.mp3,0
conv_09169_label0.mp3,0
conv_02960_label0.mp3,0
conv_14201_label1.mp3,1
conv_10294_label0.mp3,0
conv_05731_label1.mp3,1
conv_20982_label1.mp3,1
conv_16196_label0.mp3,0
conv_15000_label1.mp3,1
conv_18954_label0.mp3,0
conv_04494_label0.mp3,0
conv_20116_label1.mp3,1
conv_04999_label0.mp3,0
conv_17639_label1.mp3,1
conv_06381_label1.mp3,1
conv_15482_label1.mp3,1
conv_18189_label1.mp3,1
conv_10862_label1.mp3,1
conv_15153_label1.mp3,1
conv_14740_label0.mp3,0
conv_06600_label1.mp3,1
conv_19298_label1.mp3,1
conv_04524_label0.mp3,0
conv_06998_label0.mp3,0
conv_04025_label0.mp3,0
conv_10476_label1.mp3,1
conv_14752_label1.mp3,1
conv_05890_label0.mp3,0
conv_14267_label1.mp3,1
conv_09303_label1.mp3,1
conv_14357_label0.mp3,0
conv_03992_label0.mp3,0
conv_00327_label0.mp3,0
conv_18842_label0.mp3,0
conv_12336_label0.mp3,0
conv_20445_label1.mp3,1
conv_05835_label0.mp3,0
conv_17057_label0.mp3,0
conv_15099_label1.mp3,1
conv_04584_label1.mp3,1
conv_08179_label1.mp3,1
conv_05280_label1.mp3,1
conv_06655_label0.mp3,0
conv_12013_label1.mp3,1
conv_11420_label1.mp3,1
conv_09012_label0.mp3,0
conv_16865_label1.mp3,1
conv_06617_label1.mp3,1
conv_05544_label0.mp3,0
conv_17980_label1.mp3,1
conv_06431_label0.mp3,0
conv_14562_label1.mp3,1
conv_16693_label1.mp3,1
conv_06729_label1.mp3,1
conv_19874_label0.mp3,0
conv_13169_label1.mp3,1
conv_00600_label1.mp3,1
conv_12188_label1.mp3,1
conv_10052_label0.mp3,0
conv_12778_label0.mp3,0
conv_00293_label1.mp3,1
conv_06980_label1.mp3,1
conv_15723_label0.mp3,0
conv_21270_label0.mp3,0
conv_15728_label0.mp3,0
conv_15004_label1.mp3,1
conv_05864_label1.mp3,1
conv_07734_label0.mp3,0
conv_09177_label0.mp3,0
conv_06440_label1.mp3,1
conv_09072_label0.mp3,0
conv_14813_label1.mp3,1
conv_04257_label0.mp3,0
conv_04270_label0.mp3,0
conv_16000_label1.mp3,1
conv_12639_label0.mp3,0
conv_10927_label0.mp3,0
conv_08660_label0.mp3,0
conv_08675_label0.mp3,0
conv_13938_label0.mp3,0
conv_21138_label0.mp3,0
conv_01234_label0.mp3,0
conv_10415_label0.mp3,0
conv_08226_label1.mp3,1
conv_07046_label0.mp3,0
conv_02034_label0.mp3,0
conv_18259_label0.mp3,0
conv_01990_label0.mp3,0
conv_10226_label1.mp3,1
conv_00147_label0.mp3,0
conv_20187_label0.mp3,0
conv_17236_label0.mp3,0
conv_09278_label1.mp3,1
conv_15346_label0.mp3,0
conv_19139_label1.mp3,1
conv_17150_label1.mp3,1
conv_01184_label1.mp3,1
conv_03810_label0.mp3,0
conv_20145_label1.mp3,1
conv_01547_label0.mp3,0
conv_10216_label0.mp3,0
conv_19578_label0.mp3,0
conv_09009_label0.mp3,0
conv_04391_label1.mp3,1
conv_19716_label0.mp3,0
conv_19214_label0.mp3,0
conv_03380_label1.mp3,1
conv_05290_label1.mp3,1
conv_19276_label1.mp3,1
conv_00388_label0.mp3,0
conv_19795_label1.mp3,1
conv_19522_label1.mp3,1
conv_10863_label0.mp3,0
conv_01783_label0.mp3,0
conv_18338_label0.mp3,0
conv_06786_label0.mp3,0
conv_10526_label1.mp3,1
conv_19698_label0.mp3,0
conv_20350_label1.mp3,1
conv_17680_label1.mp3,1
conv_16883_label0.mp3,0
conv_14621_label1.mp3,1
conv_04839_label1.mp3,1
conv_00399_label0.mp3,0
conv_03761_label1.mp3,1
conv_03859_label0.mp3,0
conv_07209_label1.mp3,1
conv_00561_label1.mp3,1
conv_12808_label0.mp3,0
conv_01966_label0.mp3,0
conv_19696_label1.mp3,1
conv_05996_label1.mp3,1
conv_08082_label0.mp3,0
conv_04996_label1.mp3,1
conv_05238_label1.mp3,1
conv_17047_label0.mp3,0
conv_05811_label1.mp3,1
conv_19500_label1.mp3,1
conv_04061_label1.mp3,1
conv_13221_label0.mp3,0
conv_03939_label1.mp3,1
conv_14113_label1.mp3,1
conv_12568_label1.mp3,1
conv_03157_label1.mp3,1
conv_12461_label1.mp3,1
conv_06069_label1.mp3,1
conv_04233_label1.mp3,1
conv_12708_label0.mp3,0
conv_08128_label1.mp3,1
conv_15078_label1.mp3,1
conv_20288_label1.mp3,1
conv_08315_label1.mp3,1
conv_11744_label0.mp3,0
conv_11759_label0.mp3,0
conv_00443_label0.mp3,0
conv_21012_label1.mp3,1
conv_16544_label0.mp3,0
conv_03103_label0.mp3,0
conv_12713_label0.mp3,0
conv_02066_label0.mp3,0
conv_04498_label0.mp3,0
conv_00106_label1.mp3,1
conv_18296_label0.mp3,0
conv_19074_label1.mp3,1
conv_08926_label1.mp3,1
conv_09349_label1.mp3,1
conv_14856_label0.mp3,0
conv_20122_label1.mp3,1
conv_09483_label0.mp3,0
conv_09877_label0.mp3,0
conv_07491_label0.mp3,0
conv_13015_label0.mp3,0
conv_21100_label1.mp3,1
conv_09100_label0.mp3,0
conv_20087_label1.mp3,1
conv_15023_label0.mp3,0
conv_08787_label1.mp3,1
conv_14493_label0.mp3,0
conv_09223_label0.mp3,0
conv_09299_label1.mp3,1
conv_02759_label1.mp3,1
conv_16713_label0.mp3,0
conv_13345_label1.mp3,1
conv_19235_label0.mp3,0
conv_19510_label1.mp3,1
conv_20769_label0.mp3,0
conv_06253_label1.mp3,1
conv_14649_label1.mp3,1
conv_12113_label0.mp3,0
conv_09146_label0.mp3,0
conv_12269_label1.mp3,1
conv_07335_label1.mp3,1
conv_18057_label0.mp3,0
conv_05106_label1.mp3,1
conv_10685_label0.mp3,0
conv_17030_label1.mp3,1
conv_03370_label0.mp3,0
conv_18897_label0.mp3,0
conv_06402_label1.mp3,1
conv_07196_label1.mp3,1
conv_00830_label1.mp3,1
conv_20234_label0.mp3,0
conv_08934_label1.mp3,1
conv_16522_label0.mp3,0
conv_04900_label0.mp3,0
conv_13043_label1.mp3,1
conv_01811_label1.mp3,1
conv_13804_label1.mp3,1
conv_18301_label0.mp3,0
conv_01137_label1.mp3,1
conv_17525_label1.mp3,1
conv_02375_label1.mp3,1
conv_11870_label1.mp3,1
conv_15325_label1.mp3,1
conv_18527_label1.mp3,1
conv_01196_label1.mp3,1
conv_11537_label1.mp3,1
conv_16774_label1.mp3,1
conv_02308_label1.mp3,1
conv_11827_label1.mp3,1
conv_05494_label1.mp3,1
conv_07987_label0.mp3,0
conv_15477_label0.mp3,0
conv_06175_label1.mp3,1
conv_01388_label0.mp3,0
conv_08058_label0.mp3,0
conv_04966_label0.mp3,0
conv_05701_label0.mp3,0
conv_09902_label0.mp3,0
conv_02276_label0.mp3,0
conv_19271_label1.mp3,1
conv_19966_label0.mp3,0
conv_06526_label1.mp3,1
conv_05465_label0.mp3,0
conv_16433_label0.mp3,0
conv_02403_label0.mp3,0
conv_13676_label1.mp3,1
conv_07875_label0.mp3,0
conv_18267_label0.mp3,0
conv_07783_label0.mp3,0
conv_20228_label1.mp3,1
conv_08377_label0.mp3,0
conv_05018_label0.mp3,0
conv_19761_label0.mp3,0
conv_02717_label1.mp3,1
conv_04103_label1.mp3,1
conv_16140_label1.mp3,1
conv_07132_label0.mp3,0
conv_06299_label0.mp3,0
conv_08441_label1.mp3,1
conv_05532_label1.mp3,1
conv_03375_label0.mp3,0
conv_16287_label0.mp3,0
conv_12655_label1.mp3,1
conv_17559_label0.mp3,0
conv_19489_label1.mp3,1
conv_10824_label0.mp3,0
conv_00974_label0.mp3,0
conv_16309_label0.mp3,0
conv_14899_label0.mp3,0
conv_00374_label0.mp3,0
conv_12118_label0.mp3,0
conv_18239_label0.mp3,0
conv_08097_label1.mp3,1
conv_21128_label0.mp3,0
conv_13297_label1.mp3,1
conv_20891_label0.mp3,0
conv_11408_label0.mp3,0
conv_17507_label0.mp3,0
conv_16318_label1.mp3,1
conv_20068_label0.mp3,0
conv_04440_label0.mp3,0
conv_00478_label1.mp3,1
conv_21337_label1.mp3,1
conv_04892_label0.mp3,0
conv_19817_label1.mp3,1
conv_20322_label0.mp3,0
conv_00889_label1.mp3,1
conv_10478_label1.mp3,1
conv_19549_label0.mp3,0
conv_03842_label0.mp3,0
conv_07731_label0.mp3,0
conv_10894_label1.mp3,1
conv_08061_label0.mp3,0
conv_20634_label0.mp3,0
conv_07090_label0.mp3,0
conv_11227_label1.mp3,1
conv_07679_label0.mp3,0
conv_13630_label0.mp3,0
conv_07632_label1.mp3,1
conv_20867_label0.mp3,0
conv_20810_label0.mp3,0
conv_20752_label1.mp3,1
conv_08755_label1.mp3,1
conv_00678_label0.mp3,0
conv_14058_label0.mp3,0
conv_12147_label0.mp3,0
conv_07001_label0.mp3,0
conv_19871_label0.mp3,0
conv_04967_label0.mp3,0
conv_18006_label0.mp3,0
conv_06071_label0.mp3,0
conv_06765_label1.mp3,1
conv_18361_label0.mp3,0
conv_00072_label0.mp3,0
conv_20790_label0.mp3,0
conv_02592_label0.mp3,0
conv_19481_label0.mp3,0
conv_09814_label0.mp3,0
conv_09322_label1.mp3,1
conv_04728_label1.mp3,1
conv_12066_label0.mp3,0
conv_21085_label0.mp3,0
conv_16529_label0.mp3,0
conv_07983_label0.mp3,0
conv_19523_label0.mp3,0
conv_14792_label0.mp3,0
conv_03285_label0.mp3,0
conv_17272_label1.mp3,1
conv_18505_label1.mp3,1
conv_15327_label0.mp3,0
conv_16087_label1.mp3,1
conv_09668_label0.mp3,0
conv_06182_label0.mp3,0
conv_13596_label0.mp3,0
conv_05720_label1.mp3,1
conv_10967_label0.mp3,0
conv_00113_label1.mp3,1
conv_09236_label0.mp3,0
conv_16828_label1.mp3,1
conv_11198_label0.mp3,0
conv_11888_label0.mp3,0
conv_05183_label1.mp3,1
conv_10350_label0.mp3,0
conv_03007_label0.mp3,0
conv_17301_label1.mp3,1
conv_20469_label1.mp3,1
conv_04370_label1.mp3,1
conv_13523_label1.mp3,1
conv_09706_label1.mp3,1
conv_17593_label1.mp3,1
conv_06292_label0.mp3,0
conv_10359_label0.mp3,0
conv_17279_label1.mp3,1
conv_08544_label1.mp3,1
conv_15748_label1.mp3,1
conv_02647_label0.mp3,0
conv_20071_label0.mp3,0
conv_19560_label0.mp3,0
conv_04529_label1.mp3,1
conv_05068_label0.mp3,0
conv_01043_label1.mp3,1
conv_00745_label0.mp3,0
conv_04702_label1.mp3,1
conv_09956_label1.mp3,1
conv_19891_label1.mp3,1
conv_13485_label0.mp3,0
conv_18264_label0.mp3,0
conv_20707_label1.mp3,1
conv_12570_label1.mp3,1
conv_00487_label1.mp3,1
conv_02091_label0.mp3,0
conv_11675_label1.mp3,1
conv_08518_label0.mp3,0
conv_20449_label1.mp3,1
conv_01202_label0.mp3,0
conv_14563_label1.mp3,1
conv_16778_label1.mp3,1
conv_11275_label0.mp3,0
conv_14261_label1.mp3,1
conv_12997_label1.mp3,1
conv_18566_label0.mp3,0
conv_20538_label0.mp3,0
conv_13151_label1.mp3,1
conv_00261_label0.mp3,0
conv_12393_label0.mp3,0
conv_00708_label0.mp3,0
conv_04030_label1.mp3,1
conv_08242_label0.mp3,0
conv_03970_label0.mp3,0
conv_16072_label1.mp3,1
conv_16958_label1.mp3,1
conv_09444_label1.mp3,1
conv_00150_label0.mp3,0
conv_02652_label0.mp3,0
conv_06630_label0.mp3,0
conv_16461_label1.mp3,1
conv_13375_label0.mp3,0
conv_07153_label1.mp3,1
conv_09058_label1.mp3,1
conv_03302_label0.mp3,0
conv_16280_label1.mp3,1
conv_12695_label1.mp3,1
conv_12577_label0.mp3,0
conv_12842_label1.mp3,1
conv_13115_label0.mp3,0
conv_01512_label1.mp3,1
conv_14758_label0.mp3,0
conv_11751_label1.mp3,1
conv_18086_label0.mp3,0
conv_08489_label1.mp3,1
conv_06940_label0.mp3,0
conv_03214_label0.mp3,0
conv_09785_label0.mp3,0
conv_09992_label1.mp3,1
conv_16445_label0.mp3,0
conv_19381_label0.mp3,0
conv_19657_label1.mp3,1
conv_12825_label1.mp3,1
conv_12589_label0.mp3,0
conv_13335_label1.mp3,1
conv_15834_label1.mp3,1
conv_12548_label1.mp3,1
conv_02515_label0.mp3,0
conv_13439_label1.mp3,1
conv_17621_label1.mp3,1
conv_07120_label0.mp3,0
conv_18572_label0.mp3,0
conv_09789_label1.mp3,1
conv_07246_label0.mp3,0
conv_17205_label0.mp3,0
conv_17413_label1.mp3,1
conv_05026_label0.mp3,0
conv_09990_label1.mp3,1
conv_14823_label1.mp3,1
conv_21005_label0.mp3,0
conv_15629_label1.mp3,1
conv_03068_label0.mp3,0
conv_00402_label1.mp3,1
conv_11083_label1.mp3,1
conv_09145_label1.mp3,1
conv_08979_label0.mp3,0
conv_17428_label0.mp3,0
conv_11843_label1.mp3,1
conv_10480_label1.mp3,1
conv_20452_label0.mp3,0
conv_17459_label0.mp3,0
conv_19220_label0.mp3,0
conv_05069_label1.mp3,1
conv_18704_label1.mp3,1
conv_04791_label0.mp3,0
conv_19606_label0.mp3,0
conv_11196_label1.mp3,1
conv_13788_label0.mp3,0
conv_00387_label1.mp3,1
conv_14604_label0.mp3,0
conv_14281_label1.mp3,1
conv_02542_label0.mp3,0
conv_02535_label0.mp3,0
conv_15465_label1.mp3,1
conv_13421_label0.mp3,0
conv_16474_label1.mp3,1
conv_16282_label1.mp3,1
conv_19504_label1.mp3,1
conv_17906_label1.mp3,1
conv_02615_label1.mp3,1
conv_17275_label0.mp3,0
conv_13434_label0.mp3,0
conv_12266_label1.mp3,1
conv_06086_label1.mp3,1
conv_11703_label0.mp3,0
conv_02618_label1.mp3,1
conv_19067_label1.mp3,1
conv_20477_label0.mp3,0
conv_04158_label1.mp3,1
conv_06327_label0.mp3,0
conv_07919_label1.mp3,1
conv_09923_label0.mp3,0
conv_04282_label1.mp3,1
conv_02336_label1.mp3,1
conv_03715_label1.mp3,1
conv_06705_label1.mp3,1
conv_04303_label1.mp3,1
conv_13569_label0.mp3,0
conv_03331_label1.mp3,1
conv_19887_label1.mp3,1
conv_20495_label1.mp3,1
conv_00228_label0.mp3,0
conv_15029_label0.mp3,0
conv_15334_label0.mp3,0
conv_07510_label0.mp3,0
conv_10201_label1.mp3,1
conv_00642_label1.mp3,1
conv_06811_label0.mp3,0
conv_01180_label1.mp3,1
conv_08368_label0.mp3,0
conv_06708_label0.mp3,0
conv_17031_label1.mp3,1
conv_05526_label0.mp3,0
conv_16109_label1.mp3,1
conv_16251_label1.mp3,1
conv_06622_label1.mp3,1
conv_09707_label1.mp3,1
conv_01950_label1.mp3,1
conv_16578_label1.mp3,1
conv_14976_label1.mp3,1
conv_07878_label1.mp3,1
conv_07857_label1.mp3,1
conv_03438_label1.mp3,1
conv_04662_label1.mp3,1
conv_07165_label0.mp3,0
conv_03107_label0.mp3,0
conv_06868_label1.mp3,1
conv_04244_label0.mp3,0
conv_21338_label1.mp3,1
conv_10962_label1.mp3,1
conv_11931_label0.mp3,0
conv_10281_label1.mp3,1
conv_02753_label1.mp3,1
conv_15816_label0.mp3,0
conv_14997_label0.mp3,0
conv_07358_label0.mp3,0
conv_11852_label1.mp3,1
conv_19402_label1.mp3,1
conv_17425_label0.mp3,0
conv_07622_label1.mp3,1
conv_15843_label0.mp3,0
conv_00156_label1.mp3,1
conv_17791_label1.mp3,1
conv_01141_label0.mp3,0
conv_09429_label1.mp3,1
conv_15236_label1.mp3,1
conv_16078_label1.mp3,1
conv_16338_label0.mp3,0
conv_07315_label1.mp3,1
conv_16171_label1.mp3,1
conv_15049_label1.mp3,1
conv_00912_label1.mp3,1
conv_12238_label0.mp3,0
conv_05658_label0.mp3,0
conv_15126_label0.mp3,0
conv_20818_label1.mp3,1
conv_18859_label1.mp3,1
conv_04961_label0.mp3,0
conv_00682_label1.mp3,1
conv_12408_label0.mp3,0
conv_00495_label0.mp3,0
conv_02571_label0.mp3,0
conv_00674_label0.mp3,0
conv_08814_label0.mp3,0
conv_16481_label1.mp3,1
conv_03313_label0.mp3,0
conv_18516_label0.mp3,0
conv_08777_label0.mp3,0
conv_14600_label0.mp3,0
conv_18243_label1.mp3,1
conv_15641_label1.mp3,1
conv_21202_label0.mp3,0
conv_17447_label1.mp3,1
conv_10104_label0.mp3,0
conv_19731_label1.mp3,1
conv_05470_label0.mp3,0
conv_19076_label1.mp3,1
conv_05417_label0.mp3,0
conv_16987_label1.mp3,1
conv_10562_label0.mp3,0
conv_12052_label0.mp3,0
conv_21286_label1.mp3,1
conv_10742_label1.mp3,1
conv_03140_label1.mp3,1
conv_05181_label1.mp3,1
conv_19576_label1.mp3,1
conv_11056_label1.mp3,1
conv_10549_label1.mp3,1
conv_04693_label1.mp3,1
conv_01555_label0.mp3,0
conv_17836_label1.mp3,1
conv_19088_label0.mp3,0
conv_04957_label0.mp3,0
conv_20518_label0.mp3,0
conv_13907_label0.mp3,0
conv_11255_label1.mp3,1
conv_09698_label1.mp3,1
conv_17802_label1.mp3,1
conv_17579_label1.mp3,1
conv_20719_label0.mp3,0
conv_01967_label0.mp3,0
conv_02541_label1.mp3,1
conv_01402_label0.mp3,0
conv_18838_label0.mp3,0
conv_12626_label1.mp3,1
conv_20904_label0.mp3,0
conv_04171_label0.mp3,0
conv_18425_label1.mp3,1
conv_18900_label0.mp3,0
conv_15500_label1.mp3,1
conv_06986_label0.mp3,0
conv_17492_label1.mp3,1
conv_13743_label0.mp3,0
conv_09283_label1.mp3,1
conv_05492_label1.mp3,1
conv_16475_label1.mp3,1
conv_13796_label1.mp3,1
conv_16834_label1.mp3,1
conv_00355_label0.mp3,0
conv_06398_label1.mp3,1
conv_09413_label1.mp3,1
conv_16019_label0.mp3,0
conv_20490_label1.mp3,1
conv_09951_label1.mp3,1
conv_02049_label1.mp3,1
conv_11974_label0.mp3,0
conv_18899_label1.mp3,1
conv_10074_label1.mp3,1
conv_02785_label0.mp3,0
conv_14443_label1.mp3,1
conv_01585_label1.mp3,1
conv_01494_label1.mp3,1
conv_11075_label0.mp3,0
conv_14784_label1.mp3,1
conv_04882_label0.mp3,0
conv_10601_label0.mp3,0
conv_15016_label0.mp3,0
conv_03221_label0.mp3,0
conv_17694_label0.mp3,0
conv_03835_label1.mp3,1
conv_04223_label1.mp3,1
conv_12281_label1.mp3,1
conv_04312_label0.mp3,0
conv_14829_label1.mp3,1
conv_07860_label1.mp3,1
conv_10259_label0.mp3,0
conv_20146_label0.mp3,0
conv_01164_label1.mp3,1
conv_19937_label0.mp3,0
conv_05044_label0.mp3,0
conv_05343_label1.mp3,1
conv_11737_label1.mp3,1
conv_16104_label0.mp3,0
conv_17434_label1.mp3,1
conv_10220_label1.mp3,1
conv_05956_label1.mp3,1
conv_14724_label1.mp3,1
conv_04589_label0.mp3,0
conv_18818_label0.mp3,0
conv_21107_label0.mp3,0
conv_01836_label0.mp3,0
conv_20080_label1.mp3,1
conv_19338_label0.mp3,0
conv_01288_label0.mp3,0
conv_16844_label0.mp3,0
conv_15961_label0.mp3,0
conv_01033_label0.mp3,0
conv_13689_label0.mp3,0
conv_00515_label0.mp3,0
conv_21277_label0.mp3,0
conv_04410_label0.mp3,0
conv_09441_label0.mp3,0
conv_00878_label0.mp3,0
conv_20161_label1.mp3,1
conv_12215_label1.mp3,1
conv_00589_label0.mp3,0
conv_02481_label1.mp3,1
conv_14150_label0.mp3,0
conv_02997_label0.mp3,0
conv_02261_label0.mp3,0
conv_07893_label0.mp3,0
conv_09277_label0.mp3,0
conv_08831_label0.mp3,0
conv_04500_label0.mp3,0
conv_15060_label1.mp3,1
conv_18234_label0.mp3,0
conv_16689_label0.mp3,0
conv_19474_label0.mp3,0
conv_18916_label1.mp3,1
conv_08654_label1.mp3,1
conv_20143_label1.mp3,1
conv_12731_label0.mp3,0
conv_16305_label0.mp3,0
conv_13414_label0.mp3,0
conv_18685_label0.mp3,0
conv_10801_label1.mp3,1
conv_10581_label0.mp3,0
conv_14147_label0.mp3,0
conv_16952_label0.mp3,0
conv_13259_label1.mp3,1
conv_20117_label1.mp3,1
conv_02023_label1.mp3,1
conv_06191_label1.mp3,1
conv_11835_label0.mp3,0
conv_10177_label0.mp3,0
conv_04135_label0.mp3,0
conv_00206_label0.mp3,0
conv_21265_label1.mp3,1
conv_03756_label1.mp3,1
conv_05143_label0.mp3,0
conv_19264_label0.mp3,0
conv_10499_label1.mp3,1
conv_20892_label0.mp3,0
conv_19653_label1.mp3,1
conv_13247_label0.mp3,0
conv_08212_label1.mp3,1
conv_02194_label1.mp3,1
conv_13094_label0.mp3,0
conv_19182_label0.mp3,0
conv_14878_label1.mp3,1
conv_03656_label0.mp3,0
conv_14873_label1.mp3,1
conv_12383_label0.mp3,0
conv_19890_label0.mp3,0
conv_13701_label0.mp3,0
conv_06137_label0.mp3,0
conv_04022_label0.mp3,0
conv_03861_label0.mp3,0
conv_11821_label1.mp3,1
conv_03377_label0.mp3,0
conv_10048_label1.mp3,1
conv_12388_label0.mp3,0
conv_19112_label0.mp3,0
conv_10334_label1.mp3,1
conv_16532_label0.mp3,0
conv_15619_label1.mp3,1
conv_06981_label1.mp3,1
conv_17783_label1.mp3,1
conv_02383_label0.mp3,0
conv_09777_label0.mp3,0
conv_02653_label0.mp3,0
conv_11380_label1.mp3,1
conv_00264_label0.mp3,0
conv_10148_label0.mp3,0
conv_15256_label1.mp3,1
conv_07762_label1.mp3,1
conv_18552_label1.mp3,1
conv_13352_label1.mp3,1
conv_21247_label0.mp3,0
conv_13699_label0.mp3,0
conv_01267_label1.mp3,1
conv_01243_label0.mp3,0
conv_13820_label0.mp3,0
conv_19387_label1.mp3,1
conv_03786_label1.mp3,1
conv_16905_label1.mp3,1
conv_06632_label1.mp3,1
conv_10162_label0.mp3,0
conv_20406_label0.mp3,0
conv_20846_label0.mp3,0
conv_16600_label0.mp3,0
conv_03988_label1.mp3,1
conv_18997_label0.mp3,0
conv_13469_label0.mp3,0
conv_20530_label1.mp3,1
conv_09332_label0.mp3,0
conv_14891_label1.mp3,1
conv_11020_label1.mp3,1
conv_16536_label0.mp3,0
conv_06399_label0.mp3,0
conv_19259_label1.mp3,1
conv_12496_label1.mp3,1
conv_14306_label1.mp3,1
conv_01632_label0.mp3,0
conv_08250_label0.mp3,0
conv_06462_label1.mp3,1
conv_03305_label1.mp3,1
conv_04047_label0.mp3,0
conv_14326_label1.mp3,1
conv_10960_label0.mp3,0
conv_01861_label0.mp3,0
conv_05311_label0.mp3,0
conv_03525_label0.mp3,0
conv_12804_label1.mp3,1
conv_01868_label0.mp3,0
conv_21119_label1.mp3,1
conv_17789_label1.mp3,1
conv_15981_label0.mp3,0
conv_02679_label0.mp3,0
conv_07726_label0.mp3,0
conv_03481_label1.mp3,1
conv_02886_label0.mp3,0
conv_13881_label0.mp3,0
conv_15054_label1.mp3,1
conv_07481_label1.mp3,1
conv_03128_label0.mp3,0
conv_12295_label1.mp3,1
conv_15898_label1.mp3,1
conv_07647_label0.mp3,0
conv_02917_label1.mp3,1
conv_06543_label1.mp3,1
conv_15430_label0.mp3,0
conv_07703_label0.mp3,0
conv_10679_label1.mp3,1
conv_10156_label0.mp3,0
conv_07593_label0.mp3,0
conv_01408_label0.mp3,0
conv_08771_label0.mp3,0
conv_10015_label1.mp3,1
conv_01527_label0.mp3,0
conv_03981_label1.mp3,1
conv_17565_label1.mp3,1
conv_15804_label1.mp3,1
conv_13608_label1.mp3,1
conv_07766_label0.mp3,0
conv_17370_label1.mp3,1
conv_15400_label1.mp3,1
conv_05370_label1.mp3,1
conv_18913_label1.mp3,1
conv_14097_label1.mp3,1
conv_09238_label1.mp3,1
conv_14300_label0.mp3,0
conv_06970_label0.mp3,0
conv_04497_label1.mp3,1
conv_01583_label0.mp3,0
conv_20147_label1.mp3,1
conv_11031_label1.mp3,1
conv_03781_label1.mp3,1
conv_10930_label1.mp3,1
conv_01473_label1.mp3,1
conv_07695_label1.mp3,1
conv_08200_label1.mp3,1
conv_18510_label1.mp3,1
conv_19433_label1.mp3,1
conv_15160_label0.mp3,0
conv_17153_label1.mp3,1
conv_02852_label1.mp3,1
conv_07543_label1.mp3,1
conv_07633_label1.mp3,1
conv_19771_label0.mp3,0
conv_12821_label1.mp3,1
conv_16383_label0.mp3,0
conv_04653_label0.mp3,0
conv_01812_label1.mp3,1
conv_10613_label1.mp3,1
conv_20500_label1.mp3,1
conv_05666_label1.mp3,1
conv_16933_label0.mp3,0
conv_13366_label1.mp3,1
conv_07980_label1.mp3,1
conv_17465_label0.mp3,0
conv_13815_label1.mp3,1
conv_10188_label1.mp3,1
conv_08034_label1.mp3,1
conv_03262_label1.mp3,1
conv_17922_label0.mp3,0
conv_11217_label0.mp3,0
conv_07565_label1.mp3,1
conv_09287_label0.mp3,0
conv_04406_label1.mp3,1
conv_07998_label0.mp3,0
conv_10312_label1.mp3,1
conv_11319_label1.mp3,1
conv_11476_label0.mp3,0
conv_15883_label0.mp3,0
conv_12453_label1.mp3,1
conv_18157_label0.mp3,0
conv_14729_label1.mp3,1
conv_13864_label1.mp3,1
conv_10835_label0.mp3,0
conv_11824_label1.mp3,1
conv_05062_label1.mp3,1
conv_08620_label0.mp3,0
conv_10703_label0.mp3,0
conv_13002_label0.mp3,0
conv_03143_label0.mp3,0
conv_01355_label1.mp3,1
conv_08354_label0.mp3,0
conv_20298_label1.mp3,1
conv_12390_label0.mp3,0
conv_15037_label1.mp3,1
conv_13849_label1.mp3,1
conv_20069_label1.mp3,1
conv_15714_label1.mp3,1
conv_18734_label0.mp3,0
conv_16351_label0.mp3,0
conv_19004_label1.mp3,1
conv_08184_label1.mp3,1
conv_12536_label1.mp3,1
conv_14345_label0.mp3,0
conv_03879_label1.mp3,1
conv_12246_label0.mp3,0
conv_02518_label0.mp3,0
conv_00407_label1.mp3,1
conv_04689_label1.mp3,1
conv_13237_label1.mp3,1
conv_05490_label0.mp3,0
conv_18423_label0.mp3,0
conv_21163_label0.mp3,0
conv_08408_label0.mp3,0
conv_03560_label1.mp3,1
conv_07230_label1.mp3,1
conv_20615_label0.mp3,0
conv_17295_label1.mp3,1
conv_15712_label1.mp3,1
conv_16904_label0.mp3,0
conv_17505_label1.mp3,1
conv_21071_label0.mp3,0
conv_17260_label0.mp3,0
conv_18068_label1.mp3,1
conv_06352_label0.mp3,0
conv_15322_label0.mp3,0
conv_13593_label0.mp3,0
conv_03311_label0.mp3,0
conv_18168_label0.mp3,0
conv_08877_label1.mp3,1
conv_16490_label0.mp3,0
conv_14597_label1.mp3,1
conv_04123_label1.mp3,1
conv_08373_label1.mp3,1
conv_03956_label1.mp3,1
conv_19356_label0.mp3,0
conv_01902_label1.mp3,1
conv_05639_label1.mp3,1
conv_15250_label0.mp3,0
conv_06886_label0.mp3,0
conv_17669_label1.mp3,1
conv_08194_label1.mp3,1
conv_01948_label1.mp3,1
conv_09654_label1.mp3,1
conv_12565_label1.mp3,1
conv_12174_label1.mp3,1
conv_19605_label0.mp3,0
conv_13850_label1.mp3,1
conv_20029_label1.mp3,1
conv_09199_label0.mp3,0
conv_09057_label0.mp3,0
conv_20966_label1.mp3,1
conv_10857_label0.mp3,0
conv_10713_label0.mp3,0
conv_05374_label1.mp3,1
conv_00213_label0.mp3,0
conv_07838_label1.mp3,1
conv_06658_label1.mp3,1
conv_11082_label0.mp3,0
conv_20921_label0.mp3,0
conv_08807_label1.mp3,1
conv_16033_label0.mp3,0
conv_15097_label1.mp3,1
conv_10398_label1.mp3,1
conv_03872_label0.mp3,0
conv_16253_label1.mp3,1
conv_20552_label0.mp3,0
conv_21033_label0.mp3,0
conv_12257_label0.mp3,0
conv_08182_label0.mp3,0
conv_06571_label0.mp3,0
conv_07740_label0.mp3,0
conv_07430_label0.mp3,0
conv_11490_label0.mp3,0
conv_08174_label1.mp3,1
conv_18450_label0.mp3,0
conv_01161_label1.mp3,1
conv_14139_label1.mp3,1
conv_19920_label1.mp3,1
conv_13498_label1.mp3,1
conv_00715_label1.mp3,1
conv_19126_label0.mp3,0
conv_18159_label1.mp3,1
conv_19938_label0.mp3,0
conv_17547_label0.mp3,0
conv_16491_label0.mp3,0
conv_11322_label0.mp3,0
conv_11332_label1.mp3,1
conv_06124_label0.mp3,0
conv_12607_label0.mp3,0
conv_05367_label1.mp3,1
conv_04277_label0.mp3,0
conv_13233_label1.mp3,1
conv_08761_label0.mp3,0
conv_03932_label1.mp3,1
conv_02221_label1.mp3,1
conv_16873_label0.mp3,0
conv_03493_label0.mp3,0
conv_01271_label1.mp3,1
conv_08625_label0.mp3,0
conv_11943_label1.mp3,1
conv_06830_label1.mp3,1
conv_09264_label1.mp3,1
conv_02011_label1.mp3,1
conv_16926_label0.mp3,0
conv_04675_label1.mp3,1
conv_12199_label0.mp3,0
conv_11712_label0.mp3,0
conv_09808_label0.mp3,0
conv_20236_label0.mp3,0
conv_04143_label1.mp3,1
conv_11159_label1.mp3,1
conv_18856_label1.mp3,1
conv_10649_label1.mp3,1
conv_13918_label1.mp3,1
conv_16682_label1.mp3,1
conv_01421_label0.mp3,0
conv_18942_label0.mp3,0
conv_20393_label0.mp3,0
conv_15636_label0.mp3,0
conv_18740_label0.mp3,0
conv_07505_label1.mp3,1
conv_20941_label0.mp3,0
conv_12255_label1.mp3,1
conv_06921_label1.mp3,1
conv_17005_label0.mp3,0
conv_10457_label1.mp3,1
conv_07314_label1.mp3,1
conv_01274_label0.mp3,0
conv_06664_label0.mp3,0
conv_11234_label0.mp3,0
conv_15854_label0.mp3,0
conv_10207_label0.mp3,0
conv_20938_label0.mp3,0
conv_08013_label0.mp3,0
conv_02788_label1.mp3,1
conv_05070_label0.mp3,0
conv_17795_label1.mp3,1
conv_12938_label1.mp3,1
conv_11661_label1.mp3,1
conv_00344_label0.mp3,0
conv_17859_label1.mp3,1
conv_14284_label0.mp3,0
conv_20047_label1.mp3,1
conv_03644_label1.mp3,1
conv_07581_label1.mp3,1
conv_09205_label1.mp3,1
conv_12020_label0.mp3,0
conv_13481_label0.mp3,0
conv_17885_label1.mp3,1
conv_03668_label0.mp3,0
conv_20262_label0.mp3,0
conv_03507_label0.mp3,0
conv_21218_label1.mp3,1
conv_14447_label0.mp3,0
conv_12792_label1.mp3,1
conv_02167_label1.mp3,1
conv_02567_label0.mp3,0
conv_12679_label0.mp3,0
conv_18495_label1.mp3,1
conv_15571_label0.mp3,0
conv_06872_label1.mp3,1
conv_20959_label0.mp3,0
conv_16055_label0.mp3,0
conv_12688_label1.mp3,1
conv_14720_label1.mp3,1
conv_00312_label0.mp3,0
conv_09410_label0.mp3,0
conv_07977_label0.mp3,0
conv_02570_label0.mp3,0
conv_07195_label0.mp3,0
conv_11741_label1.mp3,1
conv_09871_label1.mp3,1
conv_06835_label1.mp3,1
conv_18064_label1.mp3,1
conv_07579_label1.mp3,1
conv_05439_label0.mp3,0
conv_21203_label1.mp3,1
conv_13762_label1.mp3,1
conv_17862_label1.mp3,1
conv_04768_label0.mp3,0
conv_11411_label1.mp3,1
conv_05332_label1.mp3,1
conv_12585_label1.mp3,1
conv_12498_label0.mp3,0
conv_12463_label1.mp3,1
conv_15367_label1.mp3,1
conv_01463_label1.mp3,1
conv_12934_label1.mp3,1
conv_05362_label1.mp3,1
conv_08246_label1.mp3,1
conv_18936_label1.mp3,1
conv_17837_label1.mp3,1
conv_03717_label1.mp3,1
conv_01551_label1.mp3,1
conv_15052_label1.mp3,1
conv_10702_label1.mp3,1
conv_16830_label0.mp3,0
conv_06943_label1.mp3,1
conv_05858_label1.mp3,1
conv_17062_label1.mp3,1
conv_19073_label0.mp3,0
conv_10559_label1.mp3,1
conv_05729_label0.mp3,0
conv_16874_label0.mp3,0
conv_11155_label1.mp3,1
conv_07126_label1.mp3,1
conv_05428_label0.mp3,0
conv_00373_label0.mp3,0
conv_04225_label0.mp3,0
conv_11823_label1.mp3,1
conv_04814_label0.mp3,0
conv_10045_label1.mp3,1
conv_12474_label0.mp3,0
conv_07682_label1.mp3,1
conv_05940_label1.mp3,1
conv_00510_label1.mp3,1
conv_04534_label0.mp3,0
conv_17155_label0.mp3,0
conv_07897_label1.mp3,1
conv_04520_label0.mp3,0
conv_14754_label1.mp3,1
conv_10377_label1.mp3,1
conv_18705_label1.mp3,1
conv_13143_label0.mp3,0
conv_18951_label0.mp3,0
conv_11292_label1.mp3,1
conv_18136_label1.mp3,1
conv_07088_label1.mp3,1
conv_04338_label1.mp3,1
conv_00896_label1.mp3,1
conv_19192_label0.mp3,0
conv_08067_label0.mp3,0
conv_00244_label0.mp3,0
conv_05641_label0.mp3,0
conv_07325_label1.mp3,1
conv_16300_label0.mp3,0
conv_20632_label0.mp3,0
conv_03697_label0.mp3,0
conv_16725_label0.mp3,0
conv_17537_label0.mp3,0
conv_04605_label0.mp3,0
conv_14433_label1.mp3,1
conv_07949_label0.mp3,0
conv_02762_label1.mp3,1
conv_09083_label1.mp3,1
conv_07113_label1.mp3,1
conv_02389_label0.mp3,0
conv_20522_label0.mp3,0
conv_17855_label1.mp3,1
conv_14063_label1.mp3,1
conv_15019_label0.mp3,0
conv_11369_label0.mp3,0
conv_19106_label0.mp3,0
conv_04435_label0.mp3,0
conv_14000_label1.mp3,1
conv_08190_label1.mp3,1
conv_11578_label1.mp3,1
conv_06479_label0.mp3,0
conv_11122_label0.mp3,0
conv_18963_label1.mp3,1
conv_05586_label1.mp3,1
conv_01629_label0.mp3,0
conv_12849_label0.mp3,0
conv_19315_label1.mp3,1
conv_01989_label1.mp3,1
conv_08187_label0.mp3,0
conv_10297_label1.mp3,1
conv_18982_label1.mp3,1
conv_15969_label1.mp3,1
conv_03168_label0.mp3,0
conv_08339_label0.mp3,0
conv_00850_label0.mp3,0
conv_18867_label1.mp3,1
conv_13235_label1.mp3,1
conv_10841_label0.mp3,0
conv_08266_label1.mp3,1
conv_18528_label1.mp3,1
conv_10983_label1.mp3,1
conv_08429_label0.mp3,0
conv_12250_label1.mp3,1
conv_18752_label0.mp3,0
conv_07756_label0.mp3,0
conv_17059_label1.mp3,1
conv_02041_label0.mp3,0
conv_20866_label0.mp3,0
conv_17698_label0.mp3,0
conv_07792_label0.mp3,0
conv_02486_label0.mp3,0
conv_14151_label1.mp3,1
conv_11042_label1.mp3,1
conv_14159_label1.mp3,1
conv_20456_label0.mp3,0
conv_04950_label0.mp3,0
conv_03094_label0.mp3,0
conv_19494_label0.mp3,0
conv_07708_label0.mp3,0
conv_09650_label1.mp3,1
conv_16489_label1.mp3,1
conv_03975_label1.mp3,1
conv_20886_label1.mp3,1
conv_19594_label1.mp3,1
conv_14310_label0.mp3,0
conv_13480_label1.mp3,1
conv_17715_label0.mp3,0
conv_02932_label1.mp3,1
conv_14122_label0.mp3,0
conv_08127_label1.mp3,1
conv_02020_label1.mp3,1
conv_19858_label0.mp3,0
conv_00400_label0.mp3,0
conv_10787_label0.mp3,0
conv_05125_label0.mp3,0
conv_01790_label0.mp3,0
conv_10098_label1.mp3,1
conv_06228_label0.mp3,0
conv_14092_label0.mp3,0
conv_11201_label1.mp3,1
conv_07422_label0.mp3,0
conv_04351_label1.mp3,1
conv_20793_label0.mp3,0
conv_07040_label0.mp3,0
conv_14785_label0.mp3,0
conv_15287_label1.mp3,1
conv_09400_label0.mp3,0
conv_04850_label0.mp3,0
conv_16067_label1.mp3,1
conv_15154_label1.mp3,1
conv_04674_label0.mp3,0
conv_11530_label0.mp3,0
conv_05938_label0.mp3,0
conv_02936_label1.mp3,1
conv_13594_label1.mp3,1
conv_01848_label1.mp3,1
conv_03994_label1.mp3,1
conv_03526_label0.mp3,0
conv_19649_label0.mp3,0
conv_06243_label0.mp3,0
conv_08921_label1.mp3,1
conv_13566_label0.mp3,0
conv_07124_label1.mp3,1
conv_08297_label1.mp3,1
conv_15733_label0.mp3,0
conv_14437_label1.mp3,1
conv_20152_label1.mp3,1
conv_10849_label0.mp3,0
conv_05695_label1.mp3,1
conv_14236_label1.mp3,1
conv_01925_label0.mp3,0
conv_17322_label1.mp3,1
conv_17480_label1.mp3,1
conv_15680_label0.mp3,0
conv_03156_label1.mp3,1
conv_02123_label1.mp3,1
conv_00925_label0.mp3,0
conv_11040_label0.mp3,0
conv_14165_label1.mp3,1
conv_07441_label1.mp3,1
conv_16499_label1.mp3,1
conv_00597_label1.mp3,1
conv_03826_label0.mp3,0
conv_01173_label0.mp3,0
conv_07243_label0.mp3,0
conv_13032_label0.mp3,0
conv_17364_label1.mp3,1
conv_11448_label0.mp3,0
conv_17287_label0.mp3,0
conv_08494_label0.mp3,0
conv_12863_label1.mp3,1
conv_11769_label1.mp3,1
conv_08257_label1.mp3,1
conv_14009_label0.mp3,0
conv_08567_label0.mp3,0
conv_19852_label0.mp3,0
conv_21080_label0.mp3,0
conv_20106_label0.mp3,0
conv_02987_label0.mp3,0
conv_17661_label1.mp3,1
conv_04767_label0.mp3,0
conv_00567_label1.mp3,1
conv_14160_label1.mp3,1
conv_11211_label0.mp3,0
conv_18093_label0.mp3,0
conv_13178_label0.mp3,0
conv_16283_label0.mp3,0
conv_15288_label1.mp3,1
conv_07261_label1.mp3,1
conv_19815_label1.mp3,1
conv_13892_label1.mp3,1
conv_06942_label1.mp3,1
conv_17457_label0.mp3,0
conv_14140_label0.mp3,0
conv_16843_label0.mp3,0
conv_16333_label1.mp3,1
conv_14027_label1.mp3,1
conv_07305_label1.mp3,1
conv_09089_label1.mp3,1
conv_00233_label0.mp3,0
conv_02282_label1.mp3,1
conv_12501_label0.mp3,0
conv_01255_label1.mp3,1
conv_04005_label1.mp3,1
conv_07189_label1.mp3,1
conv_08189_label1.mp3,1
conv_18531_label1.mp3,1
conv_05531_label0.mp3,0
conv_20693_label0.mp3,0
conv_01211_label1.mp3,1
conv_15224_label0.mp3,0
conv_04550_label0.mp3,0
conv_13803_label0.mp3,0
conv_12451_label0.mp3,0
conv_11761_label1.mp3,1
conv_14410_label0.mp3,0
conv_12814_label1.mp3,1
conv_21209_label1.mp3,1
conv_02768_label1.mp3,1
conv_20167_label1.mp3,1
conv_02304_label1.mp3,1
conv_18055_label0.mp3,0
conv_07041_label0.mp3,0
conv_10970_label0.mp3,0
conv_18624_label1.mp3,1
conv_06534_label1.mp3,1
conv_10008_label1.mp3,1
conv_07319_label0.mp3,0
conv_17773_label1.mp3,1
conv_15595_label0.mp3,0
conv_11630_label0.mp3,0
conv_05516_label0.mp3,0
conv_04620_label1.mp3,1
conv_18047_label1.mp3,1
conv_06698_label1.mp3,1
conv_05558_label0.mp3,0
conv_00115_label0.mp3,0
conv_14215_label0.mp3,0
conv_00472_label0.mp3,0
conv_13128_label1.mp3,1
conv_14270_label0.mp3,0
conv_07498_label0.mp3,0
conv_18349_label1.mp3,1
conv_07436_label0.mp3,0
conv_13456_label0.mp3,0
conv_02060_label1.mp3,1
conv_19142_label1.mp3,1
conv_18386_label0.mp3,0
conv_20695_label1.mp3,1
conv_06160_label1.mp3,1
conv_16947_label0.mp3,0
conv_01509_label1.mp3,1
conv_13518_label1.mp3,1
conv_17403_label0.mp3,0
conv_04783_label0.mp3,0
conv_10246_label1.mp3,1
conv_01839_label0.mp3,0
conv_06489_label0.mp3,0
conv_18291_label1.mp3,1
conv_12144_label0.mp3,0
conv_04247_label0.mp3,0
conv_09520_label1.mp3,1
conv_19066_label1.mp3,1
conv_00826_label0.mp3,0
conv_17600_label0.mp3,0
conv_02510_label1.mp3,1
conv_20827_label1.mp3,1
conv_12793_label1.mp3,1
conv_12180_label0.mp3,0
conv_09503_label1.mp3,1
conv_02868_label0.mp3,0
conv_06139_label1.mp3,1
conv_12083_label0.mp3,0
conv_10836_label1.mp3,1
conv_20762_label1.mp3,1
conv_05602_label0.mp3,0
conv_06155_label0.mp3,0
conv_11329_label1.mp3,1
conv_05476_label1.mp3,1
conv_11384_label0.mp3,0
conv_20128_label1.mp3,1
conv_18119_label0.mp3,0
conv_20209_label0.mp3,0
conv_17378_label1.mp3,1
conv_11434_label0.mp3,0
conv_16567_label1.mp3,1
conv_09384_label1.mp3,1
conv_07874_label0.mp3,0
conv_20619_label1.mp3,1
conv_17477_label1.mp3,1
conv_09752_label1.mp3,1
conv_04310_label0.mp3,0
conv_03353_label1.mp3,1
conv_12261_label1.mp3,1
conv_04610_label0.mp3,0
conv_17561_label1.mp3,1
conv_18360_label1.mp3,1
conv_10909_label1.mp3,1
conv_19241_label0.mp3,0
conv_15813_label1.mp3,1
conv_01456_label0.mp3,0
conv_19633_label0.mp3,0
conv_05009_label0.mp3,0
conv_07036_label1.mp3,1
conv_02223_label1.mp3,1
conv_12824_label0.mp3,0
conv_00200_label0.mp3,0
conv_16219_label1.mp3,1
conv_19169_label1.mp3,1
conv_14658_label1.mp3,1
conv_19363_label1.mp3,1
conv_08323_label1.mp3,1
conv_10859_label1.mp3,1
conv_09434_label1.mp3,1
conv_19437_label0.mp3,0
conv_14040_label0.mp3,0
conv_11045_label1.mp3,1
conv_02004_label1.mp3,1
conv_10593_label0.mp3,0
conv_11261_label1.mp3,1
conv_14689_label1.mp3,1
conv_17423_label0.mp3,0
conv_17119_label1.mp3,1
conv_20250_label1.mp3,1
conv_01946_label0.mp3,0
conv_15031_label1.mp3,1
conv_07741_label0.mp3,0
conv_13394_label0.mp3,0
conv_01503_label1.mp3,1
conv_00151_label0.mp3,0
conv_09744_label0.mp3,0
conv_09052_label0.mp3,0
conv_05518_label1.mp3,1
conv_07916_label0.mp3,0
conv_06794_label1.mp3,1
conv_11190_label0.mp3,0
conv_03536_label1.mp3,1
conv_04686_label1.mp3,1
conv_18421_label0.mp3,0
conv_08319_label1.mp3,1
conv_08508_label0.mp3,0
conv_09886_label1.mp3,1
conv_16917_label0.mp3,0
conv_19758_label0.mp3,0
conv_05088_label0.mp3,0
conv_13861_label1.mp3,1
conv_20336_label1.mp3,1
conv_13446_label0.mp3,0
conv_10778_label0.mp3,0
conv_20953_label0.mp3,0
conv_18959_label0.mp3,0
conv_13014_label0.mp3,0
conv_17444_label1.mp3,1
conv_02137_label1.mp3,1
conv_00581_label0.mp3,0
conv_02870_label1.mp3,1
conv_19586_label0.mp3,0
conv_04446_label1.mp3,1
conv_01706_label0.mp3,0
conv_02248_label1.mp3,1
conv_11942_label0.mp3,0
conv_20964_label0.mp3,0
conv_03341_label1.mp3,1
conv_06694_label1.mp3,1
conv_10676_label1.mp3,1
conv_06486_label0.mp3,0
conv_06446_label0.mp3,0
conv_12754_label0.mp3,0
conv_19477_label0.mp3,0
conv_18983_label0.mp3,0
conv_09985_label1.mp3,1
conv_07830_label0.mp3,0
conv_15823_label1.mp3,1
conv_00928_label1.mp3,1
conv_16224_label0.mp3,0
conv_11796_label0.mp3,0
conv_10599_label1.mp3,1
conv_02505_label0.mp3,0
conv_02644_label1.mp3,1
conv_10391_label0.mp3,0
conv_06985_label1.mp3,1
conv_15086_label1.mp3,1
conv_11168_label1.mp3,1
conv_21058_label0.mp3,0
conv_11985_label1.mp3,1
conv_03179_label1.mp3,1
conv_04194_label0.mp3,0
conv_20061_label0.mp3,0
conv_19215_label0.mp3,0
conv_00720_label1.mp3,1
conv_16921_label1.mp3,1
conv_13525_label0.mp3,0
conv_17960_label0.mp3,0
conv_14669_label1.mp3,1
conv_11562_label1.mp3,1
conv_00110_label1.mp3,1
conv_11923_label0.mp3,0
conv_12151_label0.mp3,0
conv_06392_label1.mp3,1
conv_08720_label1.mp3,1
conv_11794_label0.mp3,0
conv_12715_label1.mp3,1
conv_19365_label0.mp3,0
conv_04974_label0.mp3,0
conv_02942_label1.mp3,1
conv_05472_label0.mp3,0
conv_10296_label0.mp3,0
conv_08650_label1.mp3,1
conv_20312_label0.mp3,0
conv_16613_label0.mp3,0
conv_10254_label1.mp3,1
conv_06149_label1.mp3,1
conv_10413_label1.mp3,1
conv_14838_label0.mp3,0
conv_07525_label1.mp3,1
conv_16458_label1.mp3,1
conv_14984_label1.mp3,1
conv_17107_label0.mp3,0
conv_03631_label1.mp3,1
conv_13095_label0.mp3,0
conv_05721_label1.mp3,1
conv_05894_label0.mp3,0
conv_07007_label0.mp3,0
conv_04749_label1.mp3,1
conv_20924_label0.mp3,0
conv_06836_label1.mp3,1
conv_00522_label1.mp3,1
conv_05617_label0.mp3,0
conv_07191_label0.mp3,0
conv_11637_label0.mp3,0
conv_11559_label1.mp3,1
conv_09065_label1.mp3,1
conv_05165_label1.mp3,1
conv_19782_label0.mp3,0
conv_04105_label1.mp3,1
conv_19039_label1.mp3,1
conv_20150_label1.mp3,1
conv_18821_label1.mp3,1
conv_08549_label1.mp3,1
conv_16678_label0.mp3,0
conv_08684_label0.mp3,0
conv_10234_label0.mp3,0
conv_16264_label0.mp3,0
conv_04552_label1.mp3,1
conv_00677_label1.mp3,1
conv_17274_label1.mp3,1
conv_06432_label0.mp3,0
conv_20203_label1.mp3,1
conv_05327_label1.mp3,1
conv_06767_label1.mp3,1
conv_18927_label0.mp3,0
conv_19133_label0.mp3,0
conv_05921_label0.mp3,0
conv_11050_label0.mp3,0
conv_20280_label1.mp3,1
conv_14245_label1.mp3,1
conv_19922_label0.mp3,0
conv_07474_label1.mp3,1
conv_05504_label0.mp3,0
conv_14603_label1.mp3,1
conv_20501_label0.mp3,0
conv_02837_label1.mp3,1
conv_09273_label0.mp3,0
conv_05981_label0.mp3,0
conv_06103_label1.mp3,1
conv_12649_label0.mp3,0
conv_02432_label0.mp3,0
conv_16531_label0.mp3,0
conv_12967_label1.mp3,1
conv_07530_label0.mp3,0
conv_10039_label0.mp3,0
conv_16254_label0.mp3,0
conv_01601_label0.mp3,0
conv_03520_label1.mp3,1
conv_10781_label0.mp3,0
conv_02771_label1.mp3,1
conv_16342_label1.mp3,1
conv_20841_label0.mp3,0
conv_13636_label0.mp3,0
conv_19944_label1.mp3,1
conv_08488_label1.mp3,1
conv_00281_label1.mp3,1
conv_10675_label1.mp3,1
conv_02832_label1.mp3,1
conv_13866_label1.mp3,1
conv_10445_label1.mp3,1
conv_05451_label0.mp3,0
conv_03265_label1.mp3,1
conv_18683_label1.mp3,1
conv_10934_label0.mp3,0
conv_16336_label0.mp3,0
conv_20543_label0.mp3,0
conv_19775_label1.mp3,1
conv_19393_label0.mp3,0
conv_08562_label1.mp3,1
conv_05197_label1.mp3,1
conv_16284_label0.mp3,0
conv_02940_label0.mp3,0
conv_07350_label1.mp3,1
conv_02182_label1.mp3,1
conv_10288_label1.mp3,1
conv_20647_label1.mp3,1
conv_12172_label1.mp3,1
conv_06454_label0.mp3,0
conv_05014_label1.mp3,1
conv_17983_label1.mp3,1
conv_00933_label0.mp3,0
conv_18824_label1.mp3,1
conv_03154_label0.mp3,0
conv_17589_label1.mp3,1
conv_04928_label1.mp3,1
conv_03686_label1.mp3,1
conv_15372_label1.mp3,1
conv_07394_label0.mp3,0
conv_06535_label0.mp3,0
conv_04649_label0.mp3,0
conv_06316_label0.mp3,0
conv_19981_label0.mp3,0
conv_19714_label1.mp3,1
conv_16463_label0.mp3,0
conv_01540_label1.mp3,1
conv_06739_label0.mp3,0
conv_17999_label1.mp3,1
conv_10494_label1.mp3,1
conv_02317_label1.mp3,1
conv_05112_label0.mp3,0
conv_03187_label1.mp3,1
conv_01825_label1.mp3,1
conv_03878_label1.mp3,1
conv_17267_label1.mp3,1
conv_04301_label0.mp3,0
conv_20002_label1.mp3,1
conv_15173_label0.mp3,0
conv_15091_label0.mp3,0
conv_02536_label0.mp3,0
conv_04943_label1.mp3,1
conv_00562_label0.mp3,0
conv_09769_label0.mp3,0
conv_18747_label1.mp3,1
conv_17315_label1.mp3,1
conv_16401_label0.mp3,0
conv_11092_label1.mp3,1
conv_05122_label1.mp3,1
conv_03796_label1.mp3,1
conv_10877_label0.mp3,0
conv_16681_label1.mp3,1
conv_09034_label0.mp3,0
conv_15932_label1.mp3,1
conv_15725_label1.mp3,1
conv_06615_label1.mp3,1
conv_03597_label0.mp3,0
conv_03439_label0.mp3,0
conv_10809_label1.mp3,1
conv_01287_label1.mp3,1
conv_02995_label0.mp3,0
conv_08889_label1.mp3,1
conv_06937_label0.mp3,0
conv_01530_label0.mp3,0
conv_09558_label0.mp3,0
conv_08714_label0.mp3,0
conv_04058_label1.mp3,1
conv_00107_label0.mp3,0
conv_12847_label0.mp3,0
conv_06415_label1.mp3,1
conv_14422_label0.mp3,0
conv_10446_label0.mp3,0
conv_07361_label1.mp3,1
conv_07735_label1.mp3,1
conv_17380_label1.mp3,1
conv_16858_label1.mp3,1
conv_14015_label1.mp3,1
conv_03105_label1.mp3,1
conv_05093_label0.mp3,0
conv_07190_label1.mp3,1
conv_11043_label0.mp3,0
conv_18012_label0.mp3,0
conv_10410_label1.mp3,1
conv_13213_label0.mp3,0
conv_10953_label0.mp3,0
conv_15711_label1.mp3,1
conv_16457_label1.mp3,1
conv_20648_label1.mp3,1
conv_13117_label1.mp3,1
conv_03463_label1.mp3,1
conv_17777_label1.mp3,1
conv_11713_label0.mp3,0
conv_04959_label0.mp3,0
conv_19599_label1.mp3,1
conv_20471_label0.mp3,0
conv_10439_label0.mp3,0
conv_13147_label0.mp3,0
conv_01505_label0.mp3,0
conv_14091_label0.mp3,0
conv_12178_label0.mp3,0
conv_00438_label1.mp3,1
conv_06176_label0.mp3,0
conv_06213_label0.mp3,0
conv_01172_label1.mp3,1
conv_19532_label1.mp3,1
conv_16170_label1.mp3,1
conv_10071_label1.mp3,1
conv_03460_label0.mp3,0
conv_00252_label1.mp3,1
conv_10969_label1.mp3,1
conv_13240_label0.mp3,0
conv_03534_label1.mp3,1
conv_04709_label1.mp3,1
conv_13773_label0.mp3,0
conv_14199_label0.mp3,0
conv_21343_label0.mp3,0
conv_01444_label1.mp3,1
conv_01073_label0.mp3,0
conv_13632_label1.mp3,1
conv_21205_label0.mp3,0
conv_03794_label0.mp3,0
conv_05522_label0.mp3,0
conv_19894_label1.mp3,1
conv_19951_label1.mp3,1
conv_16430_label0.mp3,0
conv_08522_label1.mp3,1
conv_19752_label0.mp3,0
conv_07737_label0.mp3,0
conv_05037_label0.mp3,0
conv_08131_label1.mp3,1
conv_13991_label1.mp3,1
conv_13325_label0.mp3,0
conv_04166_label0.mp3,0
conv_00328_label0.mp3,0
conv_19446_label1.mp3,1
conv_16469_label1.mp3,1
conv_04039_label0.mp3,0
conv_11554_label0.mp3,0
conv_12008_label0.mp3,0
conv_09010_label1.mp3,1
conv_07773_label1.mp3,1
conv_00996_label1.mp3,1
conv_12826_label1.mp3,1
conv_12845_label0.mp3,0
conv_10700_label1.mp3,1
conv_05227_label1.mp3,1
conv_11206_label1.mp3,1
conv_11079_label1.mp3,1
conv_08640_label1.mp3,1
conv_06509_label1.mp3,1
conv_15442_label0.mp3,0
conv_17120_label1.mp3,1
conv_08683_label1.mp3,1
conv_17202_label0.mp3,0
conv_04603_label0.mp3,0
conv_15950_label1.mp3,1
conv_04395_label1.mp3,1
conv_09728_label1.mp3,1
conv_08747_label1.mp3,1
conv_07234_label0.mp3,0
conv_06687_label0.mp3,0
conv_05284_label1.mp3,1
conv_01497_label1.mp3,1
conv_04174_label0.mp3,0
conv_20448_label1.mp3,1
conv_16114_label1.mp3,1
conv_19526_label0.mp3,0
conv_00727_label0.mp3,0
conv_21108_label1.mp3,1
conv_02977_label0.mp3,0
conv_06375_label0.mp3,0
conv_20798_label0.mp3,0
conv_07611_label1.mp3,1
conv_12609_label0.mp3,0
conv_04467_label1.mp3,1
conv_11897_label1.mp3,1
conv_19150_label0.mp3,0
conv_16330_label1.mp3,1
conv_15376_label1.mp3,1
conv_15239_label0.mp3,0
conv_16643_label0.mp3,0
conv_00773_label1.mp3,1
conv_01495_label0.mp3,0
conv_00446_label0.mp3,0
conv_10443_label0.mp3,0
conv_20231_label0.mp3,0
conv_00134_label1.mp3,1
conv_06389_label1.mp3,1
conv_17808_label0.mp3,0
conv_16545_label0.mp3,0
conv_10065_label1.mp3,1
conv_11235_label0.mp3,0
conv_12131_label0.mp3,0
conv_13963_label1.mp3,1
conv_11498_label0.mp3,0
conv_03333_label1.mp3,1
conv_10826_label1.mp3,1
conv_11848_label1.mp3,1
conv_08815_label1.mp3,1
conv_11876_label0.mp3,0
conv_06194_label0.mp3,0
conv_06678_label1.mp3,1
conv_02685_label0.mp3,0
conv_18998_label0.mp3,0
conv_09216_label0.mp3,0
conv_00108_label1.mp3,1
conv_04360_label0.mp3,0
conv_11172_label1.mp3,1
conv_03511_label0.mp3,0
conv_12699_label1.mp3,1
conv_10822_label0.mp3,0
conv_00879_label0.mp3,0
conv_07502_label1.mp3,1
conv_18808_label0.mp3,0
conv_20381_label1.mp3,1
conv_12448_label0.mp3,0
conv_08509_label1.mp3,1
conv_20678_label0.mp3,0
conv_08310_label0.mp3,0
conv_19733_label1.mp3,1
conv_20831_label1.mp3,1
conv_05871_label0.mp3,0
conv_08072_label1.mp3,1
conv_20664_label1.mp3,1
conv_04621_label0.mp3,0
conv_10620_label1.mp3,1
conv_17703_label1.mp3,1
conv_03913_label0.mp3,0
conv_05736_label1.mp3,1
conv_14507_label1.mp3,1
conv_09097_label0.mp3,0
conv_15573_label0.mp3,0
conv_14945_label1.mp3,1
conv_15148_label1.mp3,1
conv_14594_label1.mp3,1
conv_13550_label0.mp3,0
conv_04771_label1.mp3,1
conv_01704_label1.mp3,1
conv_11679_label0.mp3,0
conv_03718_label1.mp3,1
conv_08305_label0.mp3,0
conv_00376_label1.mp3,1
conv_00854_label1.mp3,1
conv_15945_label1.mp3,1
conv_19622_label1.mp3,1
conv_05798_label1.mp3,1
conv_11037_label1.mp3,1
conv_02101_label1.mp3,1
conv_12063_label1.mp3,1
conv_12482_label0.mp3,0
conv_18044_label1.mp3,1
conv_17139_label0.mp3,0
conv_05282_label1.mp3,1
conv_11014_label0.mp3,0
conv_03769_label1.mp3,1
conv_10487_label1.mp3,1
conv_20317_label1.mp3,1
conv_04708_label1.mp3,1
conv_14952_label0.mp3,0
conv_07099_label0.mp3,0
conv_02747_label0.mp3,0
conv_14243_label1.mp3,1
conv_17073_label1.mp3,1
conv_10619_label0.mp3,0
conv_20315_label0.mp3,0
conv_00789_label0.mp3,0
conv_19403_label1.mp3,1
conv_11702_label1.mp3,1
conv_16946_label0.mp3,0
conv_01032_label0.mp3,0
conv_18622_label0.mp3,0
conv_10582_label0.mp3,0
conv_16771_label0.mp3,0
conv_10432_label0.mp3,0
conv_12389_label1.mp3,1
conv_09157_label1.mp3,1
conv_19819_label0.mp3,0
conv_07898_label0.mp3,0
conv_11990_label0.mp3,0
conv_19317_label1.mp3,1
conv_13853_label1.mp3,1
conv_17899_label1.mp3,1
conv_14107_label0.mp3,0
conv_11360_label0.mp3,0
conv_21204_label1.mp3,1
conv_20878_label0.mp3,0
conv_20142_label0.mp3,0
conv_10168_label1.mp3,1
conv_16586_label1.mp3,1
conv_11988_label1.mp3,1
conv_13899_label1.mp3,1
conv_06722_label0.mp3,0
conv_05348_label0.mp3,0
conv_01423_label1.mp3,1
conv_15449_label1.mp3,1
conv_09147_label1.mp3,1
conv_01517_label0.mp3,0
conv_08885_label0.mp3,0
conv_13329_label0.mp3,0
conv_14615_label0.mp3,0
conv_14991_label1.mp3,1
conv_02522_label1.mp3,1
conv_17291_label0.mp3,0
conv_06283_label1.mp3,1
conv_16272_label0.mp3,0
conv_10146_label1.mp3,1
conv_21072_label0.mp3,0
conv_09512_label1.mp3,1
conv_02581_label0.mp3,0
conv_16840_label0.mp3,0
conv_04256_label0.mp3,0
conv_21341_label1.mp3,1
conv_14723_label1.mp3,1
conv_10433_label0.mp3,0
conv_08161_label0.mp3,0
conv_11194_label1.mp3,1
conv_06738_label1.mp3,1
conv_00172_label0.mp3,0
conv_20421_label1.mp3,1
conv_14765_label1.mp3,1
conv_06390_label1.mp3,1
conv_05135_label1.mp3,1
conv_18627_label0.mp3,0
conv_03121_label0.mp3,0
conv_17917_label0.mp3,0
conv_18001_label1.mp3,1
conv_17668_label1.mp3,1
conv_17643_label0.mp3,0
conv_02067_label0.mp3,0
conv_14919_label1.mp3,1
conv_14872_label0.mp3,0
conv_15841_label0.mp3,0
conv_02230_label1.mp3,1
conv_10621_label0.mp3,0
conv_14351_label1.mp3,1
conv_13906_label0.mp3,0
conv_05603_label0.mp3,0
conv_13066_label1.mp3,1
conv_04971_label1.mp3,1
conv_20148_label0.mp3,0
conv_05040_label0.mp3,0
conv_12366_label0.mp3,0
conv_05243_label0.mp3,0
conv_04131_label0.mp3,0
conv_21040_label1.mp3,1
conv_19368_label1.mp3,1
conv_11138_label1.mp3,1
conv_01687_label1.mp3,1
conv_08290_label1.mp3,1
conv_18164_label1.mp3,1
conv_14994_label0.mp3,0
conv_18031_label1.mp3,1
conv_17209_label0.mp3,0
conv_14089_label1.mp3,1
conv_08448_label1.mp3,1
conv_15775_label0.mp3,0
conv_12467_label1.mp3,1
conv_15570_label0.mp3,0
conv_20529_label1.mp3,1
conv_19805_label1.mp3,1
conv_16127_label1.mp3,1
conv_18628_label1.mp3,1
conv_12901_label0.mp3,0
conv_19881_label0.mp3,0
conv_07782_label1.mp3,1
conv_00875_label1.mp3,1
conv_14065_label1.mp3,1
conv_01278_label0.mp3,0
conv_03949_label1.mp3,1
conv_00829_label1.mp3,1
conv_14925_label0.mp3,0
conv_01263_label0.mp3,0
conv_03797_label0.mp3,0
conv_09999_label1.mp3,1
conv_08412_label0.mp3,0
conv_01856_label1.mp3,1
conv_02437_label0.mp3,0
conv_19765_label0.mp3,0
conv_16222_label1.mp3,1
conv_16066_label1.mp3,1
conv_09286_label1.mp3,1
conv_02489_label0.mp3,0
conv_09949_label1.mp3,1
conv_04458_label0.mp3,0
conv_01139_label1.mp3,1
conv_15134_label0.mp3,0
conv_18327_label0.mp3,0
conv_19914_label0.mp3,0
conv_14964_label1.mp3,1
conv_18782_label1.mp3,1
conv_02225_label0.mp3,0
conv_04724_label0.mp3,0
conv_12275_label0.mp3,0
conv_15321_label1.mp3,1
conv_19851_label1.mp3,1
conv_00660_label0.mp3,0
conv_09627_label1.mp3,1
conv_07989_label0.mp3,0
conv_11200_label0.mp3,0
conv_11728_label0.mp3,0
conv_00166_label1.mp3,1
conv_07979_label0.mp3,0
conv_15754_label1.mp3,1
conv_03504_label1.mp3,1
conv_17932_label0.mp3,0
conv_03134_label1.mp3,1
conv_06769_label1.mp3,1
conv_05337_label1.mp3,1
conv_04929_label0.mp3,0
conv_03450_label1.mp3,1
conv_11281_label1.mp3,1
conv_05663_label0.mp3,0
conv_08593_label1.mp3,1
conv_08634_label1.mp3,1
conv_13309_label0.mp3,0
conv_20357_label1.mp3,1
conv_11748_label1.mp3,1
conv_08273_label1.mp3,1
conv_04178_label1.mp3,1
conv_09243_label0.mp3,0
conv_04054_label0.mp3,0
conv_20140_label0.mp3,0
conv_13185_label1.mp3,1
conv_08157_label0.mp3,0
conv_08136_label1.mp3,1
conv_16233_label1.mp3,1
conv_01681_label1.mp3,1
conv_08778_label0.mp3,0
conv_07859_label0.mp3,0
conv_19736_label0.mp3,0
conv_10678_label1.mp3,1
conv_18260_label1.mp3,1
conv_04764_label0.mp3,0
conv_02164_label0.mp3,0
conv_00141_label1.mp3,1
conv_07972_label1.mp3,1
conv_10843_label1.mp3,1
conv_01447_label1.mp3,1
conv_14806_label0.mp3,0
conv_04832_label1.mp3,1
conv_00525_label0.mp3,0
conv_02061_label1.mp3,1
conv_19610_label1.mp3,1
conv_17197_label0.mp3,0
conv_05222_label0.mp3,0
conv_02632_label0.mp3,0
conv_04393_label1.mp3,1
conv_10273_label1.mp3,1
conv_03489_label1.mp3,1
conv_05346_label0.mp3,0
conv_17602_label0.mp3,0
conv_17756_label0.mp3,0
conv_17536_label1.mp3,1
conv_15648_label1.mp3,1
conv_12470_label0.mp3,0
conv_06796_label1.mp3,1
conv_01745_label0.mp3,0
conv_16665_label1.mp3,1
conv_17042_label0.mp3,0
conv_12766_label0.mp3,0
conv_15096_label0.mp3,0
conv_10119_label0.mp3,0
conv_15083_label0.mp3,0
conv_08912_label0.mp3,0
conv_19337_label1.mp3,1
conv_03620_label0.mp3,0
conv_05552_label1.mp3,1
conv_02874_label1.mp3,1
conv_09729_label1.mp3,1
conv_09440_label1.mp3,1
conv_07297_label0.mp3,0
conv_04177_label0.mp3,0
conv_04847_label1.mp3,1
conv_21180_label0.mp3,0
conv_07523_label0.mp3,0
conv_14442_label1.mp3,1
conv_03538_label1.mp3,1
conv_13079_label1.mp3,1
conv_14934_label1.mp3,1
conv_20352_label0.mp3,0
conv_02097_label1.mp3,1
conv_04585_label0.mp3,0
conv_08324_label1.mp3,1
conv_16453_label0.mp3,0
conv_00821_label0.mp3,0
conv_01739_label1.mp3,1
conv_05249_label1.mp3,1
conv_01907_label0.mp3,0
conv_12357_label0.mp3,0
conv_05682_label0.mp3,0
conv_20467_label0.mp3,0
conv_03518_label1.mp3,1
conv_17082_label1.mp3,1
conv_02634_label1.mp3,1
conv_08185_label1.mp3,1
conv_16334_label0.mp3,0
conv_04468_label0.mp3,0
conv_15738_label0.mp3,0
conv_19414_label0.mp3,0
conv_20838_label0.mp3,0
conv_09913_label1.mp3,1
conv_07409_label0.mp3,0
conv_05848_label1.mp3,1
conv_05363_label1.mp3,1
conv_03100_label1.mp3,1
conv_16377_label1.mp3,1
conv_08000_label0.mp3,0
conv_02334_label0.mp3,0
conv_08101_label0.mp3,0
conv_01504_label0.mp3,0
conv_18271_label0.mp3,0
conv_15312_label1.mp3,1
conv_05394_label1.mp3,1
conv_01087_label0.mp3,0
conv_14709_label1.mp3,1
conv_16349_label1.mp3,1
conv_14220_label1.mp3,1
conv_00129_label0.mp3,0
conv_11471_label0.mp3,0
conv_05046_label0.mp3,0
conv_00424_label1.mp3,1
conv_05381_label1.mp3,1
conv_18393_label1.mp3,1
conv_05574_label1.mp3,1
conv_11416_label1.mp3,1
conv_20171_label0.mp3,0
conv_06881_label0.mp3,0
conv_02937_label1.mp3,1
conv_07154_label1.mp3,1
conv_10746_label1.mp3,1
conv_06475_label1.mp3,1
conv_19945_label1.mp3,1
conv_18073_label0.mp3,0
conv_20335_label0.mp3,0
conv_19026_label1.mp3,1
conv_07229_label1.mp3,1
conv_01785_label0.mp3,0
conv_07840_label0.mp3,0
conv_03822_label1.mp3,1
conv_02149_label1.mp3,1
conv_20702_label0.mp3,0
conv_17814_label1.mp3,1
conv_16455_label1.mp3,1
conv_08162_label1.mp3,1
conv_09605_label0.mp3,0
conv_01101_label1.mp3,1
conv_06892_label0.mp3,0
conv_10991_label1.mp3,1
conv_20252_label1.mp3,1
conv_07339_label0.mp3,0
conv_02205_label0.mp3,0
conv_19097_label1.mp3,1
conv_14921_label1.mp3,1
conv_00160_label0.mp3,0
conv_10386_label1.mp3,1
conv_10714_label0.mp3,0
conv_20895_label1.mp3,1
conv_14651_label1.mp3,1
conv_15308_label0.mp3,0
conv_18988_label1.mp3,1
conv_16593_label0.mp3,0
conv_08106_label0.mp3,0
conv_08890_label1.mp3,1
conv_12877_label1.mp3,1
conv_09406_label1.mp3,1
conv_07011_label1.mp3,1
conv_18742_label0.mp3,0
conv_04033_label0.mp3,0
conv_16944_label0.mp3,0
conv_17206_label0.mp3,0
conv_02487_label0.mp3,0
conv_12101_label0.mp3,0
conv_06565_label1.mp3,1
conv_07683_label0.mp3,0
conv_19093_label0.mp3,0
conv_15672_label0.mp3,0
conv_10238_label1.mp3,1
conv_04048_label1.mp3,1
conv_17632_label0.mp3,0
conv_15509_label0.mp3,0
conv_08774_label1.mp3,1
conv_02421_label1.mp3,1
conv_03339_label1.mp3,1
conv_09657_label1.mp3,1
conv_15826_label1.mp3,1
conv_12712_label0.mp3,0
conv_21017_label1.mp3,1
conv_04118_label0.mp3,0
conv_00746_label1.mp3,1
conv_11969_label0.mp3,0
conv_15133_label0.mp3,0
conv_07198_label1.mp3,1
conv_12697_label0.mp3,0
conv_14569_label0.mp3,0
conv_11795_label1.mp3,1
conv_04373_label1.mp3,1
conv_05012_label1.mp3,1
conv_18214_label0.mp3,0
conv_21096_label0.mp3,0
conv_10173_label0.mp3,0
conv_10300_label0.mp3,0
conv_08769_label1.mp3,1
conv_09292_label1.mp3,1
conv_19016_label0.mp3,0
conv_17346_label1.mp3,1
conv_05287_label1.mp3,1
conv_01709_label1.mp3,1
conv_08023_label0.mp3,0
conv_13709_label1.mp3,1
conv_19330_label0.mp3,0
conv_21013_label0.mp3,0
conv_15537_label0.mp3,0
conv_12513_label0.mp3,0
conv_17060_label0.mp3,0
conv_10773_label1.mp3,1
conv_14769_label0.mp3,0
conv_08356_label0.mp3,0
conv_19538_label0.mp3,0
conv_17995_label1.mp3,1
conv_18023_label0.mp3,0
conv_02038_label0.mp3,0
conv_11518_label1.mp3,1
conv_09473_label1.mp3,1
conv_17710_label0.mp3,0
conv_09790_label1.mp3,1
conv_00397_label1.mp3,1
conv_04368_label0.mp3,0
conv_03189_label1.mp3,1
conv_18637_label0.mp3,0
conv_03891_label1.mp3,1
conv_19447_label1.mp3,1
conv_07082_label0.mp3,0
conv_12779_label0.mp3,0
conv_04583_label1.mp3,1
conv_11808_label1.mp3,1
conv_14273_label0.mp3,0
conv_18208_label0.mp3,0
conv_19923_label0.mp3,0
conv_19543_label1.mp3,1
conv_13623_label0.mp3,0
conv_04688_label1.mp3,1
conv_20894_label0.mp3,0
conv_09519_label0.mp3,0
conv_17850_label0.mp3,0
conv_20423_label1.mp3,1
conv_00721_label1.mp3,1
conv_18034_label0.mp3,0
conv_12122_label0.mp3,0
conv_04790_label0.mp3,0
conv_14798_label1.mp3,1
conv_14382_label1.mp3,1
conv_17023_label1.mp3,1
conv_08021_label0.mp3,0
conv_16100_label1.mp3,1
conv_21172_label1.mp3,1
conv_00822_label1.mp3,1
conv_19957_label0.mp3,0
conv_18368_label1.mp3,1
conv_05434_label1.mp3,1
conv_08093_label0.mp3,0
conv_11147_label1.mp3,1
conv_00869_label1.mp3,1
conv_04563_label1.mp3,1
conv_19589_label1.mp3,1
conv_20907_label0.mp3,0
conv_18176_label0.mp3,0
conv_03053_label1.mp3,1
conv_17886_label0.mp3,0
conv_15360_label1.mp3,1
conv_07467_label0.mp3,0
conv_20539_label0.mp3,0
conv_07617_label0.mp3,0
conv_13404_label1.mp3,1
conv_00638_label1.mp3,1
conv_01971_label1.mp3,1
conv_00408_label1.mp3,1
conv_05964_label0.mp3,0
conv_20279_label1.mp3,1
conv_05646_label1.mp3,1
conv_17258_label1.mp3,1
conv_14219_label1.mp3,1
conv_06915_label1.mp3,1
conv_06877_label0.mp3,0
conv_18216_label1.mp3,1
conv_21331_label0.mp3,0
conv_02558_label0.mp3,0
conv_21271_label0.mp3,0
conv_10674_label1.mp3,1
conv_15165_label1.mp3,1
conv_19855_label0.mp3,0
conv_20799_label1.mp3,1
conv_05038_label1.mp3,1
conv_12613_label1.mp3,1
conv_13570_label0.mp3,0
conv_10893_label0.mp3,0
conv_00455_label1.mp3,1
conv_12560_label1.mp3,1
conv_15683_label1.mp3,1
conv_07795_label1.mp3,1
conv_08957_label1.mp3,1
conv_11711_label0.mp3,0
conv_03509_label1.mp3,1
conv_18256_label0.mp3,0
conv_09560_label0.mp3,0
conv_07774_label0.mp3,0
conv_04021_label0.mp3,0
conv_18328_label1.mp3,1
conv_08658_label1.mp3,1
conv_03028_label1.mp3,1
conv_01018_label1.mp3,1
conv_01712_label1.mp3,1
conv_04733_label1.mp3,1
conv_01753_label1.mp3,1
conv_08122_label1.mp3,1
conv_00383_label1.mp3,1
conv_15558_label0.mp3,0
conv_00543_label0.mp3,0
conv_02028_label0.mp3,0
conv_09550_label0.mp3,0
conv_01095_label0.mp3,0
conv_11087_label0.mp3,0
conv_02068_label1.mp3,1
conv_05945_label1.mp3,1
conv_16151_label0.mp3,0
conv_06445_label0.mp3,0
conv_13643_label0.mp3,0
conv_18511_label1.mp3,1
conv_01607_label1.mp3,1
conv_14633_label1.mp3,1
conv_05250_label0.mp3,0
conv_12340_label0.mp3,0
conv_03367_label1.mp3,1
conv_19299_label1.mp3,1
conv_13921_label1.mp3,1
conv_02262_label0.mp3,0
conv_05307_label0.mp3,0
conv_13261_label1.mp3,1
conv_10576_label0.mp3,0
conv_15220_label1.mp3,1
conv_17018_label1.mp3,1
conv_03170_label0.mp3,0
conv_09397_label0.mp3,0
conv_03546_label0.mp3,0
conv_15859_label1.mp3,1
conv_08649_label1.mp3,1
conv_11331_label0.mp3,0
conv_17666_label1.mp3,1
conv_11775_label0.mp3,0
conv_00555_label0.mp3,0
conv_09659_label1.mp3,1
conv_13098_label0.mp3,0
conv_14760_label1.mp3,1
conv_20515_label0.mp3,0
conv_20915_label0.mp3,0
conv_06712_label1.mp3,1
conv_17219_label1.mp3,1
conv_16174_label1.mp3,1
conv_03448_label0.mp3,0
conv_02077_label1.mp3,1
conv_02325_label0.mp3,0
conv_11069_label1.mp3,1
conv_17522_label1.mp3,1
conv_09888_label0.mp3,0
conv_10736_label0.mp3,0
conv_03480_label0.mp3,0
conv_00648_label1.mp3,1
conv_03486_label1.mp3,1
conv_17797_label0.mp3,0
conv_04682_label1.mp3,1
conv_19001_label1.mp3,1
conv_02962_label0.mp3,0
conv_07520_label1.mp3,1
conv_03703_label1.mp3,1
conv_04264_label1.mp3,1
conv_14258_label1.mp3,1
conv_08705_label0.mp3,0
conv_02829_label0.mp3,0
conv_10665_label0.mp3,0
conv_09178_label0.mp3,0
conv_04007_label1.mp3,1
conv_02165_label1.mp3,1
conv_20503_label0.mp3,0
conv_09262_label0.mp3,0
conv_09239_label0.mp3,0
conv_12033_label0.mp3,0
conv_14404_label1.mp3,1
conv_20882_label1.mp3,1
conv_12703_label1.mp3,1
conv_14992_label1.mp3,1
conv_06978_label0.mp3,0
conv_04429_label1.mp3,1
conv_12263_label1.mp3,1
conv_06967_label0.mp3,0
conv_05453_label0.mp3,0
conv_09555_label0.mp3,0
conv_18154_label0.mp3,0
conv_12579_label0.mp3,0
conv_04888_label1.mp3,1
conv_17533_label0.mp3,0
conv_15557_label1.mp3,1
conv_17828_label1.mp3,1
conv_12116_label1.mp3,1
conv_03537_label0.mp3,0
conv_06585_label0.mp3,0
conv_11466_label1.mp3,1
conv_13670_label0.mp3,0
conv_16154_label0.mp3,0
conv_05314_label0.mp3,0
conv_16594_label0.mp3,0
conv_17978_label0.mp3,0
conv_15924_label1.mp3,1
conv_14568_label0.mp3,0
conv_20037_label0.mp3,0
conv_04803_label0.mp3,0
conv_09842_label1.mp3,1
conv_13955_label0.mp3,0
conv_02220_label1.mp3,1
conv_02620_label1.mp3,1
conv_20133_label0.mp3,0
conv_01286_label0.mp3,0
conv_11499_label1.mp3,1
conv_18878_label0.mp3,0
conv_18692_label1.mp3,1
conv_16563_label0.mp3,0
conv_12493_label1.mp3,1
conv_03396_label1.mp3,1
conv_15015_label1.mp3,1
conv_08269_label1.mp3,1
conv_16521_label1.mp3,1
conv_10183_label1.mp3,1
conv_20991_label1.mp3,1
conv_01343_label0.mp3,0
conv_16120_label1.mp3,1
conv_09638_label0.mp3,0
conv_08281_label0.mp3,0
conv_03109_label1.mp3,1
conv_07557_label1.mp3,1
conv_19967_label1.mp3,1
conv_05916_label1.mp3,1
conv_06994_label1.mp3,1
conv_02763_label1.mp3,1
conv_07831_label1.mp3,1
conv_07147_label0.mp3,0
conv_06781_label1.mp3,1
conv_09466_label1.mp3,1
conv_11362_label0.mp3,0
conv_07823_label0.mp3,0
conv_19418_label1.mp3,1
conv_02502_label1.mp3,1
conv_02758_label1.mp3,1
conv_01718_label1.mp3,1
conv_03410_label0.mp3,0
conv_16440_label1.mp3,1
conv_10267_label0.mp3,0
conv_14237_label1.mp3,1
conv_12135_label1.mp3,1
conv_14014_label0.mp3,0
conv_02711_label0.mp3,0
conv_09914_label0.mp3,0
conv_08158_label0.mp3,0
conv_17247_label1.mp3,1
conv_16900_label0.mp3,0
conv_05980_label0.mp3,0
conv_05056_label0.mp3,0
conv_06825_label0.mp3,0
conv_05917_label0.mp3,0
conv_04607_label0.mp3,0
conv_19386_label0.mp3,0
conv_09901_label1.mp3,1
conv_09050_label0.mp3,0
conv_19629_label0.mp3,0
conv_01535_label1.mp3,1
conv_17329_label0.mp3,0
conv_19017_label1.mp3,1
conv_04561_label0.mp3,0
conv_02405_label1.mp3,1
conv_04400_label0.mp3,0
conv_14098_label0.mp3,0
conv_17167_label0.mp3,0
conv_17217_label1.mp3,1
conv_02090_label0.mp3,0
conv_14500_label0.mp3,0
conv_19442_label0.mp3,0
conv_16159_label0.mp3,0
conv_01014_label1.mp3,1
conv_14418_label0.mp3,0
conv_05178_label1.mp3,1
conv_05446_label1.mp3,1
conv_00154_label0.mp3,0
conv_17487_label1.mp3,1
conv_15693_label0.mp3,0
conv_17006_label1.mp3,1
conv_14943_label0.mp3,0
conv_20185_label1.mp3,1
conv_18111_label1.mp3,1
conv_03567_label1.mp3,1
conv_03858_label0.mp3,0
conv_19906_label1.mp3,1
conv_14982_label0.mp3,0
conv_11635_label1.mp3,1
conv_05353_label0.mp3,0
conv_06051_label1.mp3,1
conv_17641_label0.mp3,0
conv_08469_label1.mp3,1
conv_20784_label0.mp3,0
conv_05687_label0.mp3,0
conv_04191_label1.mp3,1
conv_04964_label0.mp3,0
conv_10532_label0.mp3,0
conv_06563_label0.mp3,0
conv_18961_label0.mp3,0
conv_19735_label1.mp3,1
conv_17115_label0.mp3,0
conv_03766_label1.mp3,1
conv_07245_label1.mp3,1
conv_03927_label1.mp3,1
conv_01908_label0.mp3,0
conv_15508_label0.mp3,0
conv_17443_label0.mp3,0
conv_04651_label0.mp3,0
conv_20739_label0.mp3,0
conv_12806_label1.mp3,1
conv_11511_label1.mp3,1
conv_08948_label0.mp3,0
conv_07914_label1.mp3,1
conv_06219_label1.mp3,1
conv_06257_label1.mp3,1
conv_12659_label0.mp3,0
conv_09092_label0.mp3,0
conv_05810_label1.mp3,1
conv_03482_label0.mp3,0
conv_03458_label0.mp3,0
conv_03307_label1.mp3,1
conv_01501_label0.mp3,0
conv_12082_label1.mp3,1
conv_09806_label1.mp3,1
conv_01919_label0.mp3,0
conv_19705_label1.mp3,1
conv_04358_label1.mp3,1
conv_10265_label0.mp3,0
conv_00209_label0.mp3,0
conv_15401_label1.mp3,1
conv_20507_label1.mp3,1
conv_16924_label0.mp3,0
conv_11439_label0.mp3,0
conv_19406_label1.mp3,1
conv_02057_label0.mp3,0
conv_20090_label0.mp3,0
conv_14825_label0.mp3,0
conv_15506_label0.mp3,0
conv_16995_label1.mp3,1
conv_15912_label1.mp3,1
conv_17796_label1.mp3,1
conv_16452_label0.mp3,0
conv_19640_label0.mp3,0
conv_02849_label1.mp3,1
conv_16524_label0.mp3,0
conv_03870_label1.mp3,1
conv_09617_label1.mp3,1
conv_07985_label1.mp3,1
conv_00737_label1.mp3,1
conv_14636_label0.mp3,0
conv_12522_label1.mp3,1
conv_01347_label1.mp3,1
conv_17382_label1.mp3,1
conv_04614_label1.mp3,1
conv_03813_label1.mp3,1
conv_08466_label1.mp3,1
conv_03920_label0.mp3,0
conv_07347_label0.mp3,0
conv_18854_label1.mp3,1
conv_06818_label1.mp3,1
conv_10958_label0.mp3,0
conv_14084_label1.mp3,1
conv_16966_label0.mp3,0
conv_20571_label0.mp3,0
conv_04060_label0.mp3,0
conv_11105_label1.mp3,1
conv_11414_label1.mp3,1
conv_19747_label0.mp3,0
conv_20188_label1.mp3,1
conv_15963_label1.mp3,1
conv_06307_label0.mp3,0
conv_07528_label1.mp3,1
conv_15677_label1.mp3,1
conv_05934_label0.mp3,0
conv_11505_label1.mp3,1
conv_12811_label0.mp3,0
conv_20791_label0.mp3,0
conv_02777_label1.mp3,1
conv_17239_label1.mp3,1
conv_02318_label0.mp3,0
conv_12998_label0.mp3,0
conv_19325_label0.mp3,0
conv_00834_label0.mp3,0
conv_18131_label1.mp3,1
conv_05714_label1.mp3,1
conv_16975_label1.mp3,1
conv_08485_label1.mp3,1
conv_13855_label1.mp3,1
conv_02597_label0.mp3,0
conv_13009_label0.mp3,0
conv_14347_label1.mp3,1
conv_19294_label0.mp3,0
conv_08623_label1.mp3,1
conv_18644_label1.mp3,1
conv_10485_label1.mp3,1
conv_16703_label0.mp3,0
conv_06911_label0.mp3,0
conv_03966_label1.mp3,1
conv_07728_label1.mp3,1
conv_01471_label1.mp3,1
conv_20055_label0.mp3,0
conv_06166_label1.mp3,1
conv_21127_label0.mp3,0
conv_19493_label0.mp3,0
conv_03243_label0.mp3,0
conv_14423_label0.mp3,0
conv_18024_label0.mp3,0
conv_15128_label1.mp3,1
conv_21156_label0.mp3,0
conv_13543_label1.mp3,1
conv_06961_label0.mp3,0
conv_09727_label1.mp3,1
conv_11494_label1.mp3,1
conv_16310_label0.mp3,0
conv_09257_label0.mp3,0
conv_14989_label0.mp3,0
conv_06339_label0.mp3,0
conv_02989_label0.mp3,0
conv_16364_label1.mp3,1
conv_16388_label1.mp3,1
conv_06695_label1.mp3,1
conv_08334_label0.mp3,0
conv_06376_label1.mp3,1
conv_03990_label0.mp3,0
conv_00969_label1.mp3,1
conv_08546_label1.mp3,1
conv_15059_label1.mp3,1
conv_04722_label0.mp3,0
conv_20420_label0.mp3,0
conv_05099_label0.mp3,0
conv_02054_label1.mp3,1
conv_13573_label0.mp3,0
conv_07354_label0.mp3,0
conv_12594_label1.mp3,1
conv_10245_label0.mp3,0
conv_18649_label0.mp3,0
conv_10964_label1.mp3,1
conv_14683_label1.mp3,1
conv_02146_label1.mp3,1
conv_14541_label0.mp3,0
conv_14035_label1.mp3,1
conv_07042_label0.mp3,0
conv_14824_label1.mp3,1
conv_07084_label0.mp3,0
conv_02509_label0.mp3,0
conv_19792_label0.mp3,0
conv_18153_label1.mp3,1
conv_08874_label0.mp3,0
conv_09895_label0.mp3,0
conv_04217_label0.mp3,0
conv_05321_label1.mp3,1
conv_14142_label0.mp3,0
conv_01168_label1.mp3,1
conv_10122_label1.mp3,1
conv_10427_label1.mp3,1
conv_10031_label0.mp3,0
conv_19814_label1.mp3,1
conv_16932_label0.mp3,0
conv_13870_label1.mp3,1
conv_04121_label0.mp3,0
conv_07345_label1.mp3,1
conv_13141_label1.mp3,1
conv_01851_label0.mp3,0
conv_06995_label1.mp3,1
conv_05534_label0.mp3,0
conv_10553_label1.mp3,1
conv_01280_label1.mp3,1
conv_05969_label1.mp3,1
conv_08084_label1.mp3,1
conv_05303_label0.mp3,0
conv_08629_label1.mp3,1
conv_09850_label1.mp3,1
conv_16950_label1.mp3,1
conv_18781_label0.mp3,0
conv_01381_label0.mp3,0
conv_05813_label1.mp3,1
conv_00306_label1.mp3,1
conv_11367_label1.mp3,1
conv_18429_label0.mp3,0
conv_06593_label0.mp3,0
conv_03701_label1.mp3,1
conv_01984_label1.mp3,1
conv_03251_label1.mp3,1
conv_09324_label1.mp3,1
conv_13114_label1.mp3,1
conv_02216_label1.mp3,1
conv_12591_label1.mp3,1
conv_13241_label1.mp3,1
conv_10920_label1.mp3,1
conv_05963_label0.mp3,0
conv_07022_label1.mp3,1
conv_14083_label1.mp3,1
conv_17655_label1.mp3,1
conv_15907_label1.mp3,1
conv_02477_label0.mp3,0
conv_07658_label0.mp3,0
conv_09105_label1.mp3,1
conv_12929_label1.mp3,1
conv_11461_label1.mp3,1
conv_04215_label1.mp3,1
conv_08617_label1.mp3,1
conv_14797_label0.mp3,0
conv_15947_label0.mp3,0
conv_08316_label1.mp3,1
conv_10825_label1.mp3,1
conv_17099_label0.mp3,0
conv_16180_label0.mp3,0
conv_08637_label1.mp3,1
conv_15612_label1.mp3,1
conv_02251_label0.mp3,0
conv_08925_label0.mp3,0
conv_10382_label1.mp3,1
conv_10913_label1.mp3,1
conv_04833_label0.mp3,0
conv_01779_label1.mp3,1
conv_15108_label0.mp3,0
conv_06685_label0.mp3,0
conv_19559_label1.mp3,1
conv_20259_label0.mp3,0
conv_01076_label0.mp3,0
conv_00870_label0.mp3,0
conv_01557_label1.mp3,1
conv_04173_label1.mp3,1
conv_21032_label0.mp3,0
conv_19541_label0.mp3,0
conv_08612_label0.mp3,0
conv_10490_label1.mp3,1
conv_19912_label1.mp3,1
conv_16443_label1.mp3,1
conv_10940_label0.mp3,0
conv_03451_label1.mp3,1
conv_00828_label1.mp3,1
conv_03110_label0.mp3,0
conv_07794_label0.mp3,0
conv_20327_label0.mp3,0
conv_18950_label0.mp3,0
conv_16878_label1.mp3,1
conv_08939_label1.mp3,1
conv_17269_label0.mp3,0
conv_04474_label0.mp3,0
conv_00825_label0.mp3,0
conv_18996_label1.mp3,1
conv_19786_label0.mp3,0
conv_03551_label0.mp3,0
conv_09739_label0.mp3,0
conv_08782_label1.mp3,1
conv_06225_label0.mp3,0
conv_15576_label0.mp3,0
conv_02079_label0.mp3,0
conv_00940_label1.mp3,1
conv_08111_label0.mp3,0
conv_01590_label0.mp3,0
conv_13219_label1.mp3,1
conv_13883_label1.mp3,1
conv_01899_label0.mp3,0
conv_09027_label1.mp3,1
conv_06350_label1.mp3,1
conv_07992_label0.mp3,0
conv_03459_label0.mp3,0
conv_03540_label0.mp3,0
conv_15757_label0.mp3,0
conv_17801_label0.mp3,0
conv_13857_label1.mp3,1
conv_12705_label1.mp3,1
conv_18438_label0.mp3,0
conv_21053_label0.mp3,0
conv_15955_label0.mp3,0
conv_14264_label1.mp3,1
conv_19341_label0.mp3,0
conv_10337_label0.mp3,0
conv_15559_label1.mp3,1
conv_01787_label0.mp3,0
conv_03169_label1.mp3,1
conv_11299_label0.mp3,0
conv_19027_label0.mp3,0
conv_08155_label0.mp3,0
conv_18010_label1.mp3,1
conv_08238_label1.mp3,1
conv_08053_label0.mp3,0
conv_02603_label0.mp3,0
conv_09073_label1.mp3,1
conv_07552_label1.mp3,1
conv_16882_label1.mp3,1
conv_02858_label1.mp3,1
conv_08263_label0.mp3,0
conv_14407_label1.mp3,1
conv_19032_label0.mp3,0
conv_13932_label1.mp3,1
conv_08249_label0.mp3,0
conv_07105_label1.mp3,1
conv_19548_label0.mp3,0
conv_16182_label1.mp3,1
conv_03675_label1.mp3,1
conv_07574_label0.mp3,0
conv_12870_label0.mp3,0
conv_18830_label1.mp3,1
conv_07511_label1.mp3,1
conv_11663_label0.mp3,0
conv_15694_label0.mp3,0
conv_09137_label0.mp3,0
conv_12201_label1.mp3,1
conv_14022_label1.mp3,1
conv_21046_label0.mp3,0
conv_07600_label0.mp3,0
conv_10707_label1.mp3,1
conv_01939_label1.mp3,1
conv_18229_label1.mp3,1
conv_08879_label1.mp3,1
conv_06301_label0.mp3,0
conv_16755_label1.mp3,1
conv_10055_label1.mp3,1
conv_00403_label1.mp3,1
conv_01523_label0.mp3,0
conv_13590_label1.mp3,1
conv_16265_label1.mp3,1
conv_14946_label0.mp3,0
conv_16647_label1.mp3,1
conv_01487_label0.mp3,0
conv_12748_label0.mp3,0
conv_05499_label1.mp3,1
conv_19561_label1.mp3,1
conv_16503_label1.mp3,1
conv_09772_label1.mp3,1
conv_01460_label1.mp3,1
conv_11846_label1.mp3,1
conv_03494_label0.mp3,0
conv_06413_label1.mp3,1
conv_02393_label1.mp3,1
conv_13126_label0.mp3,0
conv_11627_label0.mp3,0
conv_16608_label1.mp3,1
conv_13717_label0.mp3,0
conv_16553_label1.mp3,1
conv_01181_label0.mp3,0
conv_13582_label0.mp3,0
conv_02297_label1.mp3,1
conv_16225_label1.mp3,1
conv_06646_label1.mp3,1
conv_10339_label1.mp3,1
conv_10912_label0.mp3,0
conv_15768_label0.mp3,0
conv_07842_label0.mp3,0
conv_20554_label1.mp3,1
conv_12445_label0.mp3,0
conv_10240_label1.mp3,1
conv_06879_label0.mp3,0
conv_16554_label0.mp3,0
conv_12318_label0.mp3,0
conv_21131_label1.mp3,1
conv_12734_label1.mp3,1
conv_16090_label1.mp3,1
conv_18124_label1.mp3,1
conv_17129_label0.mp3,0
conv_14762_label1.mp3,1
conv_15861_label0.mp3,0
conv_20644_label1.mp3,1
conv_04057_label1.mp3,1
conv_14586_label1.mp3,1
conv_01685_label1.mp3,1
conv_06466_label1.mp3,1
conv_17289_label1.mp3,1
conv_12061_label1.mp3,1
conv_19329_label1.mp3,1
conv_09958_label1.mp3,1
conv_14341_label0.mp3,0
conv_08772_label0.mp3,0
conv_11778_label1.mp3,1
conv_03309_label1.mp3,1
conv_07921_label1.mp3,1
conv_05657_label1.mp3,1
conv_19198_label1.mp3,1
conv_11705_label0.mp3,0
conv_07379_label0.mp3,0
conv_05498_label0.mp3,0
conv_21335_label0.mp3,0
conv_05412_label0.mp3,0
conv_04262_label0.mp3,0
conv_06847_label0.mp3,0
conv_16923_label1.mp3,1
conv_12103_label1.mp3,1
conv_19454_label0.mp3,0
conv_05548_label0.mp3,0
conv_03130_label1.mp3,1
conv_16451_label1.mp3,1
conv_05569_label1.mp3,1
conv_05954_label0.mp3,0
conv_05190_label0.mp3,0
conv_10484_label0.mp3,0
conv_17538_label1.mp3,1
conv_16075_label1.mp3,1
conv_12481_label1.mp3,1
conv_06748_label1.mp3,1
conv_01748_label1.mp3,1
conv_03150_label0.mp3,0
conv_01358_label0.mp3,0
conv_01635_label0.mp3,0
conv_15066_label1.mp3,1
conv_06436_label0.mp3,0
conv_12337_label0.mp3,0
conv_03707_label0.mp3,0
conv_16095_label0.mp3,0
conv_08153_label1.mp3,1
conv_18630_label1.mp3,1
conv_19956_label1.mp3,1
conv_00467_label0.mp3,0
conv_04323_label0.mp3,0
conv_12556_label1.mp3,1
conv_07309_label1.mp3,1
conv_21164_label1.mp3,1
conv_09481_label0.mp3,0
conv_20599_label1.mp3,1
conv_13684_label1.mp3,1
conv_07013_label1.mp3,1
conv_14041_label0.mp3,0
conv_02958_label0.mp3,0
conv_03514_label0.mp3,0
conv_09250_label0.mp3,0
conv_13319_label1.mp3,1
conv_11231_label1.mp3,1
conv_00389_label1.mp3,1
conv_02046_label0.mp3,0
conv_09390_label1.mp3,1
conv_17806_label1.mp3,1
conv_16426_label0.mp3,0
conv_02047_label1.mp3,1
conv_06849_label1.mp3,1
conv_01828_label1.mp3,1
conv_05294_label1.mp3,1
conv_18391_label1.mp3,1
conv_11785_label1.mp3,1
conv_01270_label1.mp3,1
conv_03632_label1.mp3,1
conv_06850_label0.mp3,0
conv_17292_label1.mp3,1
conv_19997_label1.mp3,1
conv_09768_label0.mp3,0
conv_04506_label1.mp3,1
conv_14472_label1.mp3,1
conv_18912_label1.mp3,1
conv_01875_label1.mp3,1
conv_00421_label0.mp3,0
conv_07146_label1.mp3,1
conv_04796_label0.mp3,0
conv_13761_label1.mp3,1
conv_20206_label1.mp3,1
conv_14652_label0.mp3,0
conv_17489_label0.mp3,0
conv_12384_label1.mp3,1
conv_10166_label1.mp3,1
conv_05049_label0.mp3,0
conv_20302_label1.mp3,1
conv_14738_label0.mp3,0
conv_07397_label0.mp3,0
conv_14543_label0.mp3,0
conv_06629_label1.mp3,1
conv_12535_label0.mp3,0
conv_20684_label0.mp3,0
conv_08325_label1.mp3,1
conv_15235_label1.mp3,1
conv_18995_label1.mp3,1
conv_11337_label1.mp3,1
conv_01338_label0.mp3,0
conv_00637_label0.mp3,0
conv_20667_label1.mp3,1
conv_01158_label1.mp3,1
conv_13142_label1.mp3,1
conv_00918_label0.mp3,0
conv_20732_label0.mp3,0
conv_00893_label0.mp3,0
conv_11458_label1.mp3,1
conv_17277_label0.mp3,0
conv_17453_label0.mp3,0
conv_13020_label1.mp3,1
conv_07404_label0.mp3,0
conv_12666_label1.mp3,1
conv_11563_label1.mp3,1
conv_13081_label0.mp3,0
conv_01539_label1.mp3,1
conv_00247_label0.mp3,0
conv_07059_label0.mp3,0
conv_07374_label1.mp3,1
conv_14659_label1.mp3,1
conv_12358_label1.mp3,1
conv_19009_label1.mp3,1
conv_20751_label1.mp3,1
conv_13013_label1.mp3,1
conv_10966_label0.mp3,0
conv_15039_label1.mp3,1
conv_12397_label0.mp3,0
conv_10468_label0.mp3,0
conv_07411_label1.mp3,1
conv_19778_label0.mp3,0
conv_17331_label0.mp3,0
conv_09428_label0.mp3,0
conv_06045_label0.mp3,0
conv_16986_label0.mp3,0
conv_12898_label0.mp3,0
conv_14149_label1.mp3,1
conv_14129_label0.mp3,0
conv_08616_label0.mp3,0
conv_15295_label0.mp3,0
conv_17786_label1.mp3,1
conv_07730_label1.mp3,1
conv_18357_label0.mp3,0
conv_15297_label0.mp3,0
conv_10164_label1.mp3,1
conv_13688_label0.mp3,0
conv_05406_label1.mp3,1
conv_03599_label1.mp3,1
conv_01406_label1.mp3,1
conv_07164_label1.mp3,1
conv_16410_label1.mp3,1
conv_11267_label1.mp3,1
conv_06929_label1.mp3,1
conv_02236_label1.mp3,1
conv_10759_label1.mp3,1
conv_14145_label1.mp3,1
conv_17581_label0.mp3,0
conv_16803_label0.mp3,0
conv_16612_label0.mp3,0
conv_17870_label1.mp3,1
conv_18099_label1.mp3,1
conv_16795_label0.mp3,0
conv_03044_label0.mp3,0
conv_10233_label1.mp3,1
conv_15824_label0.mp3,0
conv_13874_label1.mp3,1
conv_12813_label0.mp3,0
conv_08740_label0.mp3,0
conv_08717_label1.mp3,1
conv_16711_label1.mp3,1
conv_13755_label1.mp3,1
conv_06771_label1.mp3,1
conv_06425_label0.mp3,0
conv_03946_label1.mp3,1
conv_04694_label0.mp3,0
conv_11302_label1.mp3,1
conv_01344_label1.mp3,1
conv_10804_label0.mp3,0
conv_01580_label0.mp3,0
conv_05318_label0.mp3,0
conv_01443_label1.mp3,1
conv_13065_label0.mp3,0
conv_11508_label0.mp3,0
conv_07205_label1.mp3,1
conv_09770_label1.mp3,1
conv_17449_label0.mp3,0
conv_09811_label0.mp3,0
conv_18642_label1.mp3,1
conv_03270_label0.mp3,0
conv_05936_label0.mp3,0
conv_02287_label1.mp3,1
conv_13799_label1.mp3,1
conv_06127_label0.mp3,0
conv_06024_label1.mp3,1
conv_04492_label0.mp3,0
conv_01982_label0.mp3,0
conv_13495_label0.mp3,0
conv_09424_label0.mp3,0
conv_11591_label1.mp3,1
conv_02083_label0.mp3,0
conv_10060_label1.mp3,1
conv_00511_label1.mp3,1
conv_06964_label1.mp3,1
conv_05322_label1.mp3,1
conv_05758_label0.mp3,0
conv_07696_label1.mp3,1
conv_13492_label0.mp3,0
conv_00081_label0.mp3,0
conv_18688_label0.mp3,0
conv_12007_label0.mp3,0
conv_05546_label1.mp3,1
conv_16496_label1.mp3,1
conv_09571_label0.mp3,0
conv_15109_label1.mp3,1
conv_09522_label0.mp3,0
conv_12636_label1.mp3,1
conv_08353_label1.mp3,1
conv_06672_label1.mp3,1
conv_19867_label0.mp3,0
conv_04734_label1.mp3,1
conv_16190_label0.mp3,0
conv_05048_label0.mp3,0
conv_15292_label1.mp3,1
conv_10660_label1.mp3,1
conv_09382_label0.mp3,0
conv_19676_label1.mp3,1
conv_09445_label0.mp3,0
conv_17578_label1.mp3,1
conv_19221_label1.mp3,1
conv_19621_label1.mp3,1
conv_11442_label1.mp3,1
conv_12576_label0.mp3,0
conv_10120_label1.mp3,1
conv_16861_label1.mp3,1
conv_14355_label1.mp3,1
conv_02630_label0.mp3,0
conv_09586_label1.mp3,1
conv_11350_label1.mp3,1
conv_12169_label1.mp3,1
conv_01071_label1.mp3,1
conv_03820_label1.mp3,1
conv_19203_label0.mp3,0
conv_16413_label0.mp3,0
conv_04465_label1.mp3,1
conv_02984_label0.mp3,0
conv_12952_label0.mp3,0
conv_18008_label1.mp3,1
conv_06520_label1.mp3,1
conv_05955_label0.mp3,0
conv_07061_label0.mp3,0
conv_04275_label1.mp3,1
conv_09367_label0.mp3,0
conv_04772_label0.mp3,0
conv_03705_label0.mp3,0
conv_10357_label0.mp3,0
conv_08985_label1.mp3,1
conv_03804_label1.mp3,1
conv_16044_label1.mp3,1
conv_18446_label0.mp3,0
conv_11377_label1.mp3,1
conv_16939_label1.mp3,1
conv_06860_label1.mp3,1
conv_03984_label0.mp3,0
conv_13588_label1.mp3,1
conv_04606_label1.mp3,1
conv_13135_label0.mp3,0
conv_11588_label0.mp3,0
conv_01621_label1.mp3,1
conv_16814_label0.mp3,0
conv_12606_label1.mp3,1
conv_08328_label1.mp3,1
conv_04982_label0.mp3,0
conv_11526_label1.mp3,1
conv_03364_label1.mp3,1
conv_11653_label0.mp3,0
conv_20980_label0.mp3,0
conv_19919_label1.mp3,1
conv_20178_label1.mp3,1
conv_08713_label0.mp3,0
conv_10548_label0.mp3,0
conv_17640_label1.mp3,1
conv_16991_label1.mp3,1
conv_15488_label1.mp3,1
conv_04130_label0.mp3,0
conv_03041_label0.mp3,0
conv_03158_label1.mp3,1
conv_12073_label1.mp3,1
conv_16249_label1.mp3,1
conv_00932_label0.mp3,0
conv_09091_label1.mp3,1
conv_11867_label0.mp3,0
conv_08012_label0.mp3,0
conv_06286_label1.mp3,1
conv_01692_label1.mp3,1
conv_01309_label1.mp3,1
conv_10025_label1.mp3,1
conv_03237_label1.mp3,1
conv_20026_label1.mp3,1
conv_01129_label0.mp3,0
conv_12993_label1.mp3,1
conv_12780_label1.mp3,1
conv_18675_label0.mp3,0
conv_00796_label0.mp3,0
conv_14392_label0.mp3,0
conv_05209_label1.mp3,1
conv_11103_label1.mp3,1
conv_06097_label1.mp3,1
conv_16145_label1.mp3,1
conv_08698_label0.mp3,0
conv_00505_label1.mp3,1
conv_15740_label0.mp3,0
conv_09353_label1.mp3,1
conv_21042_label1.mp3,1
conv_17134_label0.mp3,0
conv_06382_label0.mp3,0
conv_07423_label0.mp3,0
conv_00313_label1.mp3,1
conv_00042_label1.mp3,1
conv_01972_label0.mp3,0
conv_19800_label1.mp3,1
conv_18212_label1.mp3,1
conv_03630_label0.mp3,0
conv_19423_label1.mp3,1
conv_18133_label1.mp3,1
conv_10506_label1.mp3,1
conv_14511_label0.mp3,0
conv_06494_label1.mp3,1
conv_09800_label0.mp3,0
conv_15872_label0.mp3,0
conv_07619_label1.mp3,1
conv_09646_label1.mp3,1
conv_12285_label1.mp3,1
conv_19525_label1.mp3,1
conv_08254_label1.mp3,1
conv_13602_label1.mp3,1
conv_14576_label0.mp3,0
conv_21287_label0.mp3,0
conv_10574_label0.mp3,0
conv_11477_label1.mp3,1
conv_05132_label1.mp3,1
conv_04695_label0.mp3,0
conv_21291_label0.mp3,0
conv_03391_label0.mp3,0
conv_05647_label1.mp3,1
conv_04204_label1.mp3,1
conv_14702_label0.mp3,0
conv_00103_label0.mp3,0
conv_16419_label0.mp3,0
conv_09909_label0.mp3,0
conv_18614_label0.mp3,0
conv_17631_label1.mp3,1
conv_03500_label1.mp3,1
conv_07932_label1.mp3,1
conv_03759_label1.mp3,1
conv_08163_label1.mp3,1
conv_17404_label1.mp3,1
conv_19023_label1.mp3,1
conv_07466_label1.mp3,1
conv_11153_label0.mp3,0
conv_19453_label1.mp3,1
conv_04345_label1.mp3,1
conv_15965_label1.mp3,1
conv_18224_label1.mp3,1
conv_13802_label0.mp3,0
conv_03727_label0.mp3,0
conv_09139_label1.mp3,1
conv_20066_label0.mp3,0
conv_20095_label0.mp3,0
conv_18337_label1.mp3,1
conv_10741_label1.mp3,1
conv_06104_label1.mp3,1
conv_08137_label1.mp3,1
conv_11833_label1.mp3,1
conv_13840_label0.mp3,0
conv_04008_label1.mp3,1
conv_12181_label0.mp3,0
conv_11528_label0.mp3,0
conv_04633_label1.mp3,1
conv_16515_label0.mp3,0
conv_19869_label0.mp3,0
conv_14428_label1.mp3,1
conv_01893_label0.mp3,0
conv_12462_label0.mp3,0
conv_02119_label1.mp3,1
conv_05248_label1.mp3,1
conv_12379_label0.mp3,0
conv_04417_label0.mp3,0
conv_08805_label1.mp3,1
conv_00943_label1.mp3,1
conv_19671_label1.mp3,1
conv_03851_label0.mp3,0
conv_01435_label0.mp3,0
conv_04994_label0.mp3,0
conv_14746_label0.mp3,0
conv_15587_label0.mp3,0
conv_12809_label1.mp3,1
conv_09507_label0.mp3,0
conv_12191_label1.mp3,1
conv_03437_label1.mp3,1
conv_05090_label0.mp3,0
conv_16977_label0.mp3,0
conv_16460_label1.mp3,1
conv_05904_label0.mp3,0
conv_01399_label1.mp3,1
conv_20694_label0.mp3,0
conv_16359_label0.mp3,0
conv_01467_label1.mp3,1
conv_00594_label0.mp3,0
conv_10316_label1.mp3,1
conv_00700_label1.mp3,1
conv_08514_label1.mp3,1
conv_19046_label1.mp3,1
conv_15255_label0.mp3,0
conv_10020_label0.mp3,0
conv_19456_label0.mp3,0
conv_14426_label1.mp3,1
conv_01714_label1.mp3,1
conv_18376_label0.mp3,0
conv_20168_label0.mp3,0
conv_18107_label1.mp3,1
conv_03208_label0.mp3,0
conv_20180_label0.mp3,0
conv_19170_label1.mp3,1
conv_04630_label1.mp3,1
conv_06078_label0.mp3,0
conv_09536_label0.mp3,0
conv_18962_label1.mp3,1
conv_08374_label0.mp3,0
conv_11323_label1.mp3,1
conv_06936_label0.mp3,0
conv_17998_label1.mp3,1
conv_15041_label1.mp3,1
conv_00177_label0.mp3,0
conv_10289_label0.mp3,0
conv_12740_label1.mp3,1
conv_01662_label0.mp3,0
conv_20017_label1.mp3,1
conv_11574_label1.mp3,1
conv_09531_label1.mp3,1
conv_15838_label1.mp3,1
conv_14370_label0.mp3,0
conv_14291_label1.mp3,1
conv_19284_label1.mp3,1
conv_09144_label1.mp3,1
conv_14331_label1.mp3,1
conv_20461_label1.mp3,1
conv_11244_label1.mp3,1
conv_06274_label0.mp3,0
conv_01086_label1.mp3,1
conv_04872_label1.mp3,1
conv_02700_label0.mp3,0
conv_06555_label1.mp3,1
conv_14280_label0.mp3,0
conv_18779_label0.mp3,0
conv_15263_label0.mp3,0
conv_18465_label1.mp3,1
conv_06332_label0.mp3,0
conv_09678_label1.mp3,1
conv_14057_label0.mp3,0
conv_18399_label1.mp3,1
conv_01514_label0.mp3,0
conv_00527_label0.mp3,0
conv_02352_label1.mp3,1
conv_10879_label0.mp3,0
conv_06357_label1.mp3,1
conv_20582_label0.mp3,0
conv_05237_label1.mp3,1
conv_06584_label1.mp3,1
conv_01147_label0.mp3,0
conv_15956_label1.mp3,1
conv_03930_label1.mp3,1
conv_00711_label1.mp3,1
conv_17689_label1.mp3,1
conv_15072_label1.mp3,1
conv_12111_label1.mp3,1
conv_00270_label0.mp3,0
conv_15741_label0.mp3,0
conv_09282_label1.mp3,1
conv_03952_label0.mp3,0
conv_12698_label1.mp3,1
conv_03969_label0.mp3,0
conv_15257_label1.mp3,1
conv_09076_label1.mp3,1
conv_09306_label1.mp3,1
conv_04263_label0.mp3,0
conv_15316_label0.mp3,0
conv_13995_label0.mp3,0
conv_10765_label0.mp3,0
conv_13557_label0.mp3,0
conv_16573_label1.mp3,1
conv_12160_label1.mp3,1
conv_12059_label0.mp3,0
conv_09447_label1.mp3,1
conv_00691_label1.mp3,1
conv_08443_label0.mp3,0
conv_11071_label1.mp3,1
conv_17276_label1.mp3,1
conv_02208_label0.mp3,0
conv_02395_label1.mp3,1
conv_07738_label1.mp3,1
conv_17467_label1.mp3,1
conv_13829_label1.mp3,1
conv_12450_label1.mp3,1
conv_08995_label1.mp3,1
conv_04874_label1.mp3,1
conv_16210_label0.mp3,0
conv_08846_label1.mp3,1
conv_13071_label0.mp3,0
conv_14333_label1.mp3,1
conv_06909_label1.mp3,1
conv_05948_label0.mp3,0
conv_11915_label0.mp3,0
conv_07687_label0.mp3,0
conv_20144_label0.mp3,0
conv_19686_label0.mp3,0
conv_01771_label0.mp3,0
conv_03400_label0.mp3,0
conv_02905_label1.mp3,1
conv_00739_label1.mp3,1
conv_06338_label0.mp3,0
conv_03043_label0.mp3,0
conv_13642_label0.mp3,0
conv_01664_label0.mp3,0
conv_17754_label1.mp3,1
conv_20256_label0.mp3,0
conv_14701_label1.mp3,1
conv_17316_label1.mp3,1
conv_18262_label0.mp3,0
conv_12114_label0.mp3,0
conv_02436_label1.mp3,1
conv_00614_label1.mp3,1
conv_05285_label0.mp3,0
conv_01170_label1.mp3,1
conv_04313_label1.mp3,1
conv_05591_label1.mp3,1
conv_15251_label0.mp3,0
conv_00003_label1.mp3,1
conv_02235_label0.mp3,0
conv_14548_label0.mp3,0
conv_08336_label0.mp3,0
conv_13634_label0.mp3,0
conv_04626_label1.mp3,1
conv_14890_label1.mp3,1
conv_06603_label0.mp3,0
conv_17068_label0.mp3,0
conv_10393_label0.mp3,0
conv_05913_label0.mp3,0
conv_00500_label1.mp3,1
conv_07675_label1.mp3,1
conv_16237_label0.mp3,0
conv_15087_label1.mp3,1
conv_00630_label0.mp3,0
conv_01379_label1.mp3,1
conv_02593_label0.mp3,0
conv_15507_label1.mp3,1
conv_06657_label1.mp3,1
conv_00632_label1.mp3,1
conv_02828_label0.mp3,0
conv_16135_label0.mp3,0
conv_10990_label1.mp3,1
conv_08981_label1.mp3,1
conv_16286_label1.mp3,1
conv_11051_label0.mp3,0
conv_14504_label1.mp3,1
conv_13162_label0.mp3,0
conv_11587_label1.mp3,1
conv_09821_label1.mp3,1
conv_02478_label0.mp3,0
conv_18823_label1.mp3,1
conv_13298_label0.mp3,0
conv_18390_label0.mp3,0
conv_20364_label0.mp3,0
conv_05985_label0.mp3,0
conv_11966_label0.mp3,0
conv_09126_label1.mp3,1
conv_07905_label1.mp3,1
conv_11425_label1.mp3,1
conv_19435_label0.mp3,0
conv_15837_label0.mp3,0
conv_20979_label0.mp3,0
conv_03452_label0.mp3,0
conv_13468_label1.mp3,1
conv_01491_label0.mp3,0
conv_00792_label1.mp3,1
conv_18142_label0.mp3,0
conv_07312_label0.mp3,0
conv_08284_label0.mp3,0
conv_11550_label0.mp3,0
conv_06587_label1.mp3,1
conv_03317_label0.mp3,0
conv_06812_label1.mp3,1
conv_03777_label1.mp3,1
conv_17723_label1.mp3,1
conv_20983_label0.mp3,0
conv_11347_label0.mp3,0
conv_14415_label0.mp3,0
conv_14313_label0.mp3,0
conv_10167_label0.mp3,0
conv_00278_label1.mp3,1
conv_09328_label1.mp3,1
conv_07976_label0.mp3,0
conv_10370_label0.mp3,0
conv_11158_label1.mp3,1
conv_01872_label1.mp3,1
conv_19229_label0.mp3,0
conv_07542_label0.mp3,0
conv_10774_label0.mp3,0
conv_05680_label0.mp3,0
conv_03881_label1.mp3,1
conv_14296_label1.mp3,1
conv_03133_label1.mp3,1
conv_00099_label0.mp3,0
conv_09700_label1.mp3,1
conv_14948_label0.mp3,0
conv_15706_label1.mp3,1
conv_17902_label0.mp3,0
conv_12540_label0.mp3,0
conv_02608_label0.mp3,0
conv_13900_label1.mp3,1
conv_18371_label0.mp3,0
conv_06606_label0.mp3,0
conv_14639_label1.mp3,1
conv_09596_label0.mp3,0
conv_11560_label1.mp3,1
conv_10010_label1.mp3,1
conv_18199_label1.mp3,1
conv_09368_label1.mp3,1
conv_19326_label1.mp3,1
conv_08440_label0.mp3,0
conv_01407_label1.mp3,1
conv_00004_label1.mp3,1
conv_09612_label0.mp3,0
conv_07137_label1.mp3,1
conv_08471_label0.mp3,0
conv_13318_label1.mp3,1
conv_13007_label1.mp3,1
conv_13599_label1.mp3,1
conv_05302_label0.mp3,0
conv_14495_label0.mp3,0
conv_13444_label0.mp3,0
conv_18050_label0.mp3,0
conv_10420_label1.mp3,1
conv_14940_label0.mp3,0
conv_08758_label0.mp3,0
conv_20869_label1.mp3,1
conv_05021_label0.mp3,0
conv_00981_label1.mp3,1
conv_19690_label1.mp3,1
conv_05761_label0.mp3,0
conv_04320_label1.mp3,1
conv_02219_label1.mp3,1
conv_03811_label1.mp3,1
conv_10121_label0.mp3,0
conv_12069_label1.mp3,1
conv_17024_label0.mp3,0
conv_20363_label0.mp3,0
conv_20958_label1.mp3,1
conv_19372_label1.mp3,1
conv_00017_label0.mp3,0
conv_07362_label0.mp3,0
conv_12819_label0.mp3,0
conv_08904_label1.mp3,1
conv_00204_label0.mp3,0
conv_19051_label1.mp3,1
conv_18568_label1.mp3,1
conv_01244_label1.mp3,1
conv_19546_label0.mp3,0
conv_11884_label1.mp3,1
conv_00873_label1.mp3,1
conv_08942_label0.mp3,0
conv_07114_label0.mp3,0
conv_15850_label0.mp3,0
conv_08473_label0.mp3,0
conv_00492_label0.mp3,0
conv_16289_label1.mp3,1
conv_09756_label1.mp3,1
conv_10910_label0.mp3,0
conv_06384_label0.mp3,0
conv_14191_label0.mp3,0
conv_01151_label0.mp3,0
conv_10667_label1.mp3,1
conv_13509_label0.mp3,0
conv_08733_label1.mp3,1
conv_11349_label1.mp3,1
conv_04916_label0.mp3,0
conv_17281_label1.mp3,1
conv_17988_label1.mp3,1
conv_19946_label0.mp3,0
conv_15113_label1.mp3,1
conv_04837_label0.mp3,0
conv_18741_label0.mp3,0
conv_14703_label0.mp3,0
conv_02499_label0.mp3,0
conv_01275_label0.mp3,0
conv_08601_label0.mp3,0
conv_17963_label1.mp3,1
conv_19045_label0.mp3,0
conv_20402_label0.mp3,0
conv_09489_label1.mp3,1
conv_01796_label0.mp3,0
conv_00469_label1.mp3,1
conv_02337_label1.mp3,1
conv_10492_label1.mp3,1
conv_06407_label1.mp3,1
conv_08738_label0.mp3,0
conv_14981_label1.mp3,1
conv_17078_label1.mp3,1
conv_15011_label0.mp3,0
conv_02964_label0.mp3,0
conv_11940_label1.mp3,1
conv_03155_label1.mp3,1
conv_06099_label1.mp3,1
conv_05847_label0.mp3,0
conv_19632_label0.mp3,0
conv_09062_label0.mp3,0
conv_15272_label1.mp3,1
conv_17284_label1.mp3,1
conv_10720_label0.mp3,0
conv_17745_label0.mp3,0
conv_11219_label0.mp3,0
conv_05705_label0.mp3,0
conv_12534_label1.mp3,1
conv_15212_label0.mp3,0
conv_12365_label1.mp3,1
conv_02491_label0.mp3,0
conv_12873_label1.mp3,1
conv_20987_label0.mp3,0
conv_17214_label0.mp3,0
conv_01149_label0.mp3,0
conv_10536_label1.mp3,1
conv_13059_label1.mp3,1
conv_03570_label0.mp3,0
conv_18689_label1.mp3,1
conv_21104_label1.mp3,1
conv_08070_label1.mp3,1
conv_15639_label1.mp3,1
conv_10968_label1.mp3,1
conv_03373_label1.mp3,1
conv_10455_label0.mp3,0
conv_15421_label0.mp3,0
conv_00202_label1.mp3,1
conv_04770_label0.mp3,0
conv_20650_label1.mp3,1
conv_10444_label1.mp3,1
conv_12271_label0.mp3,0
conv_12190_label1.mp3,1
conv_05110_label1.mp3,1
conv_16512_label1.mp3,1
conv_13696_label0.mp3,0
conv_19010_label1.mp3,1
conv_21063_label1.mp3,1
conv_08433_label1.mp3,1
conv_14452_label0.mp3,0
conv_17121_label0.mp3,0
conv_09484_label0.mp3,0
conv_10895_label0.mp3,0
conv_15957_label0.mp3,0
conv_11078_label0.mp3,0
conv_01777_label0.mp3,0
conv_16137_label0.mp3,0
conv_01102_label1.mp3,1
conv_03535_label1.mp3,1
conv_01833_label1.mp3,1
conv_19978_label1.mp3,1
conv_04079_label1.mp3,1
conv_21024_label1.mp3,1
conv_15516_label1.mp3,1
conv_20567_label0.mp3,0
conv_06312_label1.mp3,1
conv_17065_label0.mp3,0
conv_00714_label0.mp3,0
conv_00307_label1.mp3,1
conv_20339_label1.mp3,1
conv_09927_label0.mp3,0
conv_03271_label0.mp3,0
conv_10087_label1.mp3,1
conv_01818_label0.mp3,0
conv_13177_label1.mp3,1
conv_08243_label0.mp3,0
conv_06930_label1.mp3,1
conv_00575_label0.mp3,0
conv_17785_label1.mp3,1
conv_13088_label0.mp3,0
conv_14208_label0.mp3,0
conv_05584_label1.mp3,1
conv_15704_label0.mp3,0
conv_06766_label0.mp3,0
conv_20239_label1.mp3,1
conv_19503_label0.mp3,0
conv_14189_label1.mp3,1
conv_11557_label0.mp3,0
conv_12090_label0.mp3,0
conv_01230_label1.mp3,1
conv_07290_label0.mp3,0
conv_06592_label1.mp3,1
conv_01911_label0.mp3,0
conv_12537_label0.mp3,0
conv_15474_label1.mp3,1
conv_06477_label1.mp3,1
conv_19921_label1.mp3,1
conv_17175_label0.mp3,0
conv_20011_label0.mp3,0
conv_09288_label1.mp3,1
conv_02863_label1.mp3,1
conv_05359_label0.mp3,0
conv_09124_label0.mp3,0
conv_06416_label0.mp3,0
conv_11239_label1.mp3,1
conv_09463_label0.mp3,0
conv_18737_label1.mp3,1
conv_13212_label0.mp3,0
conv_20807_label0.mp3,0
conv_16918_label0.mp3,0
conv_04128_label0.mp3,0
conv_07375_label0.mp3,0
conv_07929_label1.mp3,1
conv_10891_label1.mp3,1
conv_03737_label1.mp3,1
conv_14251_label0.mp3,0
conv_03071_label1.mp3,1
conv_12986_label1.mp3,1
conv_01197_label1.mp3,1
conv_01332_label1.mp3,1
conv_00246_label1.mp3,1
conv_20949_label0.mp3,0
conv_13754_label0.mp3,0
conv_13039_label1.mp3,1
conv_01364_label0.mp3,0
conv_12558_label0.mp3,0
conv_16969_label1.mp3,1
conv_00761_label1.mp3,1
conv_10624_label0.mp3,0
conv_04169_label1.mp3,1
conv_10127_label1.mp3,1
conv_06763_label0.mp3,0
conv_09518_label0.mp3,0
conv_19441_label1.mp3,1
conv_01046_label0.mp3,0
conv_18250_label0.mp3,0
conv_15799_label0.mp3,0
conv_10341_label1.mp3,1
conv_14167_label0.mp3,0
conv_02351_label0.mp3,0
conv_20072_label1.mp3,1
conv_00405_label1.mp3,1
conv_21288_label0.mp3,0
conv_17233_label1.mp3,1
conv_19773_label0.mp3,0
conv_17872_label0.mp3,0
conv_16431_label0.mp3,0
conv_00184_label1.mp3,1
conv_11187_label1.mp3,1
conv_11731_label0.mp3,0
conv_04152_label0.mp3,0
conv_08272_label1.mp3,1
conv_16243_label1.mp3,1
conv_01001_label1.mp3,1
conv_06730_label0.mp3,0
conv_19692_label1.mp3,1
conv_19280_label1.mp3,1
conv_15385_label0.mp3,0
conv_07402_label0.mp3,0
conv_13364_label0.mp3,0
conv_01104_label1.mp3,1
conv_03621_label0.mp3,0
conv_02933_label0.mp3,0
conv_04578_label1.mp3,1
conv_06492_label1.mp3,1
conv_16030_label0.mp3,0
conv_12025_label0.mp3,0
conv_08630_label1.mp3,1
conv_12344_label0.mp3,0
conv_19870_label0.mp3,0
conv_15048_label0.mp3,0
conv_13207_label0.mp3,0
conv_18490_label0.mp3,0
conv_14864_label0.mp3,0
conv_02881_label1.mp3,1
conv_08424_label1.mp3,1
conv_10131_label0.mp3,0
conv_10603_label1.mp3,1
conv_10798_label0.mp3,0
conv_06092_label1.mp3,1
conv_07403_label0.mp3,0
conv_06800_label0.mp3,0
conv_11277_label1.mp3,1
conv_04604_label0.mp3,0
conv_04998_label0.mp3,0
conv_18411_label0.mp3,0
conv_17101_label0.mp3,0
conv_00329_label0.mp3,0
conv_14727_label1.mp3,1
conv_06093_label0.mp3,0
conv_02010_label1.mp3,1
conv_03669_label1.mp3,1
conv_03098_label1.mp3,1
conv_02266_label0.mp3,0
conv_16549_label1.mp3,1
conv_10372_label1.mp3,1
conv_17822_label0.mp3,0
conv_09671_label0.mp3,0
conv_02710_label1.mp3,1
conv_21110_label1.mp3,1
conv_17083_label0.mp3,0
conv_04473_label1.mp3,1
conv_19346_label0.mp3,0
conv_09136_label0.mp3,0
conv_16792_label0.mp3,0
conv_12761_label1.mp3,1
conv_10178_label1.mp3,1
conv_07260_label0.mp3,0
conv_18324_label1.mp3,1
conv_19608_label1.mp3,1
conv_20056_label0.mp3,0
conv_11967_label1.mp3,1
conv_01823_label0.mp3,0
conv_17402_label1.mp3,1
conv_18711_label0.mp3,0
conv_14441_label0.mp3,0
conv_12961_label1.mp3,1
conv_08997_label0.mp3,0
conv_08632_label1.mp3,1
conv_18831_label0.mp3,0
conv_17363_label1.mp3,1
conv_09749_label1.mp3,1
conv_15002_label0.mp3,0
conv_09874_label1.mp3,1
conv_01198_label1.mp3,1
conv_12195_label0.mp3,0
conv_17430_label0.mp3,0
conv_07399_label0.mp3,0
conv_21350_label0.mp3,0
conv_14461_label0.mp3,0
conv_04073_label1.mp3,1
conv_02699_label0.mp3,0
conv_03314_label0.mp3,0
conv_15191_label0.mp3,0
conv_13074_label0.mp3,0
conv_00947_label1.mp3,1
conv_01009_label0.mp3,0
conv_14371_label0.mp3,0
conv_04627_label1.mp3,1
conv_12095_label1.mp3,1
conv_18846_label1.mp3,1
conv_17454_label1.mp3,1
conv_03374_label0.mp3,0
conv_04324_label0.mp3,0
conv_15238_label0.mp3,0
conv_07277_label0.mp3,0
conv_14228_label0.mp3,0
conv_08591_label1.mp3,1
conv_00087_label1.mp3,1
conv_04592_label1.mp3,1
conv_16365_label1.mp3,1
conv_13120_label0.mp3,0
conv_06602_label0.mp3,0
conv_15980_label1.mp3,1
conv_10064_label0.mp3,0
conv_14439_label1.mp3,1
conv_19790_label0.mp3,0
conv_06564_label1.mp3,1
conv_01008_label0.mp3,0
conv_12121_label1.mp3,1
conv_16919_label1.mp3,1
conv_05128_label1.mp3,1
conv_13004_label1.mp3,1
conv_02719_label1.mp3,1
conv_20268_label1.mp3,1
conv_00078_label0.mp3,0
conv_05411_label0.mp3,0
conv_01936_label1.mp3,1
conv_10452_label1.mp3,1
conv_00774_label1.mp3,1
conv_01070_label1.mp3,1
conv_16415_label0.mp3,0
conv_00554_label0.mp3,0
conv_11645_label0.mp3,0
conv_14181_label1.mp3,1
conv_09261_label0.mp3,0
conv_13383_label0.mp3,0
conv_05055_label0.mp3,0
conv_07278_label1.mp3,1
conv_12801_label0.mp3,0
conv_16671_label0.mp3,0
conv_18191_label0.mp3,0
conv_15414_label0.mp3,0
conv_12974_label1.mp3,1
conv_01511_label1.mp3,1
conv_12827_label1.mp3,1
conv_01593_label0.mp3,0
conv_17737_label0.mp3,0
conv_18970_label0.mp3,0
conv_19931_label0.mp3,0
conv_06036_label0.mp3,0
conv_15650_label1.mp3,1
conv_14506_label0.mp3,0
conv_18043_label1.mp3,1
conv_03834_label0.mp3,0
conv_06505_label0.mp3,0
conv_01853_label0.mp3,0
conv_05530_label1.mp3,1
conv_15432_label0.mp3,0
conv_06784_label1.mp3,1
conv_20910_label1.mp3,1
conv_17376_label0.mp3,0
conv_10813_label1.mp3,1
conv_07524_label1.mp3,1
conv_20395_label0.mp3,0
conv_05872_label1.mp3,1
conv_08483_label0.mp3,0
conv_07535_label0.mp3,0
conv_12399_label1.mp3,1
conv_20985_label1.mp3,1
conv_16535_label1.mp3,1
conv_11352_label1.mp3,1
conv_07880_label1.mp3,1
conv_14137_label1.mp3,1
conv_11724_label1.mp3,1
conv_08932_label1.mp3,1
conv_19364_label0.mp3,0
conv_00486_label0.mp3,0
conv_01820_label1.mp3,1
conv_10328_label1.mp3,1
conv_19961_label0.mp3,0
conv_07576_label1.mp3,1
conv_03706_label0.mp3,0
conv_07253_label0.mp3,0
conv_17659_label0.mp3,0
conv_19568_label1.mp3,1
conv_14485_label0.mp3,0
conv_01793_label0.mp3,0
conv_12423_label1.mp3,1
conv_05678_label0.mp3,0
conv_19614_label1.mp3,1
conv_06798_label0.mp3,0
conv_06067_label0.mp3,0
conv_10050_label0.mp3,0
conv_15916_label0.mp3,0
conv_13903_label0.mp3,0
conv_12739_label0.mp3,0
conv_08372_label1.mp3,1
conv_21196_label0.mp3,0
conv_13102_label0.mp3,0
conv_00045_label0.mp3,0
conv_07827_label0.mp3,0
conv_19857_label1.mp3,1
conv_17296_label1.mp3,1
conv_06611_label1.mp3,1
conv_12320_label0.mp3,0
conv_14269_label0.mp3,0
conv_03152_label1.mp3,1
conv_05760_label0.mp3,0
conv_07807_label0.mp3,0
conv_03003_label0.mp3,0
conv_07383_label1.mp3,1
conv_15541_label0.mp3,0
conv_06774_label1.mp3,1
conv_16446_label1.mp3,1
conv_09501_label0.mp3,0
conv_05925_label0.mp3,0
conv_15289_label1.mp3,1
conv_04564_label1.mp3,1
conv_09265_label1.mp3,1
conv_01640_label1.mp3,1
conv_05566_label0.mp3,0
conv_13121_label1.mp3,1
conv_21298_label0.mp3,0
conv_04924_label0.mp3,0
conv_09360_label0.mp3,0
conv_20101_label0.mp3,0
conv_03816_label0.mp3,0
conv_17940_label1.mp3,1
conv_10176_label1.mp3,1
conv_03119_label0.mp3,0
conv_01159_label1.mp3,1
conv_18245_label1.mp3,1
conv_19935_label0.mp3,0
conv_19199_label0.mp3,0
conv_11081_label1.mp3,1
conv_15446_label0.mp3,0
conv_10589_label0.mp3,0
conv_06214_label0.mp3,0
conv_04472_label1.mp3,1
conv_14230_label0.mp3,0
conv_03824_label1.mp3,1
conv_15690_label1.mp3,1
conv_02786_label0.mp3,0
conv_20828_label1.mp3,1
conv_19191_label0.mp3,0
conv_09541_label1.mp3,1
conv_06333_label1.mp3,1
conv_08420_label0.mp3,0
conv_15729_label1.mp3,1
conv_10673_label0.mp3,0
conv_10462_label1.mp3,1
conv_10397_label0.mp3,0
conv_12828_label1.mp3,1
conv_20906_label1.mp3,1
conv_11616_label1.mp3,1
conv_05859_label1.mp3,1
conv_21200_label1.mp3,1
conv_06353_label1.mp3,1
conv_20044_label1.mp3,1
conv_04840_label1.mp3,1
conv_07892_label1.mp3,1
conv_18837_label1.mp3,1
conv_02118_label0.mp3,0
conv_03303_label0.mp3,0
conv_00439_label1.mp3,1
conv_18081_label0.mp3,0
conv_09758_label0.mp3,0
conv_14047_label1.mp3,1
conv_08748_label1.mp3,1
conv_19488_label1.mp3,1
conv_11222_label1.mp3,1
conv_05717_label0.mp3,0
conv_15472_label0.mp3,0
conv_03586_label0.mp3,0
conv_08351_label0.mp3,0
conv_06676_label0.mp3,0
conv_09451_label1.mp3,1
conv_08123_label1.mp3,1
conv_07676_label0.mp3,0
conv_07509_label0.mp3,0
conv_05077_label1.mp3,1
conv_14430_label1.mp3,1
conv_03625_label1.mp3,1
conv_00371_label1.mp3,1
conv_01436_label0.mp3,0
conv_06669_label0.mp3,0
conv_18355_label1.mp3,1
conv_05785_label1.mp3,1
conv_20523_label1.mp3,1
conv_14549_label0.mp3,0
conv_14950_label1.mp3,1
conv_13191_label0.mp3,0
conv_13500_label0.mp3,0
conv_05380_label1.mp3,1
conv_20572_label0.mp3,0
conv_09647_label0.mp3,0
conv_06330_label0.mp3,0
conv_12084_label1.mp3,1
conv_18038_label1.mp3,1
conv_17598_label1.mp3,1
conv_02619_label0.mp3,0
conv_03591_label0.mp3,0
conv_13265_label0.mp3,0
conv_14898_label1.mp3,1
conv_09487_label1.mp3,1
conv_00425_label1.mp3,1
conv_10417_label0.mp3,0
conv_20365_label1.mp3,1
conv_13351_label1.mp3,1
conv_07882_label0.mp3,0
conv_13313_label1.mp3,1
conv_07166_label0.mp3,0
conv_20377_label0.mp3,0
conv_16418_label1.mp3,1
conv_14766_label1.mp3,1
conv_11268_label0.mp3,0
conv_12004_label1.mp3,1
conv_15434_label1.mp3,1
conv_01041_label1.mp3,1
conv_18304_label1.mp3,1
conv_09748_label0.mp3,0
conv_08154_label1.mp3,1
conv_18433_label0.mp3,0
conv_10602_label1.mp3,1
conv_02314_label0.mp3,0
conv_12100_label0.mp3,0
conv_09078_label1.mp3,1
conv_15420_label0.mp3,0
conv_20952_label0.mp3,0
conv_06799_label1.mp3,1
conv_13395_label1.mp3,1
conv_15163_label0.mp3,0
conv_11858_label1.mp3,1
conv_16412_label1.mp3,1
conv_01903_label0.mp3,0
conv_17813_label1.mp3,1
conv_05961_label1.mp3,1
conv_15658_label1.mp3,1
conv_19623_label0.mp3,0
conv_02281_label1.mp3,1
conv_03120_label1.mp3,1
conv_05536_label0.mp3,0
conv_03192_label0.mp3,0
conv_04311_label0.mp3,0
conv_07744_label1.mp3,1
conv_01500_label1.mp3,1
conv_16513_label0.mp3,0
conv_10222_label1.mp3,1
conv_20787_label0.mp3,0
conv_11650_label0.mp3,0
conv_03360_label1.mp3,1
conv_07997_label0.mp3,0
conv_12670_label1.mp3,1
conv_07072_label0.mp3,0
conv_16875_label0.mp3,0
conv_12817_label0.mp3,0
conv_06343_label1.mp3,1
conv_16851_label1.mp3,1
conv_11604_label0.mp3,0
conv_11003_label0.mp3,0
conv_15812_label1.mp3,1
conv_00001_label1.mp3,1
conv_15140_label1.mp3,1
conv_20418_label0.mp3,0
conv_11756_label0.mp3,0
conv_01179_label1.mp3,1
conv_06101_label0.mp3,0
conv_14294_label0.mp3,0
conv_20481_label1.mp3,1
conv_06689_label0.mp3,0
conv_11935_label1.mp3,1
conv_16751_label1.mp3,1
conv_17604_label0.mp3,0
conv_01764_label1.mp3,1
conv_03846_label0.mp3,0
conv_09544_label1.mp3,1
conv_05102_label1.mp3,1
conv_14930_label1.mp3,1
conv_09689_label1.mp3,1
conv_04053_label1.mp3,1
conv_13062_label0.mp3,0
conv_07181_label1.mp3,1
conv_01056_label0.mp3,0
conv_10869_label0.mp3,0
conv_01722_label0.mp3,0
conv_15848_label0.mp3,0
conv_19483_label1.mp3,1
conv_01258_label1.mp3,1
conv_08132_label1.mp3,1
conv_12489_label0.mp3,0
conv_04381_label1.mp3,1
conv_14100_label1.mp3,1
conv_15348_label0.mp3,0
conv_11879_label0.mp3,0
conv_00618_label1.mp3,1
conv_11810_label0.mp3,0
conv_03612_label1.mp3,1
conv_01548_label0.mp3,0
conv_15890_label0.mp3,0
conv_19787_label0.mp3,0
conv_08025_label1.mp3,1
conv_02099_label1.mp3,1
conv_03825_label0.mp3,0
conv_16059_label1.mp3,1
conv_11522_label0.mp3,0
conv_15423_label1.mp3,1
conv_18532_label0.mp3,0
conv_05521_label0.mp3,0
conv_15751_label0.mp3,0
conv_02760_label0.mp3,0
conv_16710_label1.mp3,1
conv_00476_label0.mp3,0
conv_18892_label0.mp3,0
conv_05795_label1.mp3,1
conv_15805_label1.mp3,1
conv_05270_label1.mp3,1
conv_17925_label1.mp3,1
conv_11339_label1.mp3,1
conv_06294_label1.mp3,1
conv_15354_label0.mp3,0
conv_09127_label0.mp3,0
conv_06202_label1.mp3,1
conv_16743_label0.mp3,0
conv_09209_label1.mp3,1
conv_01371_label0.mp3,0
conv_16902_label1.mp3,1
conv_01586_label1.mp3,1
conv_14810_label0.mp3,0
conv_02999_label0.mp3,0
conv_05196_label1.mp3,1
conv_20854_label0.mp3,0
conv_16886_label0.mp3,0
conv_10091_label1.mp3,1
conv_18396_label1.mp3,1
conv_00319_label0.mp3,0
conv_20883_label1.mp3,1
conv_14551_label0.mp3,0
conv_05266_label1.mp3,1
conv_16890_label1.mp3,1
conv_13737_label1.mp3,1
conv_09041_label0.mp3,0
conv_11133_label0.mp3,0
conv_19038_label1.mp3,1
conv_04821_label0.mp3,0
conv_18025_label0.mp3,0
conv_15590_label0.mp3,0
conv_14090_label0.mp3,0
conv_08900_label1.mp3,1
conv_00265_label0.mp3,0
conv_16017_label0.mp3,0
conv_17707_label1.mp3,1
conv_13072_label1.mp3,1
conv_15412_label0.mp3,0
conv_13243_label0.mp3,0
conv_01002_label1.mp3,1
conv_16712_label1.mp3,1
conv_09839_label1.mp3,1
conv_04432_label0.mp3,0
conv_13753_label1.mp3,1
conv_12966_label1.mp3,1
conv_00570_label1.mp3,1
conv_02833_label1.mp3,1
conv_01906_label0.mp3,0
conv_13975_label1.mp3,1
conv_02602_label1.mp3,1
conv_11166_label1.mp3,1
conv_06601_label1.mp3,1
conv_16192_label0.mp3,0
conv_07748_label1.mp3,1
conv_15797_label1.mp3,1
conv_04156_label1.mp3,1
conv_16980_label1.mp3,1
conv_05984_label1.mp3,1
conv_19515_label0.mp3,0
conv_20092_label1.mp3,1
conv_00513_label1.mp3,1
conv_08103_label1.mp3,1
conv_13657_label1.mp3,1
conv_11793_label0.mp3,0
conv_05092_label1.mp3,1
conv_11877_label1.mp3,1
conv_03200_label1.mp3,1
conv_17481_label1.mp3,1
conv_18478_label1.mp3,1
conv_10028_label1.mp3,1
conv_19200_label1.mp3,1
conv_16447_label1.mp3,1
conv_19400_label1.mp3,1
conv_12293_label0.mp3,0
conv_06822_label0.mp3,0
conv_00409_label0.mp3,0
conv_02892_label1.mp3,1
conv_01746_label1.mp3,1
conv_17506_label0.mp3,0
conv_02467_label0.mp3,0
conv_06391_label0.mp3,0
conv_17952_label0.mp3,0
conv_10659_label1.mp3,1
conv_18575_label1.mp3,1
conv_06768_label0.mp3,0
conv_04321_label0.mp3,0
conv_17429_label1.mp3,1
conv_14180_label0.mp3,0
conv_12807_label0.mp3,0
conv_04765_label1.mp3,1
conv_16793_label0.mp3,0
conv_08703_label0.mp3,0
conv_07473_label1.mp3,1
conv_08142_label1.mp3,1
conv_04784_label0.mp3,0
conv_10732_label0.mp3,0
conv_18584_label0.mp3,0
conv_04712_label1.mp3,1
conv_14053_label0.mp3,0
conv_09364_label1.mp3,1
conv_05252_label0.mp3,0
conv_20897_label1.mp3,1
conv_09608_label0.mp3,0
conv_02616_label0.mp3,0
conv_09849_label0.mp3,0
conv_08627_label1.mp3,1
conv_20763_label0.mp3,0
conv_06594_label0.mp3,0
conv_06950_label1.mp3,1
conv_05324_label0.mp3,0
conv_01922_label1.mp3,1
conv_00887_label0.mp3,0
conv_16240_label0.mp3,0
conv_20510_label0.mp3,0
conv_11465_label1.mp3,1
conv_11359_label0.mp3,0
conv_15306_label1.mp3,1
conv_02577_label1.mp3,1
conv_08554_label1.mp3,1
conv_08235_label1.mp3,1
conv_01928_label1.mp3,1
conv_14193_label0.mp3,0
conv_12848_label0.mp3,0
conv_06374_label1.mp3,1
conv_09957_label0.mp3,0
conv_04636_label1.mp3,1
conv_01357_label0.mp3,0
conv_20682_label0.mp3,0
conv_17945_label0.mp3,0
conv_04307_label0.mp3,0
conv_09663_label0.mp3,0
conv_19687_label1.mp3,1
conv_19796_label1.mp3,1
conv_00109_label0.mp3,0
conv_03238_label0.mp3,0
conv_13018_label1.mp3,1
conv_10035_label0.mp3,0
conv_12723_label1.mp3,1
conv_19316_label0.mp3,0
conv_08118_label1.mp3,1
conv_12371_label0.mp3,0
conv_01507_label1.mp3,1
conv_13663_label1.mp3,1
conv_02302_label0.mp3,0
conv_20576_label1.mp3,1
conv_18578_label1.mp3,1
conv_04075_label0.mp3,0
conv_08274_label1.mp3,1
conv_18952_label0.mp3,0
conv_03358_label0.mp3,0
conv_17976_label0.mp3,0
conv_18156_label0.mp3,0
conv_05395_label0.mp3,0
conv_15814_label1.mp3,1
conv_18149_label1.mp3,1
conv_06411_label1.mp3,1
conv_14056_label0.mp3,0
conv_05691_label0.mp3,0
conv_10013_label1.mp3,1
conv_04962_label0.mp3,0
conv_16534_label1.mp3,1
conv_10769_label1.mp3,1
conv_04246_label0.mp3,0
conv_01366_label0.mp3,0
conv_02736_label0.mp3,0
conv_13453_label0.mp3,0
conv_18571_label0.mp3,0
conv_10839_label1.mp3,1
conv_07991_label0.mp3,0
conv_13136_label1.mp3,1
conv_05814_label0.mp3,0
conv_03385_label1.mp3,1
conv_01963_label0.mp3,0
conv_01107_label1.mp3,1
conv_14285_label1.mp3,1
conv_13939_label0.mp3,0
conv_14496_label1.mp3,1
conv_04773_label1.mp3,1
conv_00458_label1.mp3,1
conv_00050_label1.mp3,1
conv_19727_label1.mp3,1
conv_12167_label0.mp3,0
conv_03464_label1.mp3,1
conv_14465_label0.mp3,0
conv_12164_label1.mp3,1
conv_13336_label1.mp3,1
conv_06801_label1.mp3,1
conv_15855_label0.mp3,0
conv_11241_label1.mp3,1
conv_00586_label1.mp3,1
conv_01794_label1.mp3,1
conv_14811_label1.mp3,1
conv_13789_label1.mp3,1
conv_11473_label0.mp3,0
conv_06844_label1.mp3,1
conv_07351_label0.mp3,0
conv_09524_label0.mp3,0
conv_03542_label0.mp3,0
conv_00014_label0.mp3,0
conv_07940_label1.mp3,1
conv_03021_label0.mp3,0
conv_13896_label0.mp3,0
conv_16584_label0.mp3,0
conv_11949_label1.mp3,1
conv_02306_label1.mp3,1
conv_13750_label0.mp3,0
conv_19155_label0.mp3,0
conv_14124_label0.mp3,0
conv_13969_label1.mp3,1
conv_13511_label1.mp3,1
conv_03423_label1.mp3,1
conv_09611_label0.mp3,0
conv_15620_label1.mp3,1
conv_14564_label0.mp3,0
conv_08467_label1.mp3,1
conv_07924_label0.mp3,0
conv_20776_label0.mp3,0
conv_04897_label1.mp3,1
conv_15535_label1.mp3,1
conv_07536_label0.mp3,0
conv_04703_label1.mp3,1
conv_11428_label0.mp3,0
conv_19409_label1.mp3,1
conv_06714_label0.mp3,0
conv_10378_label1.mp3,1
conv_14204_label1.mp3,1
conv_05152_label1.mp3,1
conv_14297_label0.mp3,0
conv_06935_label0.mp3,0
conv_16023_label1.mp3,1
conv_20497_label1.mp3,1
conv_13538_label0.mp3,0
conv_14466_label1.mp3,1
conv_05928_label0.mp3,0
conv_08150_label1.mp3,1
conv_19853_label1.mp3,1
conv_13321_label0.mp3,0
conv_14847_label1.mp3,1
conv_13010_label1.mp3,1
conv_08079_label0.mp3,0
conv_00914_label1.mp3,1
conv_03188_label0.mp3,0
conv_09666_label0.mp3,0
conv_02805_label1.mp3,1
conv_05482_label1.mp3,1
conv_14933_label1.mp3,1
conv_09715_label1.mp3,1
conv_02678_label0.mp3,0
conv_03241_label0.mp3,0
conv_00608_label0.mp3,0
conv_11291_label1.mp3,1
conv_01879_label1.mp3,1
conv_05403_label0.mp3,0
conv_14388_label1.mp3,1
conv_13193_label1.mp3,1
conv_07996_label0.mp3,0
conv_17962_label1.mp3,1
conv_11325_label0.mp3,0
conv_17448_label0.mp3,0
conv_16102_label1.mp3,1
conv_01576_label1.mp3,1
conv_07610_label0.mp3,0
conv_03076_label1.mp3,1
conv_10597_label0.mp3,0
conv_20208_label1.mp3,1
conv_21267_label1.mp3,1
conv_04268_label1.mp3,1
conv_06471_label1.mp3,1
conv_11857_label1.mp3,1
conv_05656_label0.mp3,0
conv_07169_label1.mp3,1
conv_12775_label0.mp3,0
conv_03474_label1.mp3,1
conv_19827_label0.mp3,0
conv_07899_label1.mp3,1
conv_16500_label1.mp3,1
conv_20297_label1.mp3,1
conv_17135_label0.mp3,0
conv_14366_label1.mp3,1
conv_09722_label1.mp3,1
conv_00681_label0.mp3,0
conv_13494_label1.mp3,1
conv_04069_label1.mp3,1
conv_13436_label1.mp3,1
conv_06700_label0.mp3,0
conv_02024_label0.mp3,0
conv_00074_label0.mp3,0
conv_16948_label0.mp3,0
conv_13565_label0.mp3,0
conv_05058_label0.mp3,0
conv_13248_label0.mp3,0
conv_09673_label0.mp3,0
conv_14078_label1.mp3,1
conv_05821_label0.mp3,0
conv_16189_label0.mp3,0
conv_06368_label0.mp3,0
conv_08030_label1.mp3,1
conv_16094_label1.mp3,1
conv_17644_label1.mp3,1
conv_21056_label0.mp3,0
conv_06363_label0.mp3,0
conv_12154_label0.mp3,0
conv_10163_label1.mp3,1
conv_21116_label1.mp3,1
conv_10219_label1.mp3,1
conv_12691_label0.mp3,0
conv_11911_label1.mp3,1
conv_02440_label0.mp3,0
conv_13613_label0.mp3,0
conv_00582_label0.mp3,0
conv_06405_label0.mp3,0
conv_02614_label0.mp3,0
conv_01319_label0.mp3,0
conv_05170_label0.mp3,0
conv_15643_label1.mp3,1
conv_20200_label0.mp3,0
conv_17819_label1.mp3,1
conv_02428_label1.mp3,1
conv_14028_label1.mp3,1
conv_07139_label1.mp3,1
conv_06975_label0.mp3,0
conv_07692_label1.mp3,1
conv_08881_label1.mp3,1
conv_21041_label1.mp3,1
conv_17074_label1.mp3,1
conv_12906_label1.mp3,1
conv_17776_label0.mp3,0
conv_04615_label0.mp3,0
conv_13841_label0.mp3,0
conv_15439_label1.mp3,1
conv_08920_label0.mp3,0
conv_04841_label0.mp3,0
conv_02928_label0.mp3,0
conv_16057_label1.mp3,1
conv_03839_label1.mp3,1
conv_17628_label1.mp3,1
conv_20631_label0.mp3,0
conv_17026_label1.mp3,1
conv_16733_label0.mp3,0
conv_14210_label1.mp3,1
conv_13347_label0.mp3,0
conv_12098_label1.mp3,1
conv_05869_label1.mp3,1
conv_06174_label0.mp3,0
conv_10329_label0.mp3,0
conv_07601_label1.mp3,1
conv_10645_label0.mp3,0
conv_19883_label1.mp3,1
conv_14609_label1.mp3,1
conv_15902_label0.mp3,0
conv_11118_label0.mp3,0
conv_07471_label1.mp3,1
conv_19809_label0.mp3,0
conv_20955_label0.mp3,0
conv_07957_label1.mp3,1
conv_09589_label1.mp3,1
conv_19688_label0.mp3,0
conv_12516_label1.mp3,1
conv_13433_label1.mp3,1
conv_08375_label0.mp3,0
conv_15335_label1.mp3,1
conv_04146_label1.mp3,1
conv_03351_label0.mp3,0
conv_02005_label1.mp3,1
conv_03149_label1.mp3,1
conv_14630_label0.mp3,0
conv_15844_label1.mp3,1
conv_17594_label1.mp3,1
conv_05104_label1.mp3,1
conv_15479_label1.mp3,1
conv_09994_label1.mp3,1
conv_21320_label1.mp3,1
conv_20494_label1.mp3,1
conv_12265_label0.mp3,0
conv_01246_label0.mp3,0
conv_20407_label1.mp3,1
conv_19816_label1.mp3,1
conv_07320_label1.mp3,1
conv_09241_label0.mp3,0
conv_20947_label1.mp3,1
conv_08825_label1.mp3,1
conv_15090_label1.mp3,1
conv_15411_label1.mp3,1
conv_11085_label0.mp3,0
conv_05207_label1.mp3,1
conv_12772_label1.mp3,1
conv_10307_label0.mp3,0
conv_15520_label1.mp3,1
conv_21212_label1.mp3,1
conv_02179_label0.mp3,0
conv_13317_label1.mp3,1
conv_19665_label1.mp3,1
conv_01160_label1.mp3,1
conv_09664_label1.mp3,1
conv_15504_label1.mp3,1
conv_07087_label1.mp3,1
conv_15051_label0.mp3,0
conv_00689_label1.mp3,1
conv_05007_label0.mp3,0
conv_20275_label1.mp3,1
conv_16441_label1.mp3,1
conv_04684_label1.mp3,1
conv_04155_label0.mp3,0
conv_19389_label1.mp3,1
conv_07080_label0.mp3,0
conv_02374_label1.mp3,1
conv_04120_label0.mp3,0
conv_00260_label1.mp3,1
conv_19084_label0.mp3,0
conv_10319_label1.mp3,1
conv_03594_label1.mp3,1
conv_09644_label0.mp3,0
conv_02204_label1.mp3,1
conv_19777_label0.mp3,0
conv_20908_label1.mp3,1
conv_12991_label0.mp3,0
conv_05698_label0.mp3,0
conv_18175_label1.mp3,1
conv_11441_label1.mp3,1
conv_11553_label1.mp3,1
conv_05001_label0.mp3,0
conv_04978_label1.mp3,1
conv_03276_label1.mp3,1
conv_19108_label0.mp3,0
conv_06189_label0.mp3,0
conv_06640_label1.mp3,1
conv_01665_label0.mp3,0
conv_00297_label1.mp3,1
conv_17695_label1.mp3,1
conv_18668_label1.mp3,1
conv_04266_label0.mp3,0
conv_04823_label0.mp3,0
conv_14790_label0.mp3,0
conv_13533_label1.mp3,1
conv_10999_label1.mp3,1
conv_19439_label0.mp3,0
conv_07055_label0.mp3,0
conv_02479_label0.mp3,0
conv_00211_label0.mp3,0
conv_00802_label0.mp3,0
conv_00508_label1.mp3,1
conv_17936_label1.mp3,1
conv_12326_label0.mp3,0
conv_07920_label0.mp3,0
conv_05115_label0.mp3,0
conv_13837_label1.mp3,1
conv_15185_label0.mp3,0
conv_12899_label1.mp3,1
conv_04096_label0.mp3,0
conv_14978_label0.mp3,0
conv_19291_label0.mp3,0
conv_07135_label0.mp3,0
conv_03183_label0.mp3,0
conv_21193_label0.mp3,0
conv_17097_label0.mp3,0
conv_17577_label0.mp3,0
conv_10440_label0.mp3,0
conv_20215_label1.mp3,1
conv_17923_label1.mp3,1
conv_03046_label1.mp3,1
conv_00007_label1.mp3,1
conv_04186_label1.mp3,1
conv_04271_label1.mp3,1
conv_11013_label1.mp3,1
conv_07186_label0.mp3,0
conv_10595_label0.mp3,0
conv_00222_label0.mp3,0
conv_13292_label0.mp3,0
conv_05951_label1.mp3,1
conv_02127_label1.mp3,1
conv_01860_label0.mp3,0
conv_01448_label1.mp3,1
conv_01412_label0.mp3,0
conv_17342_label0.mp3,0
conv_16721_label1.mp3,1
conv_12553_label1.mp3,1
conv_09304_label1.mp3,1
conv_17347_label1.mp3,1
conv_14198_label0.mp3,0
conv_19958_label1.mp3,1
conv_12414_label0.mp3,0
conv_03010_label1.mp3,1
conv_03714_label1.mp3,1
conv_01194_label1.mp3,1
conv_07746_label1.mp3,1
conv_03685_label0.mp3,0
conv_10430_label1.mp3,1
conv_06552_label1.mp3,1
conv_17204_label0.mp3,0
conv_05117_label1.mp3,1
conv_01475_label1.mp3,1
conv_14779_label0.mp3,0
conv_13797_label1.mp3,1
conv_00785_label1.mp3,1
conv_19121_label0.mp3,0
conv_16366_label0.mp3,0
conv_10007_label1.mp3,1
conv_15244_label1.mp3,1
conv_03937_label1.mp3,1
conv_03427_label0.mp3,0
conv_16603_label1.mp3,1
conv_14961_label1.mp3,1
conv_05846_label0.mp3,0
conv_00117_label1.mp3,1
conv_14178_label0.mp3,0
conv_00956_label0.mp3,0
conv_05206_label0.mp3,0
conv_06963_label1.mp3,1
conv_04930_label0.mp3,0
conv_05549_label1.mp3,1
conv_06184_label1.mp3,1
conv_10310_label0.mp3,0
conv_09268_label1.mp3,1
conv_07890_label0.mp3,0
conv_03800_label0.mp3,0
conv_16464_label1.mp3,1
conv_14307_label1.mp3,1
conv_20620_label1.mp3,1
conv_02850_label0.mp3,0
conv_11472_label0.mp3,0
conv_19190_label0.mp3,0
conv_01574_label1.mp3,1
conv_07159_label1.mp3,1
conv_20287_label1.mp3,1
conv_20581_label0.mp3,0
conv_11706_label1.mp3,1
conv_04804_label0.mp3,0
conv_05067_label0.mp3,0
conv_08313_label0.mp3,0
conv_18590_label0.mp3,0
conv_05962_label0.mp3,0
conv_10651_label0.mp3,0
conv_09565_label0.mp3,0
conv_02488_label0.mp3,0
conv_07868_label0.mp3,0
conv_04855_label1.mp3,1
conv_09587_label0.mp3,0
conv_16218_label1.mp3,1
conv_07825_label0.mp3,0
conv_02945_label1.mp3,1
conv_17207_label0.mp3,0
conv_10034_label0.mp3,0
conv_09237_label1.mp3,1
conv_17751_label0.mp3,0
conv_01834_label1.mp3,1
conv_11531_label1.mp3,1
conv_09699_label0.mp3,0
conv_12382_label1.mp3,1
conv_12924_label0.mp3,0
conv_11892_label0.mp3,0
conv_11491_label0.mp3,0
conv_00631_label1.mp3,1
conv_00953_label0.mp3,0
conv_07539_label0.mp3,0
conv_14190_label0.mp3,0
conv_07121_label1.mp3,1
conv_19558_label0.mp3,0
conv_01720_label1.mp3,1
conv_02355_label0.mp3,0
conv_05255_label0.mp3,0
conv_09523_label0.mp3,0
conv_00805_label1.mp3,1
conv_03344_label1.mp3,1
conv_17739_label1.mp3,1
conv_17568_label0.mp3,0
conv_03429_label1.mp3,1
conv_09872_label0.mp3,0
conv_08146_label0.mp3,0
conv_09002_label0.mp3,0
conv_10018_label1.mp3,1
conv_05497_label0.mp3,0
conv_11029_label1.mp3,1
conv_07846_label1.mp3,1
conv_00776_label1.mp3,1
conv_12794_label0.mp3,0
conv_09162_label0.mp3,0
conv_20110_label0.mp3,0
conv_02163_label1.mp3,1
conv_03736_label1.mp3,1
conv_00605_label0.mp3,0
conv_19969_label0.mp3,0
conv_18638_label1.mp3,1
conv_14558_label1.mp3,1
conv_01524_label1.mp3,1
conv_01382_label0.mp3,0
conv_11740_label0.mp3,0
conv_08307_label1.mp3,1
conv_20045_label0.mp3,0
conv_09096_label0.mp3,0
conv_00322_label1.mp3,1
conv_01065_label0.mp3,0
conv_11107_label1.mp3,1
conv_20511_label1.mp3,1
conv_14143_label0.mp3,0
conv_15560_label0.mp3,0
conv_20767_label1.mp3,1
conv_18847_label1.mp3,1
conv_04236_label1.mp3,1
conv_02882_label0.mp3,0
conv_12799_label0.mp3,0
conv_13808_label1.mp3,1
conv_07343_label1.mp3,1
conv_08255_label0.mp3,0
conv_19882_label1.mp3,1
conv_13249_label1.mp3,1
conv_09498_label1.mp3,1
conv_17399_label1.mp3,1
conv_09298_label1.mp3,1
conv_15358_label0.mp3,0
conv_01597_label1.mp3,1
conv_06732_label1.mp3,1
conv_07112_label0.mp3,0
conv_03931_label0.mp3,0
conv_17820_label1.mp3,1
conv_04805_label1.mp3,1
conv_20622_label0.mp3,0
conv_06038_label0.mp3,0
conv_13638_label0.mp3,0
conv_08359_label1.mp3,1
conv_19933_label1.mp3,1
conv_05396_label1.mp3,1
conv_18356_label1.mp3,1
conv_01519_label1.mp3,1
conv_09581_label1.mp3,1
conv_18289_label1.mp3,1
conv_08922_label0.mp3,0
conv_17678_label0.mp3,0
conv_04080_label0.mp3,0
conv_20493_label0.mp3,0
conv_06034_label0.mp3,0
conv_15771_label0.mp3,0
conv_12081_label0.mp3,0
conv_11025_label0.mp3,0
conv_05017_label1.mp3,1
conv_01146_label0.mp3,0
conv_04184_label0.mp3,0
conv_06855_label1.mp3,1
conv_14938_label1.mp3,1
conv_12676_label1.mp3,1
conv_10358_label1.mp3,1
conv_00105_label1.mp3,1
conv_14666_label1.mp3,1
conv_05794_label1.mp3,1
conv_08247_label1.mp3,1
conv_06052_label0.mp3,0
conv_04376_label1.mp3,1
conv_15314_label0.mp3,0
conv_15398_label1.mp3,1
conv_06991_label1.mp3,1
conv_01896_label0.mp3,0
conv_13888_label1.mp3,1
conv_06119_label0.mp3,0
conv_15601_label0.mp3,0
conv_15418_label0.mp3,0
conv_11640_label0.mp3,0
conv_03175_label0.mp3,0
conv_15591_label1.mp3,1
conv_04595_label0.mp3,0
conv_15554_label1.mp3,1
conv_00654_label0.mp3,0
conv_19250_label1.mp3,1
conv_02463_label0.mp3,0
conv_16238_label0.mp3,0
conv_04380_label0.mp3,0
conv_10161_label1.mp3,1
conv_08822_label0.mp3,0
conv_19019_label1.mp3,1
conv_12220_label0.mp3,0
conv_07197_label0.mp3,0
conv_01442_label1.mp3,1
conv_03845_label0.mp3,0
conv_09575_label0.mp3,0
conv_18475_label0.mp3,0
conv_16533_label1.mp3,1
conv_19090_label0.mp3,0
conv_08984_label0.mp3,0
conv_01031_label1.mp3,1
conv_01932_label0.mp3,0
conv_18880_label0.mp3,0
conv_21275_label0.mp3,0
conv_20661_label1.mp3,1
conv_01422_label0.mp3,0
conv_00132_label0.mp3,0
conv_03693_label0.mp3,0
conv_03995_label0.mp3,0
conv_07292_label1.mp3,1
conv_17545_label0.mp3,0
conv_02971_label0.mp3,0
conv_17408_label0.mp3,0
conv_01577_label1.mp3,1
conv_04679_label1.mp3,1
conv_14377_label0.mp3,0
conv_19781_label1.mp3,1
conv_15233_label1.mp3,1
conv_08370_label1.mp3,1
conv_08057_label1.mp3,1
conv_09863_label1.mp3,1
conv_11280_label1.mp3,1
conv_14195_label0.mp3,0
conv_19994_label0.mp3,0
conv_16211_label0.mp3,0
conv_13327_label1.mp3,1
conv_02284_label1.mp3,1
conv_21181_label0.mp3,0
conv_15337_label0.mp3,0
conv_18605_label0.mp3,0
conv_04886_label0.mp3,0
conv_08908_label1.mp3,1
conv_02098_label0.mp3,0
conv_11480_label0.mp3,0
conv_11333_label1.mp3,1
conv_11479_label1.mp3,1
conv_05993_label0.mp3,0
conv_10100_label0.mp3,0
conv_13285_label1.mp3,1
conv_12334_label0.mp3,0
conv_14045_label1.mp3,1
conv_14490_label1.mp3,1
conv_03883_label1.mp3,1
conv_13758_label1.mp3,1
conv_19553_label0.mp3,0
conv_11968_label1.mp3,1
conv_10101_label0.mp3,0
conv_07986_label1.mp3,1
conv_03646_label0.mp3,0
conv_02727_label1.mp3,1
conv_06924_label0.mp3,0
conv_11209_label0.mp3,0
conv_19339_label1.mp3,1
conv_10498_label1.mp3,1
conv_14874_label1.mp3,1
conv_16723_label1.mp3,1
conv_01334_label0.mp3,0
conv_11894_label0.mp3,0
conv_14965_label0.mp3,0
conv_12907_label0.mp3,0
conv_02640_label0.mp3,0
conv_02951_label0.mp3,0
conv_15366_label0.mp3,0
conv_18602_label1.mp3,1
conv_20610_label1.mp3,1
conv_10195_label0.mp3,0
conv_03336_label0.mp3,0
conv_04883_label1.mp3,1
conv_08868_label1.mp3,1
conv_17580_label1.mp3,1
conv_12531_label0.mp3,0
conv_17765_label0.mp3,0
conv_07553_label0.mp3,0
conv_00664_label1.mp3,1
conv_14276_label0.mp3,0
conv_08191_label1.mp3,1
conv_16645_label0.mp3,0
conv_14869_label1.mp3,1
conv_05080_label0.mp3,0
conv_08454_label1.mp3,1
conv_08501_label1.mp3,1
conv_18561_label0.mp3,0
conv_11549_label1.mp3,1
conv_01564_label0.mp3,0
conv_20624_label1.mp3,1
conv_05301_label0.mp3,0
conv_10108_label1.mp3,1
conv_13174_label1.mp3,1
conv_02843_label0.mp3,0
conv_03550_label0.mp3,0
conv_16699_label0.mp3,0
conv_07017_label1.mp3,1
conv_05840_label0.mp3,0
conv_15722_label0.mp3,0
conv_10475_label1.mp3,1
conv_10631_label0.mp3,0
conv_02117_label1.mp3,1
conv_01808_label1.mp3,1
conv_00269_label1.mp3,1
conv_03587_label0.mp3,0
conv_07307_label1.mp3,1
conv_15285_label1.mp3,1
conv_10005_label1.mp3,1
conv_11544_label0.mp3,0
conv_12229_label1.mp3,1
conv_18106_label1.mp3,1
conv_04539_label0.mp3,0
conv_19312_label0.mp3,0
conv_18098_label1.mp3,1
conv_00907_label1.mp3,1
conv_04000_label1.mp3,1
conv_00984_label0.mp3,0
conv_02210_label0.mp3,0
conv_06973_label0.mp3,0
conv_20293_label0.mp3,0
conv_03895_label1.mp3,1
conv_02659_label1.mp3,1
conv_04899_label0.mp3,0
conv_20778_label0.mp3,0
conv_06192_label1.mp3,1
conv_07465_label1.mp3,1
conv_04284_label1.mp3,1
conv_14127_label1.mp3,1
conv_05651_label1.mp3,1
conv_01707_label1.mp3,1
conv_03230_label1.mp3,1
conv_08800_label1.mp3,1
conv_20437_label1.mp3,1
conv_18201_label0.mp3,0
conv_09464_label0.mp3,0
conv_17532_label1.mp3,1
conv_18647_label1.mp3,1
conv_09894_label0.mp3,0
conv_00781_label0.mp3,0
conv_01776_label0.mp3,0
conv_02990_label0.mp3,0
conv_16827_label0.mp3,0
conv_08972_label0.mp3,0
conv_12948_label1.mp3,1
conv_10438_label0.mp3,0
conv_08167_label1.mp3,1
conv_01608_label0.mp3,0
conv_15896_label1.mp3,1
conv_20566_label1.mp3,1
conv_12421_label0.mp3,0
conv_11005_label0.mp3,0
conv_15972_label1.mp3,1
conv_18218_label0.mp3,0
conv_16123_label0.mp3,0
conv_20100_label1.mp3,1
conv_03196_label0.mp3,0
conv_02873_label0.mp3,0
conv_21165_label1.mp3,1
conv_10342_label0.mp3,0
conv_02419_label1.mp3,1
conv_05737_label1.mp3,1
conv_00161_label0.mp3,0
conv_09068_label1.mp3,1
conv_21124_label0.mp3,0
conv_13167_label1.mp3,1
conv_10952_label0.mp3,0
conv_05157_label1.mp3,1
conv_15456_label0.mp3,0
conv_04648_label1.mp3,1
conv_04378_label1.mp3,1
conv_19976_label1.mp3,1
conv_12973_label1.mp3,1
conv_03660_label1.mp3,1
conv_13956_label1.mp3,1
conv_10318_label1.mp3,1
conv_16467_label1.mp3,1
conv_19342_label1.mp3,1
conv_04379_label0.mp3,0
conv_05628_label0.mp3,0
conv_16315_label1.mp3,1
conv_02669_label1.mp3,1
conv_13006_label1.mp3,1
conv_09908_label0.mp3,0
conv_02520_label1.mp3,1
conv_19793_label1.mp3,1
conv_18298_label0.mp3,0
conv_11700_label0.mp3,0
conv_18533_label1.mp3,1
conv_06245_label0.mp3,0
conv_04255_label1.mp3,1
conv_07162_label1.mp3,1
conv_20772_label0.mp3,0
conv_13521_label0.mp3,0
conv_08311_label0.mp3,0
conv_15061_label0.mp3,0
conv_01335_label0.mp3,0
conv_10094_label0.mp3,0
conv_16809_label1.mp3,1
conv_07716_label1.mp3,1
conv_18501_label1.mp3,1
conv_20474_label0.mp3,0
conv_20888_label0.mp3,0
conv_00960_label0.mp3,0
conv_12125_label1.mp3,1
conv_08576_label1.mp3,1
conv_03951_label0.mp3,0
conv_01011_label0.mp3,0
conv_15789_label0.mp3,0
conv_03855_label0.mp3,0
conv_00786_label1.mp3,1
conv_18358_label1.mp3,1
conv_08768_label0.mp3,0
conv_08564_label1.mp3,1
conv_12149_label0.mp3,0
conv_19476_label0.mp3,0
conv_21201_label1.mp3,1
conv_05015_label0.mp3,0
conv_12541_label1.mp3,1
conv_14602_label1.mp3,1
conv_02055_label0.mp3,0
conv_00434_label1.mp3,1
conv_14257_label0.mp3,0
conv_16695_label1.mp3,1
conv_04248_label0.mp3,0
conv_09642_label1.mp3,1
conv_04741_label1.mp3,1
conv_02475_label0.mp3,0
conv_14868_label0.mp3,0
conv_17584_label0.mp3,0
conv_13928_label1.mp3,1
conv_16585_label1.mp3,1
conv_03222_label1.mp3,1
conv_20796_label0.mp3,0
conv_21266_label0.mp3,0
conv_14321_label0.mp3,0
conv_20885_label0.mp3,0
conv_03226_label1.mp3,1
conv_19846_label0.mp3,0
conv_10260_label0.mp3,0
conv_09971_label0.mp3,0
conv_18326_label1.mp3,1
conv_04265_label1.mp3,1
conv_04789_label1.mp3,1
conv_11715_label1.mp3,1
conv_08731_label0.mp3,0
conv_18300_label1.mp3,1
conv_09569_label1.mp3,1
conv_04340_label1.mp3,1
conv_18536_label0.mp3,0
conv_14519_label0.mp3,0
conv_18557_label1.mp3,1
conv_15301_label0.mp3,0
conv_15043_label0.mp3,0
conv_04162_label1.mp3,1
conv_11396_label0.mp3,0
conv_14591_label0.mp3,0
conv_12323_label1.mp3,1
conv_03397_label1.mp3,1
conv_18861_label1.mp3,1
conv_07161_label0.mp3,0
conv_13051_label0.mp3,0
conv_03758_label1.mp3,1
conv_04483_label0.mp3,0
conv_16502_label1.mp3,1
conv_14768_label1.mp3,1
conv_02027_label0.mp3,0
conv_06388_label0.mp3,0
conv_19769_label0.mp3,0
conv_00393_label1.mp3,1
conv_07302_label1.mp3,1
conv_11998_label1.mp3,1
conv_00622_label1.mp3,1
conv_15130_label0.mp3,0
conv_18206_label0.mp3,0
conv_04668_label1.mp3,1
conv_01291_label0.mp3,0
conv_09129_label1.mp3,1
conv_10110_label0.mp3,0
conv_19392_label0.mp3,0
conv_21332_label1.mp3,1
conv_18645_label1.mp3,1
conv_19963_label0.mp3,0
conv_00317_label0.mp3,0
conv_11885_label1.mp3,1
conv_19877_label1.mp3,1
conv_12282_label1.mp3,1
conv_11813_label0.mp3,0
conv_08578_label1.mp3,1
conv_21166_label0.mp3,0
conv_03059_label0.mp3,0
conv_14242_label0.mp3,0
conv_10212_label0.mp3,0
conv_01627_label1.mp3,1
conv_11662_label0.mp3,0
conv_13624_label0.mp3,0
conv_06873_label1.mp3,1
conv_00957_label1.mp3,1
conv_14376_label0.mp3,0
conv_01038_label0.mp3,0
conv_07299_label1.mp3,1
conv_13845_label1.mp3,1
conv_19204_label1.mp3,1
conv_14505_label0.mp3,0
conv_01259_label0.mp3,0
conv_11373_label0.mp3,0
conv_01486_label0.mp3,0
conv_12889_label1.mp3,1
conv_07757_label1.mp3,1
conv_00353_label0.mp3,0
conv_15261_label1.mp3,1
conv_09765_label0.mp3,0
conv_18573_label0.mp3,0
conv_09506_label0.mp3,0
conv_13609_label1.mp3,1
conv_18222_label0.mp3,0
conv_13728_label1.mp3,1
conv_10363_label1.mp3,1
conv_07251_label1.mp3,1
conv_15426_label1.mp3,1
conv_05743_label0.mp3,0
conv_04308_label1.mp3,1
conv_16602_label0.mp3,0
conv_11496_label0.mp3,0
conv_05328_label1.mp3,1
conv_06456_label0.mp3,0
conv_16043_label0.mp3,0
conv_20997_label0.mp3,0
conv_08763_label1.mp3,1
conv_17541_label0.mp3,0
conv_14419_label0.mp3,0
conv_03640_label0.mp3,0
conv_04209_label0.mp3,0
conv_02492_label1.mp3,1
conv_12551_label1.mp3,1
conv_04012_label1.mp3,1
conv_00766_label0.mp3,0
conv_04979_label1.mp3,1
conv_08133_label0.mp3,0
conv_16039_label1.mp3,1
conv_02044_label0.mp3,0
conv_13343_label0.mp3,0
conv_19072_label0.mp3,0
conv_05867_label1.mp3,1
conv_06787_label1.mp3,1
conv_09387_label0.mp3,0
conv_18366_label0.mp3,0
conv_03556_label1.mp3,1
conv_17341_label1.mp3,1
conv_04322_label1.mp3,1
conv_09621_label1.mp3,1
conv_18712_label0.mp3,0
conv_10987_label1.mp3,1
conv_12643_label0.mp3,0
conv_18891_label1.mp3,1
conv_09374_label0.mp3,0
conv_20870_label1.mp3,1
conv_12054_label0.mp3,0
conv_07637_label0.mp3,0
conv_04976_label1.mp3,1
conv_14248_label1.mp3,1
conv_03710_label1.mp3,1
conv_14406_label0.mp3,0
conv_07750_label0.mp3,0
conv_06946_label1.mp3,1
conv_06072_label1.mp3,1
conv_10907_label1.mp3,1
conv_08300_label0.mp3,0
conv_18620_label1.mp3,1
conv_19660_label0.mp3,0
conv_10919_label0.mp3,0
conv_11512_label0.mp3,0
conv_13050_label1.mp3,1
conv_15064_label1.mp3,1
conv_17241_label0.mp3,0
conv_07269_label1.mp3,1
conv_13035_label0.mp3,0
conv_17586_label1.mp3,1
conv_02173_label0.mp3,0
conv_13361_label0.mp3,0
conv_10942_label0.mp3,0
conv_02423_label1.mp3,1
conv_13833_label0.mp3,0
conv_08224_label0.mp3,0
conv_07129_label1.mp3,1
conv_05390_label1.mp3,1
conv_01214_label0.mp3,0
conv_09639_label0.mp3,0
conv_01201_label1.mp3,1
conv_02720_label1.mp3,1
conv_05308_label1.mp3,1
conv_16274_label0.mp3,0
conv_13781_label0.mp3,0
conv_05349_label1.mp3,1
conv_06899_label0.mp3,0
conv_02641_label1.mp3,1
conv_03921_label0.mp3,0
conv_20639_label0.mp3,0
conv_01568_label1.mp3,1
conv_06426_label1.mp3,1
conv_16609_label1.mp3,1
conv_03647_label0.mp3,0
conv_20427_label1.mp3,1
conv_10881_label0.mp3,0
conv_18611_label1.mp3,1
conv_12785_label0.mp3,0
conv_02921_label1.mp3,1
conv_07871_label1.mp3,1
conv_18434_label1.mp3,1
conv_08398_label0.mp3,0
conv_08417_label1.mp3,1
conv_12273_label0.mp3,0
conv_08478_label1.mp3,1
conv_15822_label1.mp3,1
conv_05505_label1.mp3,1
conv_14327_label0.mp3,0
conv_17933_label0.mp3,0
conv_20933_label0.mp3,0
conv_21099_label1.mp3,1
conv_19557_label1.mp3,1
conv_11052_label0.mp3,0
conv_09641_label1.mp3,1
conv_14524_label1.mp3,1
conv_00616_label1.mp3,1
conv_10811_label1.mp3,1
conv_07318_label0.mp3,0
conv_03433_label0.mp3,0
conv_00490_label1.mp3,1
conv_16476_label0.mp3,0
conv_11684_label1.mp3,1
conv_20067_label1.mp3,1
conv_18249_label0.mp3,0
conv_16198_label1.mp3,1
conv_12330_label1.mp3,1
conv_16684_label0.mp3,0
conv_18521_label0.mp3,0
conv_19699_label1.mp3,1
conv_18749_label0.mp3,0
conv_02586_label1.mp3,1
conv_04640_label1.mp3,1
conv_15142_label1.mp3,1
conv_01666_label0.mp3,0
conv_02109_label1.mp3,1
conv_12771_label0.mp3,0
conv_18287_label0.mp3,0
conv_12341_label1.mp3,1
conv_15045_label0.mp3,0
conv_16996_label0.mp3,0
conv_18513_label0.mp3,0
conv_05082_label1.mp3,1
conv_12396_label0.mp3,0
conv_15718_label0.mp3,0
conv_13402_label1.mp3,1
conv_12502_label0.mp3,0
conv_19872_label0.mp3,0
conv_20316_label0.mp3,0
conv_14121_label0.mp3,0
conv_07994_label0.mp3,0
conv_05030_label1.mp3,1
conv_06117_label1.mp3,1
conv_00526_label1.mp3,1
conv_14059_label0.mp3,0
conv_18013_label1.mp3,1
conv_21263_label1.mp3,1
conv_13041_label1.mp3,1
conv_02551_label1.mp3,1
conv_07945_label0.mp3,0
conv_18776_label1.mp3,1
conv_19232_label1.mp3,1
conv_10450_label0.mp3,0
conv_05204_label0.mp3,0
conv_16794_label1.mp3,1
conv_20960_label1.mp3,1
conv_01204_label0.mp3,0
conv_01135_label0.mp3,0
conv_01097_label0.mp3,0
conv_00102_label0.mp3,0
conv_18759_label0.mp3,0
conv_00938_label1.mp3,1
conv_05627_label0.mp3,0
conv_11656_label0.mp3,0
conv_10561_label0.mp3,0
conv_20713_label1.mp3,1
conv_15801_label1.mp3,1
conv_01733_label0.mp3,0
conv_05774_label0.mp3,0
conv_04541_label1.mp3,1
conv_20309_label0.mp3,0
conv_17183_label0.mp3,0
conv_19201_label1.mp3,1
conv_17309_label1.mp3,1
conv_08306_label0.mp3,0
conv_17393_label0.mp3,0
conv_16022_label1.mp3,1
conv_19285_label1.mp3,1
conv_06179_label0.mp3,0
conv_14828_label1.mp3,1
conv_19673_label1.mp3,1
conv_13988_label0.mp3,0
conv_14682_label0.mp3,0
conv_19455_label1.mp3,1
conv_09767_label0.mp3,0
conv_05377_label0.mp3,0
conv_03692_label1.mp3,1
conv_11154_label0.mp3,0
conv_11395_label0.mp3,0
conv_11059_label1.mp3,1
conv_21069_label1.mp3,1
conv_12159_label1.mp3,1
conv_00301_label1.mp3,1
conv_03544_label1.mp3,1
conv_01970_label0.mp3,0
conv_09255_label0.mp3,0
conv_04195_label1.mp3,1
conv_01114_label1.mp3,1
conv_19492_label1.mp3,1
conv_19659_label0.mp3,0
conv_15046_label0.mp3,0
conv_00768_label1.mp3,1
conv_19607_label0.mp3,0
conv_19539_label1.mp3,1
conv_16111_label1.mp3,1
conv_00694_label0.mp3,0
conv_14282_label0.mp3,0
conv_07064_label1.mp3,1
conv_02735_label1.mp3,1
conv_05161_label0.mp3,0
conv_03295_label1.mp3,1
conv_11203_label1.mp3,1
conv_02895_label1.mp3,1
conv_16511_label0.mp3,0
conv_05438_label1.mp3,1
conv_16631_label0.mp3,0
conv_19681_label1.mp3,1
conv_08661_label0.mp3,0
conv_16657_label0.mp3,0
conv_20973_label1.mp3,1
conv_04570_label0.mp3,0
conv_19103_label1.mp3,1
conv_19444_label0.mp3,0
conv_12890_label0.mp3,0
conv_15242_label0.mp3,0
conv_15081_label0.mp3,0
conv_05838_label0.mp3,0
conv_18172_label0.mp3,0
conv_08365_label0.mp3,0
conv_01604_label1.mp3,1
conv_00197_label0.mp3,0
conv_09469_label0.mp3,0
conv_12689_label1.mp3,1
conv_07815_label1.mp3,1
conv_04147_label1.mp3,1
conv_04801_label1.mp3,1
conv_13617_label1.mp3,1
conv_09792_label1.mp3,1
conv_13201_label0.mp3,0
conv_21347_label1.mp3,1
conv_17609_label1.mp3,1
conv_00655_label1.mp3,1
conv_12428_label1.mp3,1
conv_18225_label1.mp3,1
conv_06856_label0.mp3,0
conv_13371_label0.mp3,0
conv_16112_label1.mp3,1
conv_14277_label1.mp3,1
conv_06905_label1.mp3,1
conv_14967_label0.mp3,0
conv_06579_label1.mp3,1
conv_06030_label1.mp3,1
conv_14629_label0.mp3,0
conv_12454_label0.mp3,0
conv_20919_label1.mp3,1
conv_15531_label1.mp3,1
conv_09780_label0.mp3,0
conv_09918_label1.mp3,1
conv_10949_label0.mp3,0
conv_03562_label0.mp3,0
conv_03147_label1.mp3,1
conv_14374_label0.mp3,0
conv_15719_label1.mp3,1
conv_16345_label0.mp3,0
conv_07635_label1.mp3,1
conv_02425_label1.mp3,1
conv_12755_label1.mp3,1
conv_06250_label1.mp3,1
conv_19830_label0.mp3,0
conv_15727_label1.mp3,1
conv_16763_label0.mp3,0
conv_19349_label0.mp3,0
conv_21061_label0.mp3,0
conv_18449_label1.mp3,1
conv_07283_label1.mp3,1
conv_03017_label0.mp3,0
conv_11066_label1.mp3,1
conv_09149_label1.mp3,1
conv_11908_label0.mp3,0
conv_16644_label1.mp3,1
conv_03455_label0.mp3,0
conv_14246_label1.mp3,1
conv_17913_label1.mp3,1
conv_17160_label1.mp3,1
conv_03236_label0.mp3,0
conv_14706_label1.mp3,1
conv_14667_label0.mp3,0
conv_12529_label1.mp3,1
conv_08063_label0.mp3,0
conv_10333_label1.mp3,1
conv_18485_label1.mp3,1
conv_05024_label0.mp3,0
conv_08992_label0.mp3,0
conv_18309_label0.mp3,0
conv_20266_label1.mp3,1
conv_04830_label1.mp3,1
conv_08308_label1.mp3,1
conv_15047_label0.mp3,0
conv_06118_label1.mp3,1
conv_02854_label0.mp3,0
conv_15489_label0.mp3,0
conv_12466_label1.mp3,1
conv_14216_label1.mp3,1
conv_05542_label1.mp3,1
conv_16037_label1.mp3,1
conv_16720_label1.mp3,1
conv_08502_label1.mp3,1
conv_20875_label0.mp3,0
conv_20129_label1.mp3,1
conv_20123_label1.mp3,1
conv_07044_label0.mp3,0
conv_19136_label1.mp3,1
conv_07003_label1.mp3,1
conv_03483_label1.mp3,1
conv_15623_label1.mp3,1
conv_09509_label0.mp3,0
conv_01299_label0.mp3,0
conv_19625_label0.mp3,0
conv_05735_label0.mp3,0
conv_19193_label0.mp3,0
conv_14556_label0.mp3,0
conv_16559_label0.mp3,0
conv_12965_label0.mp3,0
conv_16124_label1.mp3,1
conv_04408_label0.mp3,0
conv_00041_label0.mp3,0
conv_00724_label1.mp3,1
conv_02349_label0.mp3,0
conv_09465_label0.mp3,0
conv_19637_label1.mp3,1
conv_00291_label1.mp3,1
conv_02160_label0.mp3,0
conv_02631_label0.mp3,0
conv_00484_label0.mp3,0
conv_07308_label1.mp3,1
conv_12252_label0.mp3,0
conv_01481_label1.mp3,1
conv_00937_label0.mp3,0
conv_17679_label1.mp3,1
conv_05286_label1.mp3,1
conv_16552_label1.mp3,1
conv_13273_label0.mp3,0
conv_17931_label0.mp3,0
conv_15044_label1.mp3,1
conv_11407_label1.mp3,1
conv_08148_label0.mp3,0
conv_02056_label1.mp3,1
conv_19897_label1.mp3,1
conv_05251_label1.mp3,1
conv_19353_label0.mp3,0
conv_05787_label0.mp3,0
conv_11612_label1.mp3,1
conv_13415_label0.mp3,0
conv_08906_label1.mp3,1
conv_16903_label1.mp3,1
conv_11921_label0.mp3,0
conv_06201_label0.mp3,0
conv_19808_label1.mp3,1
conv_01749_label0.mp3,0
conv_04334_label1.mp3,1
conv_05559_label0.mp3,0
conv_15429_label1.mp3,1
conv_09266_label1.mp3,1
conv_17981_label1.mp3,1
conv_01958_label1.mp3,1
conv_11807_label0.mp3,0
conv_13515_label0.mp3,0
conv_20271_label0.mp3,0
conv_02741_label1.mp3,1
conv_20478_label1.mp3,1
conv_08624_label0.mp3,0
conv_21328_label1.mp3,1
conv_20534_label0.mp3,0
conv_08903_label0.mp3,0
conv_05781_label0.mp3,0
conv_03381_label0.mp3,0
conv_14773_label1.mp3,1
conv_16591_label0.mp3,0
conv_10461_label1.mp3,1
conv_15311_label0.mp3,0
conv_11148_label1.mp3,1
conv_19740_label1.mp3,1
conv_13472_label1.mp3,1
conv_14154_label1.mp3,1
conv_18160_label0.mp3,0
conv_04450_label0.mp3,0
conv_07819_label1.mp3,1
conv_03153_label0.mp3,0
conv_07081_label0.mp3,0
conv_20601_label0.mp3,0
conv_07699_label1.mp3,1
conv_04932_label1.mp3,1
conv_08830_label0.mp3,0
conv_14755_label1.mp3,1
conv_01701_label1.mp3,1
conv_17974_label1.mp3,1
conv_05059_label0.mp3,0
conv_02587_label0.mp3,0
conv_13305_label0.mp3,0
conv_14679_label1.mp3,1
conv_14123_label0.mp3,0
conv_05828_label0.mp3,0
conv_13474_label1.mp3,1
conv_09163_label0.mp3,0
conv_02451_label0.mp3,0
conv_11743_label0.mp3,0
conv_08869_label0.mp3,0
conv_12294_label1.mp3,1
conv_03823_label1.mp3,1
conv_20181_label1.mp3,1
conv_10884_label1.mp3,1
conv_10067_label1.mp3,1
conv_19152_label1.mp3,1
conv_11063_label0.mp3,0
conv_05146_label0.mp3,0
conv_05296_label0.mp3,0
conv_00303_label1.mp3,1
conv_17576_label1.mp3,1
conv_07140_label1.mp3,1
conv_13875_label0.mp3,0
conv_01080_label1.mp3,1
conv_19893_label1.mp3,1
conv_04755_label0.mp3,0
conv_18339_label1.mp3,1
conv_14804_label1.mp3,1
conv_16928_label0.mp3,0
conv_12611_label1.mp3,1
conv_00442_label1.mp3,1
conv_15982_label0.mp3,0
conv_11541_label0.mp3,0
conv_11628_label1.mp3,1
conv_00159_label0.mp3,0
conv_06928_label0.mp3,0
conv_04525_label1.mp3,1
conv_04571_label1.mp3,1
conv_13322_label0.mp3,0
conv_09931_label1.mp3,1
conv_12356_label0.mp3,0
conv_08081_label0.mp3,0
conv_20504_label1.mp3,1
conv_13124_label0.mp3,0
conv_19426_label1.mp3,1
conv_12843_label0.mp3,0
conv_07758_label1.mp3,1
conv_20251_label1.mp3,1
conv_14523_label0.mp3,0
conv_20611_label1.mp3,1
conv_04390_label0.mp3,0
conv_01997_label0.mp3,0
conv_08427_label0.mp3,0
conv_19459_label0.mp3,0
conv_09318_label0.mp3,0
conv_15518_label0.mp3,0
conv_00085_label0.mp3,0
conv_11449_label1.mp3,1
conv_03042_label1.mp3,1
conv_10575_label1.mp3,1
conv_17753_label1.mp3,1
conv_03019_label1.mp3,1
conv_06068_label1.mp3,1
conv_18765_label1.mp3,1
conv_02323_label1.mp3,1
conv_07266_label0.mp3,0
conv_12260_label1.mp3,1
conv_15089_label0.mp3,0
conv_00310_label1.mp3,1
conv_12546_label1.mp3,1
conv_07160_label1.mp3,1
conv_00635_label1.mp3,1
conv_19929_label0.mp3,0
conv_08940_label1.mp3,1
conv_20491_label0.mp3,0
conv_09948_label1.mp3,1
conv_17022_label1.mp3,1
conv_03219_label0.mp3,0
conv_17043_label0.mp3,0
conv_15444_label0.mp3,0
conv_08381_label1.mp3,1
conv_13510_label1.mp3,1
conv_04719_label1.mp3,1
conv_03250_label0.mp3,0
conv_19018_label0.mp3,0
conv_12665_label1.mp3,1
conv_00716_label0.mp3,0
conv_10014_label0.mp3,0
conv_03273_label0.mp3,0
conv_07089_label0.mp3,0
conv_06256_label1.mp3,1
conv_14962_label1.mp3,1
conv_03899_label1.mp3,1
conv_15475_label1.mp3,1
conv_02232_label0.mp3,0
conv_19898_label0.mp3,0
conv_19635_label0.mp3,0
conv_01636_label0.mp3,0
conv_18921_label1.mp3,1
conv_10823_label0.mp3,0
conv_18345_label1.mp3,1
conv_20221_label0.mp3,0
conv_16326_label0.mp3,0
conv_14642_label0.mp3,0
conv_16361_label1.mp3,1
conv_08071_label1.mp3,1
conv_03827_label0.mp3,0
conv_00976_label0.mp3,0
conv_03663_label0.mp3,0
conv_02546_label0.mp3,0
conv_13524_label0.mp3,0
conv_17264_label1.mp3,1
conv_04297_label0.mp3,0
conv_06502_label1.mp3,1
conv_18564_label1.mp3,1
conv_16084_label1.mp3,1
conv_17278_label1.mp3,1
conv_13388_label0.mp3,0
conv_13387_label0.mp3,0
conv_19274_label0.mp3,0
conv_02819_label0.mp3,0
conv_06378_label1.mp3,1
conv_14055_label0.mp3,0
conv_01914_label1.mp3,1
conv_05989_label0.mp3,0
conv_08521_label1.mp3,1
conv_11842_label0.mp3,0
conv_00354_label0.mp3,0
conv_21190_label1.mp3,1
conv_15481_label0.mp3,0
conv_18947_label1.mp3,1
conv_18708_label0.mp3,0
conv_02726_label0.mp3,0
conv_18265_label1.mp3,1
conv_11348_label0.mp3,0
conv_08026_label1.mp3,1
conv_05637_label1.mp3,1
conv_10818_label1.mp3,1
conv_11393_label1.mp3,1
conv_17218_label1.mp3,1
conv_05074_label1.mp3,1
conv_18615_label1.mp3,1
conv_06185_label0.mp3,0
conv_07109_label1.mp3,1
conv_02627_label0.mp3,0
conv_20618_label1.mp3,1
conv_01565_label1.mp3,1
conv_14935_label1.mp3,1
conv_09510_label1.mp3,1
conv_00118_label0.mp3,0
conv_13727_label0.mp3,0
conv_16307_label0.mp3,0
conv_17947_label1.mp3,1
conv_18210_label1.mp3,1
conv_11236_label0.mp3,0
conv_01679_label0.mp3,0
conv_18274_label1.mp3,1
conv_13245_label0.mp3,0
conv_04269_label0.mp3,0
conv_02457_label1.mp3,1
conv_04856_label1.mp3,1
conv_16520_label0.mp3,0
conv_12815_label1.mp3,1
conv_16106_label1.mp3,1
conv_10170_label1.mp3,1
conv_11474_label1.mp3,1
conv_01589_label0.mp3,0
conv_13919_label0.mp3,0
conv_07168_label1.mp3,1
conv_00516_label0.mp3,0
conv_07311_label0.mp3,0
conv_02379_label1.mp3,1
conv_00962_label1.mp3,1
conv_11895_label1.mp3,1
conv_04018_label1.mp3,1
conv_01814_label1.mp3,1
conv_16836_label0.mp3,0
conv_00697_label1.mp3,1
conv_13942_label1.mp3,1
conv_08064_label0.mp3,0
conv_04028_label0.mp3,0
conv_10516_label1.mp3,1
conv_16801_label1.mp3,1
conv_05822_label0.mp3,0
conv_16442_label0.mp3,0
conv_18764_label0.mp3,0
conv_07891_label1.mp3,1
conv_11822_label0.mp3,0
conv_10061_label0.mp3,0
conv_00999_label1.mp3,1
conv_05310_label0.mp3,0
conv_18750_label1.mp3,1
conv_01849_label1.mp3,1
conv_07844_label0.mp3,0
conv_14161_label0.mp3,0
conv_20837_label0.mp3,0
conv_00345_label0.mp3,0
conv_15453_label1.mp3,1
conv_19432_label0.mp3,0
conv_09476_label1.mp3,1
conv_17890_label1.mp3,1
conv_06009_label1.mp3,1
conv_09467_label0.mp3,0
conv_19177_label0.mp3,0
conv_19384_label1.mp3,1
conv_09952_label0.mp3,0
conv_04934_label0.mp3,0
conv_14196_label0.mp3,0
conv_02755_label0.mp3,0
conv_11095_label0.mp3,0
conv_08828_label0.mp3,0
conv_03477_label0.mp3,0
conv_11619_label0.mp3,0
conv_06297_label0.mp3,0
conv_19181_label0.mp3,0
conv_17891_label1.mp3,1
conv_18629_label1.mp3,1
conv_01469_label0.mp3,0
conv_07244_label1.mp3,1
conv_09154_label0.mp3,0
conv_02372_label1.mp3,1
conv_19058_label0.mp3,0
conv_19715_label1.mp3,1
conv_04347_label0.mp3,0
conv_16936_label1.mp3,1
conv_04296_label1.mp3,1
conv_01133_label1.mp3,1
conv_07051_label1.mp3,1
conv_01370_label1.mp3,1
conv_10351_label0.mp3,0
conv_13087_label0.mp3,0
conv_20890_label1.mp3,1
conv_00501_label0.mp3,0
conv_20696_label0.mp3,0
conv_02823_label0.mp3,0
conv_08276_label0.mp3,0
conv_06773_label0.mp3,0
conv_18816_label1.mp3,1
conv_01272_label1.mp3,1
conv_00529_label1.mp3,1
conv_04641_label1.mp3,1
conv_14949_label1.mp3,1
conv_11972_label1.mp3,1
conv_00367_label1.mp3,1
conv_01035_label1.mp3,1
conv_19601_label1.mp3,1
conv_03619_label1.mp3,1
conv_09610_label1.mp3,1
conv_04454_label1.mp3,1
conv_18471_label1.mp3,1
conv_08383_label0.mp3,0
conv_11128_label1.mp3,1
conv_13821_label0.mp3,0
conv_03268_label1.mp3,1
conv_21316_label1.mp3,1
conv_00406_label0.mp3,0
conv_16664_label0.mp3,0
conv_19737_label0.mp3,0
conv_00144_label1.mp3,1
conv_08688_label0.mp3,0
conv_05895_label1.mp3,1
conv_12716_label1.mp3,1
conv_06660_label0.mp3,0
conv_09980_label1.mp3,1
conv_20990_label1.mp3,1
conv_08006_label1.mp3,1
conv_04065_label1.mp3,1
conv_03409_label0.mp3,0
conv_18430_label0.mp3,0
conv_16105_label1.mp3,1
conv_06439_label1.mp3,1
conv_03292_label1.mp3,1
conv_04309_label1.mp3,1
conv_05105_label1.mp3,1
conv_04818_label0.mp3,0
conv_15625_label0.mp3,0
conv_16389_label0.mp3,0
conv_06650_label0.mp3,0
conv_09703_label1.mp3,1
conv_02650_label0.mp3,0
conv_08941_label0.mp3,0
conv_13175_label0.mp3,0
conv_15170_label1.mp3,1
conv_16113_label0.mp3,0
conv_11067_label1.mp3,1
conv_14373_label0.mp3,0
conv_18697_label1.mp3,1
conv_09883_label0.mp3,0
conv_09846_label1.mp3,1
conv_00257_label1.mp3,1
conv_07563_label1.mp3,1
conv_17510_label0.mp3,0
conv_12619_label1.mp3,1
conv_10586_label0.mp3,0
conv_19760_label1.mp3,1
conv_01083_label1.mp3,1
conv_02574_label0.mp3,0
conv_12528_label0.mp3,0
conv_20896_label1.mp3,1
conv_15082_label1.mp3,1
conv_13536_label1.mp3,1
conv_10573_label0.mp3,0
conv_18703_label1.mp3,1
conv_12911_label0.mp3,0
conv_04353_label0.mp3,0
conv_08728_label0.mp3,0
conv_12237_label1.mp3,1
conv_17077_label0.mp3,0
conv_11058_label0.mp3,0
conv_15116_label1.mp3,1
conv_14545_label1.mp3,1
conv_17353_label1.mp3,1
conv_01615_label0.mp3,0
conv_02178_label1.mp3,1
conv_00666_label0.mp3,0
conv_00566_label1.mp3,1
conv_00523_label0.mp3,0
conv_17883_label0.mp3,0
conv_15687_label1.mp3,1
conv_08892_label0.mp3,0
conv_16697_label1.mp3,1
conv_04631_label0.mp3,0
conv_04273_label1.mp3,1
conv_07488_label1.mp3,1
conv_09316_label0.mp3,0
conv_01835_label0.mp3,0
conv_11033_label1.mp3,1
conv_02706_label1.mp3,1
conv_11374_label0.mp3,0
conv_11964_label1.mp3,1
conv_03933_label1.mp3,1
conv_00139_label1.mp3,1
conv_13483_label0.mp3,0
conv_07660_label1.mp3,1
conv_11721_label0.mp3,0
conv_14889_label0.mp3,0
conv_04062_label0.mp3,0
conv_04849_label0.mp3,0
conv_02963_label1.mp3,1
conv_05930_label0.mp3,0
conv_07765_label1.mp3,1
conv_18670_label0.mp3,0
conv_08604_label1.mp3,1
conv_10998_label1.mp3,1
conv_05770_label0.mp3,0
conv_07677_label1.mp3,1
conv_18362_label1.mp3,1
conv_08379_label0.mp3,0
conv_12887_label1.mp3,1
conv_21068_label1.mp3,1
conv_08588_label1.mp3,1
conv_02045_label0.mp3,0
conv_13428_label1.mp3,1
conv_09426_label0.mp3,0
conv_18673_label1.mp3,1
conv_06236_label0.mp3,0
conv_19596_label0.mp3,0
conv_08391_label1.mp3,1
conv_00679_label0.mp3,0
conv_09543_label0.mp3,0
conv_10114_label0.mp3,0
conv_15923_label0.mp3,0
conv_14274_label0.mp3,0
conv_08041_label1.mp3,1
conv_17021_label1.mp3,1
conv_20871_label1.mp3,1
conv_06128_label1.mp3,1
conv_01093_label0.mp3,0
conv_13076_label1.mp3,1
conv_12225_label0.mp3,0
conv_14305_label0.mp3,0
conv_05711_label0.mp3,0
conv_15792_label0.mp3,0
conv_05987_label0.mp3,0
conv_05844_label0.mp3,0
conv_10625_label0.mp3,0
conv_08871_label0.mp3,0
conv_02553_label0.mp3,0
conv_12060_label1.mp3,1
conv_03386_label1.mp3,1
conv_07490_label1.mp3,1
conv_15745_label0.mp3,0
conv_15447_label1.mp3,1
conv_03315_label1.mp3,1
conv_03132_label0.mp3,0
conv_03890_label0.mp3,0
conv_00702_label1.mp3,1
conv_19357_label0.mp3,0
conv_12242_label1.mp3,1
conv_03596_label0.mp3,0
conv_19222_label1.mp3,1
conv_20967_label0.mp3,0
conv_16329_label1.mp3,1
conv_16619_label1.mp3,1
conv_08455_label0.mp3,0
conv_08464_label0.mp3,0
conv_16621_label1.mp3,1
conv_01792_label0.mp3,0
conv_10299_label0.mp3,0
conv_20986_label1.mp3,1
conv_18071_label1.mp3,1
conv_20709_label0.mp3,0
conv_02193_label1.mp3,1
conv_09831_label1.mp3,1
conv_18905_label0.mp3,0
conv_21101_label1.mp3,1
conv_13479_label1.mp3,1
conv_16826_label0.mp3,0
conv_10388_label1.mp3,1
conv_14653_label1.mp3,1
conv_01859_label0.mp3,0
conv_06408_label1.mp3,1
conv_06888_label1.mp3,1
conv_18466_label1.mp3,1
conv_08602_label1.mp3,1
conv_14791_label1.mp3,1
conv_12193_label0.mp3,0
conv_21235_label0.mp3,0
conv_00482_label0.mp3,0
conv_15258_label1.mp3,1
conv_17051_label0.mp3,0
conv_13790_label1.mp3,1
conv_16207_label1.mp3,1
conv_11074_label0.mp3,0
conv_06863_label0.mp3,0
conv_00012_label1.mp3,1
conv_00390_label1.mp3,1
conv_19320_label0.mp3,0
conv_10205_label0.mp3,0
conv_09449_label0.mp3,0
conv_04904_label1.mp3,1
conv_11514_label1.mp3,1
conv_18406_label0.mp3,0
conv_00649_label1.mp3,1
conv_03034_label1.mp3,1
conv_14398_label0.mp3,0
conv_19283_label1.mp3,1
conv_03539_label1.mp3,1
conv_10856_label0.mp3,0
conv_07450_label1.mp3,1
conv_16507_label1.mp3,1
conv_07514_label0.mp3,0
conv_11432_label0.mp3,0
conv_01301_label1.mp3,1
conv_11488_label0.mp3,0
conv_15363_label1.mp3,1
conv_14538_label0.mp3,0
conv_19960_label1.mp3,1
conv_13346_label0.mp3,0
conv_18194_label1.mp3,1
conv_17772_label1.mp3,1
conv_14017_label0.mp3,0
conv_15012_label1.mp3,1
conv_18633_label1.mp3,1
conv_20113_label0.mp3,0
conv_21075_label0.mp3,0
conv_11506_label0.mp3,0
conv_15389_label0.mp3,0
conv_02906_label0.mp3,0
conv_09297_label0.mp3,0
conv_00579_label1.mp3,1
conv_12701_label1.mp3,1
conv_15281_label0.mp3,0
conv_19110_label0.mp3,0
conv_18117_label1.mp3,1
conv_15468_label0.mp3,0
conv_00378_label1.mp3,1
conv_07664_label1.mp3,1
conv_11170_label0.mp3,0
conv_09176_label1.mp3,1
conv_06198_label1.mp3,1
conv_16403_label1.mp3,1
conv_11613_label0.mp3,0
conv_06874_label1.mp3,1
conv_10792_label1.mp3,1
conv_08392_label0.mp3,0
conv_04240_label0.mp3,0
conv_04788_label1.mp3,1
conv_12885_label0.mp3,0
conv_11709_label1.mp3,1
conv_12194_label1.mp3,1
conv_04665_label0.mp3,0
conv_16758_label1.mp3,1
conv_01285_label1.mp3,1
conv_13654_label1.mp3,1
conv_13731_label1.mp3,1
conv_05218_label1.mp3,1
conv_01266_label1.mp3,1
conv_13304_label1.mp3,1
conv_01323_label0.mp3,0
conv_09505_label0.mp3,0
conv_17596_label1.mp3,1
conv_14416_label0.mp3,0
conv_04535_label1.mp3,1
conv_18095_label1.mp3,1
conv_07371_label0.mp3,0
conv_11863_label1.mp3,1
conv_02582_label1.mp3,1
conv_12956_label0.mp3,0
conv_00460_label1.mp3,1
conv_15365_label0.mp3,0
conv_00606_label0.mp3,0
conv_00417_label1.mp3,1
conv_00749_label0.mp3,0
conv_07651_label0.mp3,0
conv_20157_label1.mp3,1
conv_03819_label1.mp3,1
conv_08986_label0.mp3,0
conv_06780_label1.mp3,1
conv_16197_label1.mp3,1
conv_11354_label0.mp3,0
conv_16314_label1.mp3,1
conv_19991_label1.mp3,1
conv_11716_label1.mp3,1
conv_05501_label0.mp3,0
conv_17142_label0.mp3,0
conv_04210_label0.mp3,0
conv_08493_label1.mp3,1
conv_08790_label1.mp3,1
conv_10495_label1.mp3,1
conv_00553_label0.mp3,0
conv_15094_label1.mp3,1
conv_01691_label0.mp3,0
conv_21130_label0.mp3,0
conv_18643_label0.mp3,0
conv_03680_label1.mp3,1
conv_15115_label1.mp3,1
conv_10988_label0.mp3,0
conv_04747_label0.mp3,0
conv_06452_label1.mp3,1
conv_04553_label1.mp3,1
conv_15176_label1.mp3,1
conv_19580_label0.mp3,0
conv_04484_label1.mp3,1
conv_05590_label0.mp3,0
conv_05160_label1.mp3,1
conv_14894_label1.mp3,1
conv_17513_label0.mp3,0
conv_11495_label0.mp3,0
conv_04164_label1.mp3,1
conv_12836_label0.mp3,0
conv_20917_label1.mp3,1
conv_16486_label1.mp3,1
conv_19373_label1.mp3,1
conv_06377_label1.mp3,1
conv_10392_label1.mp3,1
conv_05230_label1.mp3,1
conv_00039_label1.mp3,1
conv_00384_label0.mp3,0
conv_17657_label1.mp3,1
conv_00569_label1.mp3,1
conv_08858_label1.mp3,1
conv_11584_label0.mp3,0
conv_17007_label1.mp3,1
conv_03496_label0.mp3,0
conv_02217_label1.mp3,1
conv_08418_label1.mp3,1
conv_17546_label1.mp3,1
conv_12409_label0.mp3,0
conv_03916_label0.mp3,0
conv_10394_label0.mp3,0
conv_14036_label1.mp3,1
conv_12088_label0.mp3,0
conv_02459_label1.mp3,1
conv_16576_label1.mp3,1
conv_12868_label1.mp3,1
conv_13810_label1.mp3,1
conv_05892_label1.mp3,1
conv_02439_label1.mp3,1
conv_18715_label1.mp3,1
conv_12968_label0.mp3,0
conv_19071_label0.mp3,0
conv_19776_label1.mp3,1
conv_18204_label0.mp3,0
conv_21224_label0.mp3,0
conv_12444_label1.mp3,1
conv_02899_label0.mp3,0
conv_17958_label1.mp3,1
conv_19486_label1.mp3,1
conv_06414_label0.mp3,0
conv_13639_label1.mp3,1
conv_18567_label1.mp3,1
conv_17516_label0.mp3,0
conv_00636_label1.mp3,1
conv_14182_label0.mp3,0
conv_20313_label0.mp3,0
conv_16424_label0.mp3,0
conv_18735_label0.mp3,0
conv_17280_label1.mp3,1
conv_17975_label1.mp3,1
conv_20118_label0.mp3,0
conv_04359_label1.mp3,1
conv_16798_label0.mp3,0
conv_07764_label0.mp3,0
conv_02385_label1.mp3,1
conv_19751_label0.mp3,0
conv_00530_label0.mp3,0
conv_05124_label1.mp3,1
conv_05400_label1.mp3,1
conv_05902_label0.mp3,0
conv_13522_label1.mp3,1
conv_19498_label0.mp3,0
conv_06706_label0.mp3,0
conv_10336_label1.mp3,1
conv_17081_label0.mp3,0
conv_14902_label1.mp3,1
conv_19131_label0.mp3,0
conv_13163_label1.mp3,1
conv_07515_label0.mp3,0
conv_18589_label0.mp3,0
conv_09235_label0.mp3,0
conv_08434_label1.mp3,1
conv_12077_label0.mp3,0
conv_13700_label1.mp3,1
conv_01218_label1.mp3,1
conv_09876_label0.mp3,0
conv_10224_label1.mp3,1
conv_00961_label0.mp3,0
conv_03521_label0.mp3,0
conv_00201_label0.mp3,0
conv_02180_label1.mp3,1
conv_09925_label0.mp3,0
conv_11149_label0.mp3,0
conv_10399_label0.mp3,0
conv_18316_label0.mp3,0
conv_06221_label1.mp3,1
conv_08710_label0.mp3,0
conv_20613_label0.mp3,0
conv_01957_label1.mp3,1
conv_11803_label0.mp3,0
conv_08054_label1.mp3,1
conv_09702_label0.mp3,0
conv_11856_label1.mp3,1
conv_02565_label0.mp3,0
conv_05271_label0.mp3,0
conv_11723_label1.mp3,1
conv_13419_label1.mp3,1
conv_07073_label0.mp3,0
conv_19172_label1.mp3,1
conv_10921_label1.mp3,1
conv_13330_label1.mp3,1
conv_01705_label1.mp3,1
conv_11276_label1.mp3,1
conv_07578_label1.mp3,1
conv_12354_label1.mp3,1
conv_09875_label1.mp3,1
conv_13819_label0.mp3,0
conv_03054_label0.mp3,0
conv_03045_label0.mp3,0
conv_12031_label0.mp3,0
conv_18435_label0.mp3,0
conv_20826_label0.mp3,0
conv_00732_label1.mp3,1
conv_17805_label1.mp3,1
conv_10236_label0.mp3,0
conv_15953_label1.mp3,1
conv_15290_label1.mp3,1
conv_18379_label0.mp3,0
conv_11009_label1.mp3,1
conv_12342_label1.mp3,1
conv_05430_label1.mp3,1
conv_05562_label1.mp3,1
conv_14920_label0.mp3,0
conv_19448_label1.mp3,1
conv_05244_label0.mp3,0
conv_06217_label1.mp3,1
conv_02718_label0.mp3,0
conv_12259_label1.mp3,1
conv_11861_label0.mp3,0
conv_10698_label1.mp3,1
conv_16450_label1.mp3,1
conv_00538_label1.mp3,1
conv_15309_label1.mp3,1
conv_18374_label1.mp3,1
conv_19550_label0.mp3,0
conv_02286_label1.mp3,1
conv_15773_label0.mp3,0
conv_12787_label0.mp3,0
conv_11011_label0.mp3,0
conv_19415_label0.mp3,0
conv_07123_label0.mp3,0
conv_03215_label1.mp3,1
conv_18029_label1.mp3,1
conv_08645_label0.mp3,0
conv_04787_label0.mp3,0
conv_15664_label0.mp3,0
conv_19153_label0.mp3,0
conv_19012_label0.mp3,0
conv_05667_label0.mp3,0
conv_14749_label0.mp3,0
conv_04822_label0.mp3,0
conv_03441_label1.mp3,1
conv_09604_label1.mp3,1
conv_06575_label1.mp3,1
conv_10555_label1.mp3,1
conv_17654_label1.mp3,1
conv_20124_label0.mp3,0
conv_17835_label1.mp3,1
conv_04342_label1.mp3,1
conv_00346_label1.mp3,1
conv_19979_label1.mp3,1
conv_08753_label0.mp3,0
conv_01942_label0.mp3,0
conv_00436_label1.mp3,1
conv_01772_label1.mp3,1
conv_08652_label1.mp3,1
conv_09005_label0.mp3,0
conv_20375_label0.mp3,0
conv_01396_label0.mp3,0
conv_15492_label0.mp3,0
conv_03159_label0.mp3,0
conv_07918_label1.mp3,1
conv_03036_label1.mp3,1
conv_00651_label0.mp3,0
conv_18354_label1.mp3,1
conv_19507_label0.mp3,0
conv_05808_label1.mp3,1
conv_00886_label1.mp3,1
conv_01384_label1.mp3,1
conv_12316_label0.mp3,0
conv_06255_label1.mp3,1
conv_07884_label1.mp3,1
conv_03137_label1.mp3,1
conv_00624_label0.mp3,0
conv_09870_label0.mp3,0
conv_17379_label0.mp3,0
conv_10833_label0.mp3,0
conv_17746_label1.mp3,1
conv_03342_label1.mp3,1
conv_09138_label0.mp3,0
conv_16628_label1.mp3,1
conv_01425_label0.mp3,0
conv_10785_label1.mp3,1
conv_14833_label1.mp3,1
conv_19590_label1.mp3,1
conv_10128_label0.mp3,0
conv_16571_label0.mp3,0
conv_12370_label1.mp3,1
conv_09496_label1.mp3,1
conv_19609_label0.mp3,0
conv_03746_label0.mp3,0
conv_17574_label0.mp3,0
conv_08951_label1.mp3,1
conv_19319_label1.mp3,1
conv_17265_label0.mp3,0
conv_13793_label1.mp3,1
conv_02001_label1.mp3,1
conv_06514_label0.mp3,0
conv_20726_label1.mp3,1
conv_07368_label1.mp3,1
conv_02469_label0.mp3,0
conv_17012_label0.mp3,0
conv_14385_label1.mp3,1
conv_08326_label0.mp3,0
conv_08195_label0.mp3,0
conv_15806_label0.mp3,0
conv_15517_label0.mp3,0
conv_05812_label1.mp3,1
conv_11516_label1.mp3,1
conv_05598_label0.mp3,0
conv_10309_label0.mp3,0
conv_10507_label1.mp3,1
conv_18924_label0.mp3,0
conv_04439_label0.mp3,0
conv_08140_label1.mp3,1
conv_02430_label0.mp3,0
conv_02250_label1.mp3,1
conv_16730_label0.mp3,0
conv_13579_label1.mp3,1
conv_02003_label0.mp3,0
conv_00585_label1.mp3,1
conv_18844_label0.mp3,0
conv_13763_label0.mp3,0
conv_12087_label0.mp3,0
conv_20105_label0.mp3,0
conv_10435_label1.mp3,1
conv_18964_label0.mp3,0
conv_06972_label1.mp3,1
conv_17711_label1.mp3,1
conv_09021_label1.mp3,1
conv_12499_label1.mp3,1
conv_02050_label1.mp3,1
conv_01346_label0.mp3,0
conv_10198_label1.mp3,1
conv_14923_label1.mp3,1
conv_10637_label0.mp3,0
conv_02839_label0.mp3,0
conv_13733_label1.mp3,1
conv_02889_label1.mp3,1
conv_08217_label0.mp3,0
conv_00457_label0.mp3,0
conv_08402_label1.mp3,1
conv_12455_label0.mp3,0
conv_12728_label0.mp3,0
conv_11583_label0.mp3,0
conv_03114_label0.mp3,0
conv_04404_label1.mp3,1
conv_15638_label0.mp3,0
conv_19620_label0.mp3,0
conv_04036_label0.mp3,0
conv_13986_label1.mp3,1
conv_06264_label0.mp3,0
conv_07624_label0.mp3,0
conv_04100_label0.mp3,0
conv_10687_label1.mp3,1
conv_05799_label0.mp3,0
conv_02657_label0.mp3,0
conv_02975_label0.mp3,0
conv_03328_label1.mp3,1
conv_11487_label0.mp3,0
conv_12605_label0.mp3,0
conv_06481_label1.mp3,1
conv_07990_label1.mp3,1
conv_06240_label1.mp3,1
conv_19689_label0.mp3,0
conv_17094_label1.mp3,1
conv_17798_label1.mp3,1
conv_18811_label0.mp3,0
conv_01209_label0.mp3,0
conv_12905_label1.mp3,1
conv_05483_label1.mp3,1
conv_17488_label0.mp3,0
conv_16775_label1.mp3,1
conv_03338_label0.mp3,0
conv_02925_label1.mp3,1
conv_13069_label0.mp3,0
conv_09660_label1.mp3,1
conv_09376_label1.mp3,1
conv_16737_label1.mp3,1
conv_04436_label0.mp3,0
conv_02796_label1.mp3,1
conv_04192_label0.mp3,0
conv_03063_label0.mp3,0
conv_09396_label1.mp3,1
conv_12486_label0.mp3,0
conv_15831_label0.mp3,0
conv_11678_label0.mp3,0
conv_15597_label0.mp3,0
conv_08460_label0.mp3,0
conv_09559_label1.mp3,1
conv_08188_label1.mp3,1
conv_15114_label0.mp3,0
conv_18826_label0.mp3,0
conv_01910_label0.mp3,0
conv_06846_label1.mp3,1
conv_04970_label0.mp3,0
conv_19645_label0.mp3,0
conv_16663_label1.mp3,1
conv_01192_label0.mp3,0
conv_03326_label1.mp3,1
conv_09857_label1.mp3,1
conv_18004_label0.mp3,0
conv_18138_label1.mp3,1
conv_11932_label1.mp3,1
conv_02684_label1.mp3,1
conv_00623_label0.mp3,0
conv_04197_label0.mp3,0
conv_16700_label0.mp3,0
conv_13778_label0.mp3,0
conv_13432_label0.mp3,0
conv_16514_label1.mp3,1
conv_20326_label1.mp3,1
conv_05732_label0.mp3,0
conv_02723_label0.mp3,0
conv_18027_label0.mp3,0
conv_15493_label0.mp3,0
conv_00971_label1.mp3,1
conv_08794_label0.mp3,0
conv_14391_label1.mp3,1
conv_08711_label0.mp3,0
conv_16036_label1.mp3,1
conv_02529_label1.mp3,1
conv_03491_label1.mp3,1
conv_09165_label0.mp3,0
conv_19701_label1.mp3,1
conv_13430_label1.mp3,1
conv_12348_label1.mp3,1
conv_01686_label1.mp3,1
conv_19336_label1.mp3,1
conv_18277_label1.mp3,1
conv_12832_label0.mp3,0
conv_03025_label0.mp3,0
conv_02560_label1.mp3,1
conv_15853_label1.mp3,1
conv_13626_label1.mp3,1
conv_06717_label0.mp3,0
conv_02982_label0.mp3,0
conv_08959_label1.mp3,1
conv_13989_label0.mp3,0
conv_00524_label0.mp3,0
conv_07267_label0.mp3,0
conv_16373_label0.mp3,0
conv_11409_label1.mp3,1
conv_13357_label1.mp3,1
conv_05031_label0.mp3,0
conv_14606_label1.mp3,1
conv_12983_label1.mp3,1
conv_15171_label0.mp3,0
conv_19533_label0.mp3,0
conv_13660_label0.mp3,0
conv_12648_label0.mp3,0
conv_07723_label1.mp3,1
conv_06891_label0.mp3,0
conv_03985_label1.mp3,1
conv_15137_label1.mp3,1
conv_06778_label1.mp3,1
conv_06612_label0.mp3,0
conv_09059_label0.mp3,0
conv_06665_label1.mp3,1
conv_00210_label0.mp3,0
conv_10460_label0.mp3,0
conv_08109_label1.mp3,1
conv_00168_label0.mp3,0
conv_11839_label1.mp3,1
conv_10941_label0.mp3,0
conv_19208_label1.mp3,1
conv_05415_label0.mp3,0
conv_05927_label0.mp3,0
conv_17000_label1.mp3,1
conv_14024_label0.mp3,0
conv_19281_label1.mp3,1
conv_06420_label1.mp3,1
conv_06154_label0.mp3,0
conv_14707_label0.mp3,0
conv_06010_label1.mp3,1
conv_00686_label1.mp3,1
conv_05619_label1.mp3,1
conv_16117_label0.mp3,0
conv_20346_label0.mp3,0
conv_14223_label0.mp3,0
conv_01770_label0.mp3,0
conv_03803_label0.mp3,0
conv_13064_label0.mp3,0
conv_03555_label1.mp3,1
conv_11076_label1.mp3,1
conv_19954_label1.mp3,1
conv_19050_label1.mp3,1
conv_14574_label1.mp3,1
conv_20149_label0.mp3,0
conv_13282_label1.mp3,1
conv_12562_label1.mp3,1
conv_12132_label1.mp3,1
conv_02455_label1.mp3,1
conv_03682_label1.mp3,1
conv_13612_label0.mp3,0
conv_10756_label1.mp3,1
conv_12578_label1.mp3,1
conv_06251_label1.mp3,1
conv_10873_label0.mp3,0
conv_18893_label1.mp3,1
conv_01124_label1.mp3,1
conv_20385_label1.mp3,1
conv_02100_label1.mp3,1
conv_09882_label0.mp3,0
conv_09194_label0.mp3,0
conv_18780_label1.mp3,1
conv_07425_label0.mp3,0
conv_18467_label0.mp3,0
conv_20643_label0.mp3,0
conv_06112_label0.mp3,0
conv_03732_label0.mp3,0
conv_10185_label1.mp3,1
conv_08875_label0.mp3,0
conv_20468_label1.mp3,1
conv_04763_label1.mp3,1
conv_11271_label1.mp3,1
conv_04968_label0.mp3,0
conv_15743_label1.mp3,1
conv_18935_label0.mp3,0
conv_13228_label0.mp3,0
conv_13735_label0.mp3,0
conv_13966_label0.mp3,0
conv_09537_label0.mp3,0
conv_15673_label1.mp3,1
conv_08924_label1.mp3,1
conv_04913_label0.mp3,0
conv_00189_label0.mp3,0
conv_19233_label0.mp3,0
conv_19764_label1.mp3,1
conv_12878_label0.mp3,0
conv_15271_label1.mp3,1
conv_13877_label1.mp3,1
conv_08523_label1.mp3,1
conv_09446_label1.mp3,1
conv_20704_label0.mp3,0
conv_10408_label0.mp3,0
conv_19683_label1.mp3,1
conv_19411_label1.mp3,1
conv_12750_label0.mp3,0
conv_02188_label1.mp3,1
conv_13686_label1.mp3,1
conv_11568_label1.mp3,1
conv_10375_label1.mp3,1
conv_02460_label1.mp3,1
conv_02131_label0.mp3,0
conv_07143_label1.mp3,1
conv_04024_label1.mp3,1
conv_19005_label0.mp3,0
conv_05959_label1.mp3,1
conv_01862_label1.mp3,1
conv_20633_label1.mp3,1
conv_15887_label0.mp3,0
conv_12284_label0.mp3,0
conv_16777_label1.mp3,1
conv_05232_label1.mp3,1
conv_13508_label0.mp3,0
conv_05694_label1.mp3,1
conv_02249_label0.mp3,0
conv_06923_label1.mp3,1
conv_05041_label1.mp3,1
conv_13873_label0.mp3,0
conv_17512_label0.mp3,0
conv_09018_label1.mp3,1
conv_12106_label0.mp3,0
conv_00705_label0.mp3,0
conv_17811_label0.mp3,0
conv_14206_label0.mp3,0
conv_20744_label1.mp3,1
conv_08816_label1.mp3,1
conv_14451_label0.mp3,0
conv_21137_label0.mp3,0
conv_14975_label1.mp3,1
conv_15613_label1.mp3,1
conv_15296_label0.mp3,0
conv_10737_label0.mp3,0
conv_00083_label0.mp3,0
conv_19450_label0.mp3,0
conv_18359_label0.mp3,0
conv_17832_label0.mp3,0
conv_05862_label0.mp3,0
conv_08292_label1.mp3,1
conv_16821_label1.mp3,1
conv_10471_label1.mp3,1
conv_18284_label0.mp3,0
conv_15486_label0.mp3,0
conv_04409_label1.mp3,1
conv_15093_label0.mp3,0
conv_02065_label1.mp3,1
conv_01395_label0.mp3,0
conv_10323_label0.mp3,0
conv_09796_label0.mp3,0
conv_17677_label0.mp3,0
conv_17571_label1.mp3,1
conv_13307_label0.mp3,0
conv_09370_label1.mp3,1
conv_19246_label1.mp3,1
conv_14007_label0.mp3,0
conv_13614_label1.mp3,1
conv_02604_label0.mp3,0
conv_11027_label1.mp3,1
conv_18820_label1.mp3,1
conv_18559_label0.mp3,0
conv_14343_label0.mp3,0
conv_00133_label1.mp3,1
conv_16340_label1.mp3,1
conv_04172_label1.mp3,1
conv_03035_label1.mp3,1
conv_03172_label1.mp3,1
conv_08005_label0.mp3,0
conv_13400_label1.mp3,1
conv_05345_label1.mp3,1
conv_16884_label0.mp3,0
conv_03365_label1.mp3,1
conv_08626_label1.mp3,1
conv_16382_label0.mp3,0
conv_09486_label0.mp3,0
conv_16870_label0.mp3,0
conv_03604_label0.mp3,0
conv_06079_label0.mp3,0
conv_20096_label0.mp3,0
conv_17470_label0.mp3,0
conv_06551_label0.mp3,0
conv_02361_label1.mp3,1
conv_19263_label0.mp3,0
conv_11307_label1.mp3,1
conv_14628_label1.mp3,1
conv_02366_label1.mp3,1
conv_04582_label0.mp3,0
conv_02991_label1.mp3,1
conv_05176_label1.mp3,1
conv_14719_label1.mp3,1
conv_07981_label0.mp3,0
conv_12709_label0.mp3,0
conv_09432_label0.mp3,0
conv_03629_label0.mp3,0
conv_03559_label0.mp3,0
conv_00798_label1.mp3,1
conv_14271_label0.mp3,0
conv_17156_label1.mp3,1
conv_07220_label0.mp3,0
conv_20389_label0.mp3,0
conv_01055_label0.mp3,0
conv_16783_label0.mp3,0
conv_01430_label0.mp3,0
conv_15747_label0.mp3,0
conv_05746_label1.mp3,1
conv_14710_label0.mp3,0
conv_04800_label1.mp3,1
conv_00930_label0.mp3,0
conv_18507_label0.mp3,0
conv_13768_label1.mp3,1
conv_10693_label1.mp3,1
conv_06570_label1.mp3,1
conv_14026_label1.mp3,1
conv_14796_label1.mp3,1
conv_11652_label0.mp3,0
conv_04845_label0.mp3,0
conv_10231_label0.mp3,0
conv_05689_label1.mp3,1
conv_14879_label0.mp3,0
conv_01098_label1.mp3,1
conv_16841_label1.mp3,1
conv_16016_label0.mp3,0
conv_19174_label1.mp3,1
conv_13463_label1.mp3,1
conv_03475_label0.mp3,0
conv_18314_label1.mp3,1
conv_02675_label0.mp3,0
conv_07142_label0.mp3,0
conv_01502_label0.mp3,0
conv_06511_label0.mp3,0
conv_14263_label0.mp3,0
conv_03387_label1.mp3,1
conv_12223_label1.mp3,1
conv_21150_label0.mp3,0
conv_17809_label0.mp3,0
conv_18895_label0.mp3,0
conv_18693_label1.mp3,1
conv_10851_label0.mp3,0
conv_09099_label1.mp3,1
conv_12852_label1.mp3,1
conv_10016_label0.mp3,0
conv_19148_label1.mp3,1
conv_05006_label0.mp3,0
conv_01605_label0.mp3,0
conv_10617_label1.mp3,1
conv_16685_label1.mp3,1
conv_00450_label1.mp3,1
conv_00967_label0.mp3,0
conv_18850_label0.mp3,0
conv_09562_label1.mp3,1
conv_09692_label0.mp3,0
conv_10369_label1.mp3,1
conv_03897_label0.mp3,0
conv_00341_label0.mp3,0
conv_00647_label0.mp3,0
conv_13980_label0.mp3,0
conv_15820_label0.mp3,0
conv_14613_label1.mp3,1
conv_20834_label1.mp3,1
conv_20585_label0.mp3,0
conv_12391_label1.mp3,1
conv_01345_label0.mp3,0
conv_15679_label1.mp3,1
conv_03404_label0.mp3,0
conv_08115_label1.mp3,1
conv_13308_label0.mp3,0
conv_19863_label0.mp3,0
conv_09986_label1.mp3,1
conv_02096_label0.mp3,0
conv_18864_label1.mp3,1
conv_05020_label0.mp3,0
conv_00170_label1.mp3,1
conv_15387_label0.mp3,0
conv_17450_label1.mp3,1
conv_00178_label1.mp3,1
conv_20405_label0.mp3,0
conv_00993_label1.mp3,1
conv_10800_label1.mp3,1
conv_01140_label0.mp3,0
conv_19154_label0.mp3,0
conv_02912_label1.mp3,1
conv_05065_label0.mp3,0
conv_11596_label1.mp3,1
conv_10021_label1.mp3,1
conv_17619_label1.mp3,1
conv_00239_label1.mp3,1
conv_18451_label1.mp3,1
conv_11427_label1.mp3,1
conv_18981_label1.mp3,1
conv_08074_label0.mp3,0
conv_20238_label1.mp3,1
conv_05751_label0.mp3,0
conv_16580_label0.mp3,0
conv_17749_label0.mp3,0
conv_01819_label0.mp3,0
conv_11644_label0.mp3,0
conv_15356_label1.mp3,1
conv_08256_label1.mp3,1
conv_04608_label0.mp3,0
conv_19502_label0.mp3,0
conv_12065_label1.mp3,1
conv_20757_label1.mp3,1
conv_15253_label0.mp3,0
conv_05903_label1.mp3,1
conv_04190_label1.mp3,1
conv_14835_label1.mp3,1
conv_05950_label1.mp3,1
conv_02454_label1.mp3,1
conv_21313_label1.mp3,1
conv_21250_label1.mp3,1
conv_11573_label1.mp3,1
conv_04871_label1.mp3,1
conv_03466_label0.mp3,0
conv_18577_label0.mp3,0
conv_04836_label0.mp3,0
conv_09016_label0.mp3,0
conv_13179_label1.mp3,1
conv_10482_label0.mp3,0
conv_18910_label0.mp3,0
conv_05401_label1.mp3,1
conv_01125_label1.mp3,1
conv_10335_label0.mp3,0
conv_04963_label0.mp3,0
conv_03064_label1.mp3,1
conv_04124_label0.mp3,0
conv_18790_label0.mp3,0
conv_19797_label1.mp3,1
conv_14577_label1.mp3,1
conv_16832_label0.mp3,0
conv_02307_label0.mp3,0
conv_08258_label0.mp3,0
conv_07650_label1.mp3,1
conv_18699_label1.mp3,1
conv_16648_label1.mp3,1
conv_09623_label1.mp3,1
conv_15736_label1.mp3,1
conv_17222_label1.mp3,1
conv_16062_label0.mp3,0
conv_17610_label0.mp3,0
conv_17072_label0.mp3,0
conv_04488_label1.mp3,1
conv_02856_label1.mp3,1
conv_07324_label1.mp3,1
conv_11389_label0.mp3,0
conv_06777_label0.mp3,0
conv_12747_label0.mp3,0
conv_18437_label1.mp3,1
conv_08947_label0.mp3,0
conv_01489_label1.mp3,1
conv_17049_label0.mp3,0
conv_16470_label0.mp3,0
conv_00217_label1.mp3,1
conv_06757_label0.mp3,0
conv_09253_label0.mp3,0
conv_03127_label1.mp3,1
conv_09597_label0.mp3,0
conv_20640_label1.mp3,1
conv_03095_label1.mp3,1
conv_21199_label1.mp3,1
conv_10317_label0.mp3,0
conv_03588_label0.mp3,0
conv_17881_label1.mp3,1
conv_08245_label0.mp3,0
conv_14555_label0.mp3,0
conv_14685_label0.mp3,0
conv_06724_label0.mp3,0
conv_01314_label1.mp3,1
conv_01988_label1.mp3,1
conv_07739_label1.mp3,1
conv_13994_label0.mp3,0
conv_02431_label1.mp3,1
conv_03362_label0.mp3,0
conv_10054_label1.mp3,1
conv_17830_label1.mp3,1
conv_16101_label0.mp3,0
conv_05876_label0.mp3,0
conv_01815_label0.mp3,0
conv_13211_label1.mp3,1
conv_19595_label0.mp3,0
conv_17228_label0.mp3,0
conv_12046_label0.mp3,0
conv_17626_label0.mp3,0
conv_18100_label1.mp3,1
conv_11334_label1.mp3,1
conv_11792_label1.mp3,1
conv_00047_label1.mp3,1
conv_20680_label1.mp3,1
conv_17667_label1.mp3,1
conv_16740_label1.mp3,1
conv_06758_label0.mp3,0
conv_00180_label1.mp3,1
conv_05537_label1.mp3,1
conv_16581_label1.mp3,1
conv_14922_label0.mp3,0
conv_15825_label1.mp3,1
conv_08211_label0.mp3,0
conv_06130_label1.mp3,1
conv_04211_label0.mp3,0
conv_17184_label0.mp3,0
conv_11853_label1.mp3,1
conv_15602_label1.mp3,1
conv_10897_label1.mp3,1
conv_17527_label0.mp3,0
conv_01157_label1.mp3,1
conv_15118_label0.mp3,0
conv_08181_label1.mp3,1
conv_12908_label1.mp3,1
conv_01959_label1.mp3,1
conv_01028_label1.mp3,1
conv_03818_label0.mp3,0
conv_16005_label1.mp3,1
conv_07077_label1.mp3,1
conv_12696_label0.mp3,0
conv_07521_label1.mp3,1
conv_15549_label0.mp3,0
conv_07713_label0.mp3,0
conv_05173_label0.mp3,0
conv_11403_label0.mp3,0
conv_14974_label0.mp3,0
conv_15776_label1.mp3,1
conv_01734_label0.mp3,0
conv_08749_label0.mp3,0
conv_08577_label0.mp3,0
conv_05970_label0.mp3,0
conv_13962_label1.mp3,1
conv_08773_label1.mp3,1
conv_00359_label1.mp3,1
conv_15803_label1.mp3,1
conv_15065_label0.mp3,0
conv_20404_label1.mp3,1
conv_15381_label0.mp3,0
conv_11719_label1.mp3,1
conv_15410_label1.mp3,1
conv_03572_label0.mp3,0
conv_19720_label1.mp3,1
conv_14748_label0.mp3,0
conv_10543_label1.mp3,1
conv_00795_label0.mp3,0
conv_21084_label1.mp3,1
conv_06951_label0.mp3,0
conv_02120_label0.mp3,0
conv_15476_label1.mp3,1
conv_20736_label0.mp3,0
conv_12129_label1.mp3,1
conv_18751_label1.mp3,1
conv_11482_label0.mp3,0
conv_13520_label0.mp3,0
conv_01148_label0.mp3,0
conv_11100_label1.mp3,1
conv_00245_label1.mp3,1
conv_03799_label1.mp3,1
conv_13367_label0.mp3,0
conv_10124_label0.mp3,0
conv_20255_label1.mp3,1
conv_11289_label0.mp3,0
conv_20492_label1.mp3,1
conv_04280_label0.mp3,0
conv_03860_label0.mp3,0
conv_13365_label0.mp3,0
conv_00843_label0.mp3,0
conv_15731_label1.mp3,1
conv_14477_label1.mp3,1
conv_01020_label1.mp3,1
conv_18113_label1.mp3,1
conv_04328_label0.mp3,0
conv_14221_label0.mp3,0
conv_00978_label1.mp3,1
conv_10136_label0.mp3,0
conv_00494_label0.mp3,0
conv_00071_label1.mp3,1
conv_03676_label0.mp3,0
conv_08484_label1.mp3,1
conv_12403_label0.mp3,0
conv_02296_label0.mp3,0
conv_01952_label1.mp3,1
conv_11114_label0.mp3,0
conv_12469_label0.mp3,0
conv_07174_label1.mp3,1
conv_06241_label0.mp3,0
conv_01513_label1.mp3,1
conv_10979_label1.mp3,1
conv_16654_label0.mp3,0
conv_09153_label0.mp3,0
conv_14821_label1.mp3,1
conv_09087_label0.mp3,0
conv_03973_label0.mp3,0
conv_03165_label0.mp3,0
conv_19947_label0.mp3,0
conv_19949_label1.mp3,1
conv_11129_label0.mp3,0
conv_15499_label1.mp3,1
conv_00751_label0.mp3,0
conv_08575_label0.mp3,0
conv_17456_label1.mp3,1
conv_12741_label1.mp3,1
conv_04503_label0.mp3,0
conv_08673_label1.mp3,1
conv_15647_label0.mp3,0
conv_09735_label0.mp3,0
conv_21088_label1.mp3,1
conv_08265_label0.mp3,0
conv_08183_label1.mp3,1
conv_15419_label1.mp3,1
conv_05488_label1.mp3,1
conv_07342_label0.mp3,0
conv_16860_label0.mp3,0
conv_00756_label1.mp3,1
conv_06033_label1.mp3,1
conv_13535_label1.mp3,1
conv_12673_label1.mp3,1
conv_03369_label1.mp3,1
conv_12039_label0.mp3,0
conv_17223_label1.mp3,1
conv_14966_label0.mp3,0
conv_15938_label1.mp3,1
conv_03617_label0.mp3,0
conv_13912_label1.mp3,1
conv_16626_label0.mp3,0
conv_09407_label1.mp3,1
conv_13025_label1.mp3,1
conv_15184_label0.mp3,0
conv_13771_label0.mp3,0
conv_03357_label0.mp3,0
conv_19597_label0.mp3,0
conv_03589_label1.mp3,1
conv_08804_label1.mp3,1
conv_18484_label0.mp3,0
conv_04251_label0.mp3,0
conv_12616_label0.mp3,0
conv_12017_label1.mp3,1
conv_17037_label0.mp3,0
conv_17412_label0.mp3,0
conv_02482_label0.mp3,0
conv_18940_label1.mp3,1
conv_15497_label1.mp3,1
conv_15168_label1.mp3,1
conv_09624_label1.mp3,1
conv_13718_label0.mp3,0
conv_13153_label0.mp3,0
conv_17045_label1.mp3,1
conv_03785_label0.mp3,0
conv_16897_label0.mp3,0
conv_15868_label0.mp3,0
conv_01759_label1.mp3,1
conv_05519_label1.mp3,1
conv_13473_label0.mp3,0
conv_05923_label1.mp3,1
conv_07030_label1.mp3,1
conv_06443_label1.mp3,1
conv_13679_label1.mp3,1
conv_14217_label0.mp3,0
conv_18550_label1.mp3,1
conv_12014_label1.mp3,1
conv_15960_label1.mp3,1
conv_07093_label0.mp3,0
conv_08741_label0.mp3,0
conv_13886_label0.mp3,0
conv_15842_label1.mp3,1
conv_16052_label1.mp3,1
conv_10768_label1.mp3,1
conv_17468_label1.mp3,1
